2025-09-22 13:37:30 [INFO]: 🚀 Initializing AI Modernization Assistant... 
2025-09-22 13:37:30 [INFO]: 🤖 AI Client initialized {
  "provider": "gemini",
  "mockMode": false,
  "hasApiKey": true
}
2025-09-22 13:37:30 [INFO]: ✅ AI system initialized successfully 
2025-09-22 13:37:30 [INFO]: 🌟 AI Modernization Assistant server running on port 3001 
2025-09-22 13:37:31 [INFO]: 📁 Upload directory: D:\hackflash2\404-KILLERS\engine\uploads 
2025-09-22 13:37:31 [INFO]: 🔧 Environment: development 
2025-09-22 13:37:31 [INFO]: 🤖 AI Provider: gemini 
2025-09-22 13:37:31 [INFO]: 🔑 API Key configured: true 
2025-09-22 13:57:22 [INFO]: 🚀 Initializing AI Modernization Assistant... 
2025-09-22 13:57:22 [INFO]: 🤖 AI Client initialized {
  "provider": "gemini",
  "mockMode": false,
  "hasApiKey": true
}
2025-09-22 13:57:22 [INFO]: ✅ AI system initialized successfully 
2025-09-22 13:57:22 [INFO]: 🌟 AI Modernization Assistant server running on port 3001 
2025-09-22 13:57:22 [INFO]: 📁 Upload directory: D:\hackflash2\404-KILLERS\engine\uploads 
2025-09-22 13:57:22 [INFO]: 🔧 Environment: development 
2025-09-22 13:57:22 [INFO]: 🤖 AI Provider: gemini 
2025-09-22 13:57:22 [INFO]: 🔑 API Key configured: true 
2025-09-22 14:11:45 [INFO]: 📁 File upload received: CLAIMS.DAT (340 bytes) 
2025-09-22 14:11:45 [INFO]: Job 8ad259fa-c204-440e-a115-8737418bf70a: Starting file analysis... 
2025-09-22 14:11:45 [INFO]: 📄 Starting file chunking {
  "filePath": "file-1758530505792-311022671.DAT",
  "maxChunkSize": 4000,
  "overlap": 200,
  "strategy": "auto"
}
2025-09-22 14:11:45 [INFO]: Job 8ad259fa-c204-440e-a115-8737418bf70a: File split into 1 chunks 
2025-09-22 14:11:45 [INFO]: Job 8ad259fa-c204-440e-a115-8737418bf70a: Starting modernization pipeline... 
2025-09-22 14:11:46 [INFO]: 🔧 Workflow step: workflow_started {
  "workflowId": "workflow_1758530506007_cdvmkd629",
  "workflowType": "full_modernization",
  "input": "object"
}
2025-09-22 14:11:46 [INFO]: 🔧 Workflow step: parse_step {
  "workflowId": "workflow_1758530506007_cdvmkd629"
}
2025-09-22 14:11:46 [INFO]: 🚀 Starting ParserAgent {
  "agent": "ParserAgent",
  "inputSize": 909
}
2025-09-22 14:11:46 [ERROR]: ❌ Vector search failed {
  "error": "Query vector must be array of length 1536"
}
2025-09-22 14:11:46 [ERROR]: ❌ Failed to get relevant context {
  "conversationId": "8ad259fa-c204-440e-a115-8737418bf70a",
  "error": "Query vector must be array of length 1536"
}
2025-09-22 14:11:46 [ERROR]: Failed to get relevant context {
  "agent": "ParserAgent",
  "error": "Query vector must be array of length 1536"
}
2025-09-22 14:11:46 [INFO]: 🤖 Generating AI content {
  "provider": "gemini",
  "mockMode": false,
  "promptLength": 548,
  "temperature": 0.3,
  "maxTokens": 4000
}
2025-09-22 14:11:50 [ERROR]: ❌ AI generation failed {
  "error": "Request failed with status code 404"
}
2025-09-22 14:11:50 [WARN]: 🔄 Falling back to mock response due to API failure 
2025-09-22 14:11:51 [INFO]: 🎭 Generating mock response {
  "promptType": "parser",
  "promptLength": 548
}
2025-09-22 14:11:51 [ERROR]: ❌ Vector storage failed {
  "id": "SAMPLE_PROGRAM",
  "error": "Vector must be array of length 1536"
}
2025-09-22 14:11:51 [ERROR]: ❌ Failed to store COBOL entity {
  "entityId": "SAMPLE_PROGRAM",
  "entityType": "program",
  "error": "Vector must be array of length 1536"
}
2025-09-22 14:11:51 [ERROR]: ❌ Vector storage failed {
  "id": "8ad259fa-c204-440e-a115-8737418bf70a:ParserAgent-1758530511602",
  "error": "Vector must be array of length 1536"
}
2025-09-22 14:11:51 [ERROR]: ❌ Failed to store conversation context {
  "conversationId": "8ad259fa-c204-440e-a115-8737418bf70a",
  "messageId": "ParserAgent-1758530511602",
  "error": "Vector must be array of length 1536"
}
2025-09-22 14:11:51 [ERROR]: Failed to store agent result {
  "agent": "ParserAgent",
  "error": "Vector must be array of length 1536"
}
2025-09-22 14:11:51 [INFO]: ✅ ParserAgent completed successfully {
  "agent": "ParserAgent",
  "confidence": 0.95,
  "outputSize": 1211
}
2025-09-22 14:11:51 [INFO]: 🔧 Workflow step: modernize_step {
  "workflowId": "workflow_1758530506007_cdvmkd629"
}
2025-09-22 14:11:51 [INFO]: 🚀 Starting ModernizerAgent {
  "agent": "ModernizerAgent",
  "inputSize": 1683
}
2025-09-22 14:11:51 [ERROR]: ❌ Vector search failed {
  "error": "Query vector must be array of length 1536"
}
2025-09-22 14:11:51 [ERROR]: ❌ Failed to get relevant context {
  "conversationId": "8ad259fa-c204-440e-a115-8737418bf70a",
  "error": "Query vector must be array of length 1536"
}
2025-09-22 14:11:51 [ERROR]: Failed to get relevant context {
  "agent": "ModernizerAgent",
  "error": "Query vector must be array of length 1536"
}
2025-09-22 14:11:51 [INFO]: 🤖 Generating AI content {
  "provider": "gemini",
  "mockMode": false,
  "promptLength": 2568,
  "temperature": 0.4,
  "maxTokens": 6000
}
2025-09-22 14:11:52 [ERROR]: ❌ AI generation failed {
  "error": "Request failed with status code 404"
}
2025-09-22 14:11:52 [WARN]: 🔄 Falling back to mock response due to API failure 
2025-09-22 14:11:52 [INFO]: 🎭 Generating mock response {
  "promptType": "parser",
  "promptLength": 2568
}
2025-09-22 14:11:52 [ERROR]: ❌ Vector storage failed {
  "id": "SAMPLE_PROGRAM_modern_Java",
  "error": "Vector must be array of length 1536"
}
2025-09-22 14:11:52 [ERROR]: ❌ Failed to store COBOL entity {
  "entityId": "SAMPLE_PROGRAM_modern_Java",
  "entityType": "modernized_program",
  "error": "Vector must be array of length 1536"
}
2025-09-22 14:11:52 [ERROR]: ❌ Vector storage failed {
  "id": "8ad259fa-c204-440e-a115-8737418bf70a:ModernizerAgent-1758530512915",
  "error": "Vector must be array of length 1536"
}
2025-09-22 14:11:52 [ERROR]: ❌ Failed to store conversation context {
  "conversationId": "8ad259fa-c204-440e-a115-8737418bf70a",
  "messageId": "ModernizerAgent-1758530512915",
  "error": "Vector must be array of length 1536"
}
2025-09-22 14:11:52 [ERROR]: Failed to store agent result {
  "agent": "ModernizerAgent",
  "error": "Vector must be array of length 1536"
}
2025-09-22 14:11:52 [INFO]: ✅ ModernizerAgent completed successfully {
  "agent": "ModernizerAgent",
  "confidence": 0.95,
  "outputSize": 704
}
2025-09-22 14:11:52 [INFO]: 🔧 Workflow step: validate_step {
  "workflowId": "workflow_1758530506007_cdvmkd629"
}
2025-09-22 14:11:52 [INFO]: 🚀 Starting ValidatorAgent {
  "agent": "ValidatorAgent",
  "inputSize": 2005
}
2025-09-22 14:11:52 [ERROR]: ❌ Vector search failed {
  "error": "Query vector must be array of length 1536"
}
2025-09-22 14:11:52 [ERROR]: ❌ Failed to get relevant context {
  "conversationId": "8ad259fa-c204-440e-a115-8737418bf70a",
  "error": "Query vector must be array of length 1536"
}
2025-09-22 14:11:52 [ERROR]: Failed to get relevant context {
  "agent": "ValidatorAgent",
  "error": "Query vector must be array of length 1536"
}
2025-09-22 14:11:52 [INFO]: 🤖 Generating AI content {
  "provider": "gemini",
  "mockMode": false,
  "promptLength": 3549,
  "temperature": 0.2,
  "maxTokens": 5000
}
2025-09-22 14:11:53 [ERROR]: ❌ AI generation failed {
  "error": "Request failed with status code 404"
}
2025-09-22 14:11:53 [WARN]: 🔄 Falling back to mock response due to API failure 
2025-09-22 14:11:54 [INFO]: 🎭 Generating mock response {
  "promptType": "parser",
  "promptLength": 3549
}
2025-09-22 14:11:54 [ERROR]: ❌ Vector storage failed {
  "id": "SAMPLE_PROGRAM_validation_1758530514281",
  "error": "Vector must be array of length 1536"
}
2025-09-22 14:11:54 [ERROR]: ❌ Failed to store COBOL entity {
  "entityId": "SAMPLE_PROGRAM_validation_1758530514281",
  "entityType": "validation_result",
  "error": "Vector must be array of length 1536"
}
2025-09-22 14:11:54 [ERROR]: ❌ Vector storage failed {
  "id": "8ad259fa-c204-440e-a115-8737418bf70a:ValidatorAgent-1758530514285",
  "error": "Vector must be array of length 1536"
}
2025-09-22 14:11:54 [ERROR]: ❌ Failed to store conversation context {
  "conversationId": "8ad259fa-c204-440e-a115-8737418bf70a",
  "messageId": "ValidatorAgent-1758530514285",
  "error": "Vector must be array of length 1536"
}
2025-09-22 14:11:54 [ERROR]: Failed to store agent result {
  "agent": "ValidatorAgent",
  "error": "Vector must be array of length 1536"
}
2025-09-22 14:11:54 [INFO]: ✅ ValidatorAgent completed successfully {
  "agent": "ValidatorAgent",
  "confidence": 0.95,
  "outputSize": 906
}
2025-09-22 14:11:54 [INFO]: 🔧 Workflow step: explain_step {
  "workflowId": "workflow_1758530506007_cdvmkd629"
}
2025-09-22 14:11:54 [INFO]: 🚀 Starting ExplainerAgent {
  "agent": "ExplainerAgent",
  "inputSize": 2974
}
2025-09-22 14:11:54 [ERROR]: ❌ Vector search failed {
  "error": "Query vector must be array of length 1536"
}
2025-09-22 14:11:54 [ERROR]: ❌ Failed to get relevant context {
  "conversationId": "8ad259fa-c204-440e-a115-8737418bf70a",
  "error": "Query vector must be array of length 1536"
}
2025-09-22 14:11:54 [ERROR]: Failed to get relevant context {
  "agent": "ExplainerAgent",
  "error": "Query vector must be array of length 1536"
}
2025-09-22 14:11:54 [INFO]: 🤖 Generating AI content {
  "provider": "gemini",
  "mockMode": false,
  "promptLength": 4820,
  "temperature": 0.5,
  "maxTokens": 6000
}
2025-09-22 14:11:54 [ERROR]: ❌ AI generation failed {
  "error": "Request failed with status code 404"
}
2025-09-22 14:11:54 [WARN]: 🔄 Falling back to mock response due to API failure 
2025-09-22 14:11:55 [INFO]: 🎭 Generating mock response {
  "promptType": "parser",
  "promptLength": 4820
}
2025-09-22 14:11:55 [ERROR]: ❌ Vector storage failed {
  "id": "explanation_1758530515668",
  "error": "Vector must be array of length 1536"
}
2025-09-22 14:11:55 [ERROR]: ❌ Failed to store COBOL entity {
  "entityId": "explanation_1758530515668",
  "entityType": "explanation",
  "error": "Vector must be array of length 1536"
}
2025-09-22 14:11:55 [ERROR]: ❌ Vector storage failed {
  "id": "8ad259fa-c204-440e-a115-8737418bf70a:ExplainerAgent-1758530515792",
  "error": "Vector must be array of length 1536"
}
2025-09-22 14:11:55 [ERROR]: ❌ Failed to store conversation context {
  "conversationId": "8ad259fa-c204-440e-a115-8737418bf70a",
  "messageId": "ExplainerAgent-1758530515792",
  "error": "Vector must be array of length 1536"
}
2025-09-22 14:11:55 [ERROR]: Failed to store agent result {
  "agent": "ExplainerAgent",
  "error": "Vector must be array of length 1536"
}
2025-09-22 14:11:55 [INFO]: ✅ ExplainerAgent completed successfully {
  "agent": "ExplainerAgent",
  "confidence": 0.8999999999999999,
  "outputSize": 900
}
2025-09-22 14:11:55 [INFO]: 🔧 Workflow step: workflow_completed {
  "workflowId": "workflow_1758530506007_cdvmkd629",
  "workflowType": "full_modernization",
  "duration": 9844,
  "success": true
}
2025-09-22 14:11:55 [INFO]: Job 8ad259fa-c204-440e-a115-8737418bf70a: Pipeline completed 
2025-09-22 14:11:55 [INFO]: Job 8ad259fa-c204-440e-a115-8737418bf70a: Processing completed successfully 
2025-09-22 14:11:55 [INFO]: ✅ Job 8ad259fa-c204-440e-a115-8737418bf70a completed successfully 
2025-09-22 14:18:59 [INFO]: 🔄 Received SIGINT, shutting down gracefully... 
2025-09-22 14:20:07 [INFO]: 🚀 Initializing AI Modernization Assistant... 
2025-09-22 14:20:07 [INFO]: 🤖 AI Client initialized {
  "provider": "gemini",
  "mockMode": false,
  "hasApiKey": true
}
2025-09-22 14:20:07 [INFO]: ✅ AI system initialized successfully 
2025-09-22 14:20:07 [INFO]: 🌟 AI Modernization Assistant server running on port 3001 
2025-09-22 14:20:07 [INFO]: 📁 Upload directory: D:\hackflash2\404-KILLERS\engine\uploads 
2025-09-22 14:20:07 [INFO]: 🔧 Environment: development 
2025-09-22 14:20:07 [INFO]: 🤖 AI Provider: gemini 
2025-09-22 14:20:07 [INFO]: 🔑 API Key configured: true 
2025-09-22 14:20:52 [INFO]: 📁 File upload received: 2 file(s) 
2025-09-22 14:20:52 [INFO]:   - CLAIMS.CPY (644 bytes) 
2025-09-22 14:20:52 [INFO]:   - CLAIMS.DAT (340 bytes) 
2025-09-22 14:20:52 [INFO]: Job daae41be-1c48-433e-bc68-d8e2c8f6f12b: Starting analysis of 2 files... 
2025-09-22 14:20:52 [INFO]: 📊 File breakdown: 1 .cpy, 1 .dat, 0 other 
2025-09-22 14:20:52 [INFO]: Job daae41be-1c48-433e-bc68-d8e2c8f6f12b: Processing CLAIMS.CPY... 
2025-09-22 14:20:52 [INFO]: 📄 Starting file chunking {
  "filePath": "files-1758531052395-730556797.CPY",
  "maxChunkSize": 4000,
  "overlap": 200,
  "strategy": "auto"
}
2025-09-22 14:20:52 [INFO]: Job daae41be-1c48-433e-bc68-d8e2c8f6f12b: Processing CLAIMS.DAT... 
2025-09-22 14:20:52 [INFO]: 📄 Starting file chunking {
  "filePath": "files-1758531052396-876326429.DAT",
  "maxChunkSize": 4000,
  "overlap": 200,
  "strategy": "auto"
}
2025-09-22 14:20:52 [INFO]: Job daae41be-1c48-433e-bc68-d8e2c8f6f12b: Combined 2 chunks from 2 files 
2025-09-22 14:20:52 [INFO]: Job daae41be-1c48-433e-bc68-d8e2c8f6f12b: Starting modernization pipeline... 
2025-09-22 14:20:52 [INFO]: 🔧 Workflow step: workflow_started {
  "workflowId": "workflow_1758531052497_xozo05ifg",
  "workflowType": "full_modernization",
  "input": "object"
}
2025-09-22 14:20:52 [INFO]: 🔧 Workflow step: parse_step {
  "workflowId": "workflow_1758531052497_xozo05ifg"
}
2025-09-22 14:20:52 [INFO]: 🚀 Starting ParserAgent {
  "agent": "ParserAgent",
  "inputSize": 2691
}
2025-09-22 14:20:52 [ERROR]: ❌ Vector search failed {
  "error": "Query vector must be array of length 1536"
}
2025-09-22 14:20:52 [ERROR]: ❌ Failed to get relevant context {
  "conversationId": "daae41be-1c48-433e-bc68-d8e2c8f6f12b",
  "error": "Query vector must be array of length 1536"
}
2025-09-22 14:20:52 [ERROR]: Failed to get relevant context {
  "agent": "ParserAgent",
  "error": "Query vector must be array of length 1536"
}
2025-09-22 14:20:52 [INFO]: 🤖 Generating AI content {
  "provider": "gemini",
  "mockMode": false,
  "promptLength": 1270,
  "temperature": 0.3,
  "maxTokens": 4000
}
2025-09-22 14:21:11 [ERROR]: ❌ AI generation failed {
  "error": "read ECONNRESET"
}
2025-09-22 14:21:11 [WARN]: 🔄 Falling back to mock response due to API failure 
2025-09-22 14:21:12 [INFO]: 🎭 Generating mock response {
  "promptType": "parser",
  "promptLength": 1270
}
2025-09-22 14:21:12 [ERROR]: ❌ Vector storage failed {
  "id": "SAMPLE_PROGRAM",
  "error": "Vector must be array of length 1536"
}
2025-09-22 14:21:12 [ERROR]: ❌ Failed to store COBOL entity {
  "entityId": "SAMPLE_PROGRAM",
  "entityType": "program",
  "error": "Vector must be array of length 1536"
}
2025-09-22 14:21:12 [ERROR]: ❌ Vector storage failed {
  "id": "daae41be-1c48-433e-bc68-d8e2c8f6f12b:ParserAgent-1758531072242",
  "error": "Vector must be array of length 1536"
}
2025-09-22 14:21:12 [ERROR]: ❌ Failed to store conversation context {
  "conversationId": "daae41be-1c48-433e-bc68-d8e2c8f6f12b",
  "messageId": "ParserAgent-1758531072242",
  "error": "Vector must be array of length 1536"
}
2025-09-22 14:21:12 [ERROR]: Failed to store agent result {
  "agent": "ParserAgent",
  "error": "Vector must be array of length 1536"
}
2025-09-22 14:21:12 [INFO]: ✅ ParserAgent completed successfully {
  "agent": "ParserAgent",
  "confidence": 0.95,
  "outputSize": 1211
}
2025-09-22 14:21:12 [INFO]: 🔧 Workflow step: modernize_step {
  "workflowId": "workflow_1758531052497_xozo05ifg"
}
2025-09-22 14:21:12 [INFO]: 🚀 Starting ModernizerAgent {
  "agent": "ModernizerAgent",
  "inputSize": 2425
}
2025-09-22 14:21:12 [ERROR]: ❌ Vector search failed {
  "error": "Query vector must be array of length 1536"
}
2025-09-22 14:21:12 [ERROR]: ❌ Failed to get relevant context {
  "conversationId": "daae41be-1c48-433e-bc68-d8e2c8f6f12b",
  "error": "Query vector must be array of length 1536"
}
2025-09-22 14:21:12 [ERROR]: Failed to get relevant context {
  "agent": "ModernizerAgent",
  "error": "Query vector must be array of length 1536"
}
2025-09-22 14:21:12 [INFO]: 🤖 Generating AI content {
  "provider": "gemini",
  "mockMode": false,
  "promptLength": 3278,
  "temperature": 0.4,
  "maxTokens": 6000
}
2025-09-22 14:21:12 [ERROR]: ❌ AI generation failed {
  "error": "self-signed certificate in certificate chain"
}
2025-09-22 14:21:12 [WARN]: 🔄 Falling back to mock response due to API failure 
2025-09-22 14:21:12 [INFO]: 🎭 Generating mock response {
  "promptType": "parser",
  "promptLength": 3278
}
2025-09-22 14:21:12 [ERROR]: ❌ Vector storage failed {
  "id": "SAMPLE_PROGRAM_modern_Java",
  "error": "Vector must be array of length 1536"
}
2025-09-22 14:21:12 [ERROR]: ❌ Failed to store COBOL entity {
  "entityId": "SAMPLE_PROGRAM_modern_Java",
  "entityType": "modernized_program",
  "error": "Vector must be array of length 1536"
}
2025-09-22 14:21:12 [ERROR]: ❌ Vector storage failed {
  "id": "daae41be-1c48-433e-bc68-d8e2c8f6f12b:ModernizerAgent-1758531072844",
  "error": "Vector must be array of length 1536"
}
2025-09-22 14:21:12 [ERROR]: ❌ Failed to store conversation context {
  "conversationId": "daae41be-1c48-433e-bc68-d8e2c8f6f12b",
  "messageId": "ModernizerAgent-1758531072844",
  "error": "Vector must be array of length 1536"
}
2025-09-22 14:21:12 [ERROR]: Failed to store agent result {
  "agent": "ModernizerAgent",
  "error": "Vector must be array of length 1536"
}
2025-09-22 14:21:12 [INFO]: ✅ ModernizerAgent completed successfully {
  "agent": "ModernizerAgent",
  "confidence": 0.95,
  "outputSize": 704
}
2025-09-22 14:21:12 [INFO]: 🔧 Workflow step: validate_step {
  "workflowId": "workflow_1758531052497_xozo05ifg"
}
2025-09-22 14:21:12 [INFO]: 🚀 Starting ValidatorAgent {
  "agent": "ValidatorAgent",
  "inputSize": 2005
}
2025-09-22 14:21:12 [ERROR]: ❌ Vector search failed {
  "error": "Query vector must be array of length 1536"
}
2025-09-22 14:21:12 [ERROR]: ❌ Failed to get relevant context {
  "conversationId": "daae41be-1c48-433e-bc68-d8e2c8f6f12b",
  "error": "Query vector must be array of length 1536"
}
2025-09-22 14:21:12 [ERROR]: Failed to get relevant context {
  "agent": "ValidatorAgent",
  "error": "Query vector must be array of length 1536"
}
2025-09-22 14:21:12 [INFO]: 🤖 Generating AI content {
  "provider": "gemini",
  "mockMode": false,
  "promptLength": 3549,
  "temperature": 0.2,
  "maxTokens": 5000
}
2025-09-22 14:21:12 [ERROR]: ❌ AI generation failed {
  "error": "self-signed certificate in certificate chain"
}
2025-09-22 14:21:12 [WARN]: 🔄 Falling back to mock response due to API failure 
2025-09-22 14:21:13 [INFO]: 🎭 Generating mock response {
  "promptType": "parser",
  "promptLength": 3549
}
2025-09-22 14:21:13 [ERROR]: ❌ Vector storage failed {
  "id": "SAMPLE_PROGRAM_validation_1758531073905",
  "error": "Vector must be array of length 1536"
}
2025-09-22 14:21:13 [ERROR]: ❌ Failed to store COBOL entity {
  "entityId": "SAMPLE_PROGRAM_validation_1758531073905",
  "entityType": "validation_result",
  "error": "Vector must be array of length 1536"
}
2025-09-22 14:21:13 [ERROR]: ❌ Vector storage failed {
  "id": "daae41be-1c48-433e-bc68-d8e2c8f6f12b:ValidatorAgent-1758531073907",
  "error": "Vector must be array of length 1536"
}
2025-09-22 14:21:13 [ERROR]: ❌ Failed to store conversation context {
  "conversationId": "daae41be-1c48-433e-bc68-d8e2c8f6f12b",
  "messageId": "ValidatorAgent-1758531073907",
  "error": "Vector must be array of length 1536"
}
2025-09-22 14:21:13 [ERROR]: Failed to store agent result {
  "agent": "ValidatorAgent",
  "error": "Vector must be array of length 1536"
}
2025-09-22 14:21:13 [INFO]: ✅ ValidatorAgent completed successfully {
  "agent": "ValidatorAgent",
  "confidence": 0.95,
  "outputSize": 906
}
2025-09-22 14:21:13 [INFO]: 🔧 Workflow step: explain_step {
  "workflowId": "workflow_1758531052497_xozo05ifg"
}
2025-09-22 14:21:13 [INFO]: 🚀 Starting ExplainerAgent {
  "agent": "ExplainerAgent",
  "inputSize": 2974
}
2025-09-22 14:21:13 [ERROR]: ❌ Vector search failed {
  "error": "Query vector must be array of length 1536"
}
2025-09-22 14:21:13 [ERROR]: ❌ Failed to get relevant context {
  "conversationId": "daae41be-1c48-433e-bc68-d8e2c8f6f12b",
  "error": "Query vector must be array of length 1536"
}
2025-09-22 14:21:13 [ERROR]: Failed to get relevant context {
  "agent": "ExplainerAgent",
  "error": "Query vector must be array of length 1536"
}
2025-09-22 14:21:13 [INFO]: 🤖 Generating AI content {
  "provider": "gemini",
  "mockMode": false,
  "promptLength": 4820,
  "temperature": 0.5,
  "maxTokens": 6000
}
2025-09-22 14:21:13 [ERROR]: ❌ AI generation failed {
  "error": "self-signed certificate in certificate chain"
}
2025-09-22 14:21:13 [WARN]: 🔄 Falling back to mock response due to API failure 
2025-09-22 14:21:14 [INFO]: 🎭 Generating mock response {
  "promptType": "parser",
  "promptLength": 4820
}
2025-09-22 14:21:14 [ERROR]: ❌ Vector storage failed {
  "id": "explanation_1758531074755",
  "error": "Vector must be array of length 1536"
}
2025-09-22 14:21:14 [ERROR]: ❌ Failed to store COBOL entity {
  "entityId": "explanation_1758531074755",
  "entityType": "explanation",
  "error": "Vector must be array of length 1536"
}
2025-09-22 14:21:14 [ERROR]: ❌ Vector storage failed {
  "id": "daae41be-1c48-433e-bc68-d8e2c8f6f12b:ExplainerAgent-1758531074758",
  "error": "Vector must be array of length 1536"
}
2025-09-22 14:21:14 [ERROR]: ❌ Failed to store conversation context {
  "conversationId": "daae41be-1c48-433e-bc68-d8e2c8f6f12b",
  "messageId": "ExplainerAgent-1758531074758",
  "error": "Vector must be array of length 1536"
}
2025-09-22 14:21:14 [ERROR]: Failed to store agent result {
  "agent": "ExplainerAgent",
  "error": "Vector must be array of length 1536"
}
2025-09-22 14:21:14 [INFO]: ✅ ExplainerAgent completed successfully {
  "agent": "ExplainerAgent",
  "confidence": 0.8999999999999999,
  "outputSize": 900
}
2025-09-22 14:21:14 [INFO]: 🔧 Workflow step: workflow_completed {
  "workflowId": "workflow_1758531052497_xozo05ifg",
  "workflowType": "full_modernization",
  "duration": 22265,
  "success": true
}
2025-09-22 14:21:14 [INFO]: Job daae41be-1c48-433e-bc68-d8e2c8f6f12b: Pipeline completed 
2025-09-22 14:21:14 [INFO]: Job daae41be-1c48-433e-bc68-d8e2c8f6f12b: Processing completed successfully 
2025-09-22 14:21:14 [INFO]: ✅ Job daae41be-1c48-433e-bc68-d8e2c8f6f12b completed successfully - processed 2 files 
2025-09-22 14:25:35 [INFO]: 📁 File upload received: 2 file(s) 
2025-09-22 14:25:35 [INFO]:   - sample.cpy (3783 bytes) 
2025-09-22 14:25:35 [INFO]:   - sample.dat (4997 bytes) 
2025-09-22 14:25:35 [INFO]: Job 218a92fb-79b8-4ee3-952e-60a949ce297e: Starting analysis of 2 files... 
2025-09-22 14:25:35 [INFO]: 📊 File breakdown: 1 .cpy, 1 .dat, 0 other 
2025-09-22 14:25:35 [INFO]: Job 218a92fb-79b8-4ee3-952e-60a949ce297e: Processing sample.cpy... 
2025-09-22 14:25:35 [INFO]: 📄 Starting file chunking {
  "filePath": "files-1758531335237-280148332.cpy",
  "maxChunkSize": 4000,
  "overlap": 200,
  "strategy": "auto"
}
2025-09-22 14:25:35 [INFO]: Job 218a92fb-79b8-4ee3-952e-60a949ce297e: Processing sample.dat... 
2025-09-22 14:25:35 [INFO]: 📄 Starting file chunking {
  "filePath": "files-1758531335241-453960835.dat",
  "maxChunkSize": 4000,
  "overlap": 200,
  "strategy": "auto"
}
2025-09-22 14:25:35 [INFO]: ✅ File chunking completed {
  "fileName": "files-1758531335241-453960835.dat",
  "totalChunks": 2,
  "avgChunkSize": 2500,
  "strategy": "lines"
}
2025-09-22 14:25:35 [INFO]: Job 218a92fb-79b8-4ee3-952e-60a949ce297e: Combined 3 chunks from 2 files 
2025-09-22 14:25:35 [INFO]: Job 218a92fb-79b8-4ee3-952e-60a949ce297e: Starting modernization pipeline... 
2025-09-22 14:25:35 [INFO]: 🔧 Workflow step: workflow_started {
  "workflowId": "workflow_1758531335935_fx2f4che9",
  "workflowType": "full_modernization",
  "input": "object"
}
2025-09-22 14:25:35 [INFO]: 🔧 Workflow step: parse_step {
  "workflowId": "workflow_1758531335935_fx2f4che9"
}
2025-09-22 14:25:35 [INFO]: 🚀 Starting ParserAgent {
  "agent": "ParserAgent",
  "inputSize": 18798
}
2025-09-22 14:25:35 [ERROR]: ❌ Vector search failed {
  "error": "Query vector must be array of length 1536"
}
2025-09-22 14:25:35 [ERROR]: ❌ Failed to get relevant context {
  "conversationId": "218a92fb-79b8-4ee3-952e-60a949ce297e",
  "error": "Query vector must be array of length 1536"
}
2025-09-22 14:25:35 [ERROR]: Failed to get relevant context {
  "agent": "ParserAgent",
  "error": "Query vector must be array of length 1536"
}
2025-09-22 14:25:35 [INFO]: 🤖 Generating AI content {
  "provider": "gemini",
  "mockMode": false,
  "promptLength": 8220,
  "temperature": 0.3,
  "maxTokens": 4000
}
2025-09-22 14:25:36 [ERROR]: ❌ AI generation failed {
  "error": "Request failed with status code 404"
}
2025-09-22 14:25:36 [WARN]: 🔄 Falling back to mock response due to API failure 
2025-09-22 14:25:37 [INFO]: 🎭 Generating mock response {
  "promptType": "parser",
  "promptLength": 8220
}
2025-09-22 14:25:37 [ERROR]: ❌ Vector storage failed {
  "id": "SAMPLE_PROGRAM",
  "error": "Vector must be array of length 1536"
}
2025-09-22 14:25:37 [ERROR]: ❌ Failed to store COBOL entity {
  "entityId": "SAMPLE_PROGRAM",
  "entityType": "program",
  "error": "Vector must be array of length 1536"
}
2025-09-22 14:25:37 [ERROR]: ❌ Vector storage failed {
  "id": "218a92fb-79b8-4ee3-952e-60a949ce297e:ParserAgent-1758531337564",
  "error": "Vector must be array of length 1536"
}
2025-09-22 14:25:37 [ERROR]: ❌ Failed to store conversation context {
  "conversationId": "218a92fb-79b8-4ee3-952e-60a949ce297e",
  "messageId": "ParserAgent-1758531337564",
  "error": "Vector must be array of length 1536"
}
2025-09-22 14:25:37 [ERROR]: Failed to store agent result {
  "agent": "ParserAgent",
  "error": "Vector must be array of length 1536"
}
2025-09-22 14:25:37 [INFO]: ✅ ParserAgent completed successfully {
  "agent": "ParserAgent",
  "confidence": 0.95,
  "outputSize": 1211
}
2025-09-22 14:25:37 [INFO]: 🔧 Workflow step: modernize_step {
  "workflowId": "workflow_1758531335935_fx2f4che9"
}
2025-09-22 14:25:37 [INFO]: 🚀 Starting ModernizerAgent {
  "agent": "ModernizerAgent",
  "inputSize": 10373
}
2025-09-22 14:25:37 [ERROR]: ❌ Vector search failed {
  "error": "Query vector must be array of length 1536"
}
2025-09-22 14:25:37 [ERROR]: ❌ Failed to get relevant context {
  "conversationId": "218a92fb-79b8-4ee3-952e-60a949ce297e",
  "error": "Query vector must be array of length 1536"
}
2025-09-22 14:25:37 [ERROR]: Failed to get relevant context {
  "agent": "ModernizerAgent",
  "error": "Query vector must be array of length 1536"
}
2025-09-22 14:25:37 [INFO]: 🤖 Generating AI content {
  "provider": "gemini",
  "mockMode": false,
  "promptLength": 6228,
  "temperature": 0.4,
  "maxTokens": 6000
}
2025-09-22 14:25:37 [ERROR]: ❌ AI generation failed {
  "error": "Request failed with status code 404"
}
2025-09-22 14:25:37 [WARN]: 🔄 Falling back to mock response due to API failure 
2025-09-22 14:25:38 [INFO]: 🎭 Generating mock response {
  "promptType": "parser",
  "promptLength": 6228
}
2025-09-22 14:25:38 [ERROR]: ❌ Vector storage failed {
  "id": "SAMPLE_PROGRAM_modern_Java",
  "error": "Vector must be array of length 1536"
}
2025-09-22 14:25:38 [ERROR]: ❌ Failed to store COBOL entity {
  "entityId": "SAMPLE_PROGRAM_modern_Java",
  "entityType": "modernized_program",
  "error": "Vector must be array of length 1536"
}
2025-09-22 14:25:38 [ERROR]: ❌ Vector storage failed {
  "id": "218a92fb-79b8-4ee3-952e-60a949ce297e:ModernizerAgent-1758531338711",
  "error": "Vector must be array of length 1536"
}
2025-09-22 14:25:38 [ERROR]: ❌ Failed to store conversation context {
  "conversationId": "218a92fb-79b8-4ee3-952e-60a949ce297e",
  "messageId": "ModernizerAgent-1758531338711",
  "error": "Vector must be array of length 1536"
}
2025-09-22 14:25:38 [ERROR]: Failed to store agent result {
  "agent": "ModernizerAgent",
  "error": "Vector must be array of length 1536"
}
2025-09-22 14:25:38 [INFO]: ✅ ModernizerAgent completed successfully {
  "agent": "ModernizerAgent",
  "confidence": 0.95,
  "outputSize": 704
}
2025-09-22 14:25:38 [INFO]: 🔧 Workflow step: validate_step {
  "workflowId": "workflow_1758531335935_fx2f4che9"
}
2025-09-22 14:25:38 [INFO]: 🚀 Starting ValidatorAgent {
  "agent": "ValidatorAgent",
  "inputSize": 2005
}
2025-09-22 14:25:38 [ERROR]: ❌ Vector search failed {
  "error": "Query vector must be array of length 1536"
}
2025-09-22 14:25:38 [ERROR]: ❌ Failed to get relevant context {
  "conversationId": "218a92fb-79b8-4ee3-952e-60a949ce297e",
  "error": "Query vector must be array of length 1536"
}
2025-09-22 14:25:38 [ERROR]: Failed to get relevant context {
  "agent": "ValidatorAgent",
  "error": "Query vector must be array of length 1536"
}
2025-09-22 14:25:38 [INFO]: 🤖 Generating AI content {
  "provider": "gemini",
  "mockMode": false,
  "promptLength": 3549,
  "temperature": 0.2,
  "maxTokens": 5000
}
2025-09-22 14:25:39 [ERROR]: ❌ AI generation failed {
  "error": "Request failed with status code 404"
}
2025-09-22 14:25:39 [WARN]: 🔄 Falling back to mock response due to API failure 
2025-09-22 14:25:39 [INFO]: 🎭 Generating mock response {
  "promptType": "parser",
  "promptLength": 3549
}
2025-09-22 14:25:40 [ERROR]: ❌ Vector storage failed {
  "id": "SAMPLE_PROGRAM_validation_1758531340042",
  "error": "Vector must be array of length 1536"
}
2025-09-22 14:25:40 [ERROR]: ❌ Failed to store COBOL entity {
  "entityId": "SAMPLE_PROGRAM_validation_1758531340042",
  "entityType": "validation_result",
  "error": "Vector must be array of length 1536"
}
2025-09-22 14:25:40 [ERROR]: ❌ Vector storage failed {
  "id": "218a92fb-79b8-4ee3-952e-60a949ce297e:ValidatorAgent-1758531340159",
  "error": "Vector must be array of length 1536"
}
2025-09-22 14:25:40 [ERROR]: ❌ Failed to store conversation context {
  "conversationId": "218a92fb-79b8-4ee3-952e-60a949ce297e",
  "messageId": "ValidatorAgent-1758531340159",
  "error": "Vector must be array of length 1536"
}
2025-09-22 14:25:40 [ERROR]: Failed to store agent result {
  "agent": "ValidatorAgent",
  "error": "Vector must be array of length 1536"
}
2025-09-22 14:25:40 [INFO]: ✅ ValidatorAgent completed successfully {
  "agent": "ValidatorAgent",
  "confidence": 0.95,
  "outputSize": 906
}
2025-09-22 14:25:40 [INFO]: 🔧 Workflow step: explain_step {
  "workflowId": "workflow_1758531335935_fx2f4che9"
}
2025-09-22 14:25:40 [INFO]: 🚀 Starting ExplainerAgent {
  "agent": "ExplainerAgent",
  "inputSize": 2974
}
2025-09-22 14:25:40 [ERROR]: ❌ Vector search failed {
  "error": "Query vector must be array of length 1536"
}
2025-09-22 14:25:40 [ERROR]: ❌ Failed to get relevant context {
  "conversationId": "218a92fb-79b8-4ee3-952e-60a949ce297e",
  "error": "Query vector must be array of length 1536"
}
2025-09-22 14:25:40 [ERROR]: Failed to get relevant context {
  "agent": "ExplainerAgent",
  "error": "Query vector must be array of length 1536"
}
2025-09-22 14:25:40 [INFO]: 🤖 Generating AI content {
  "provider": "gemini",
  "mockMode": false,
  "promptLength": 4820,
  "temperature": 0.5,
  "maxTokens": 6000
}
2025-09-22 14:25:40 [ERROR]: ❌ AI generation failed {
  "error": "Request failed with status code 404"
}
2025-09-22 14:25:40 [WARN]: 🔄 Falling back to mock response due to API failure 
2025-09-22 14:25:41 [INFO]: 🎭 Generating mock response {
  "promptType": "parser",
  "promptLength": 4820
}
2025-09-22 14:25:41 [ERROR]: ❌ Vector storage failed {
  "id": "explanation_1758531341842",
  "error": "Vector must be array of length 1536"
}
2025-09-22 14:25:41 [ERROR]: ❌ Failed to store COBOL entity {
  "entityId": "explanation_1758531341842",
  "entityType": "explanation",
  "error": "Vector must be array of length 1536"
}
2025-09-22 14:25:41 [ERROR]: ❌ Vector storage failed {
  "id": "218a92fb-79b8-4ee3-952e-60a949ce297e:ExplainerAgent-1758531341844",
  "error": "Vector must be array of length 1536"
}
2025-09-22 14:25:41 [ERROR]: ❌ Failed to store conversation context {
  "conversationId": "218a92fb-79b8-4ee3-952e-60a949ce297e",
  "messageId": "ExplainerAgent-1758531341844",
  "error": "Vector must be array of length 1536"
}
2025-09-22 14:25:41 [ERROR]: Failed to store agent result {
  "agent": "ExplainerAgent",
  "error": "Vector must be array of length 1536"
}
2025-09-22 14:25:41 [INFO]: ✅ ExplainerAgent completed successfully {
  "agent": "ExplainerAgent",
  "confidence": 0.8999999999999999,
  "outputSize": 900
}
2025-09-22 14:25:41 [INFO]: 🔧 Workflow step: workflow_completed {
  "workflowId": "workflow_1758531335935_fx2f4che9",
  "workflowType": "full_modernization",
  "duration": 5914,
  "success": true
}
2025-09-22 14:25:41 [INFO]: Job 218a92fb-79b8-4ee3-952e-60a949ce297e: Pipeline completed 
2025-09-22 14:25:41 [INFO]: Job 218a92fb-79b8-4ee3-952e-60a949ce297e: Processing completed successfully 
2025-09-22 14:25:41 [INFO]: ✅ Job 218a92fb-79b8-4ee3-952e-60a949ce297e completed successfully - processed 2 files 
2025-09-22 14:26:38 [INFO]: 🔄 Received SIGINT, shutting down gracefully... 
2025-09-22 14:26:41 [INFO]: 🚀 Initializing AI Modernization Assistant... 
2025-09-22 14:26:41 [INFO]: 🤖 AI Client initialized {
  "provider": "gemini",
  "mockMode": false,
  "hasApiKey": true
}
2025-09-22 14:26:41 [INFO]: ✅ AI system initialized successfully 
2025-09-22 14:26:41 [INFO]: 🌟 AI Modernization Assistant server running on port 3001 
2025-09-22 14:26:41 [INFO]: 📁 Upload directory: D:\hackflash2\404-KILLERS\engine\uploads 
2025-09-22 14:26:41 [INFO]: 🔧 Environment: development 
2025-09-22 14:26:41 [INFO]: 🤖 AI Provider: gemini 
2025-09-22 14:26:41 [INFO]: 🔑 API Key configured: true 
2025-09-22 14:27:25 [INFO]: 📁 File upload received: 2 file(s) 
2025-09-22 14:27:25 [INFO]:   - Acc.cpy (852 bytes) 
2025-09-22 14:27:25 [INFO]:   - Acc.dat (556 bytes) 
2025-09-22 14:27:25 [INFO]: Job 0a6bc777-f558-4393-9187-85cfc175d644: Starting analysis of 2 files... 
2025-09-22 14:27:25 [INFO]: 📊 File breakdown: 1 .cpy, 1 .dat, 0 other 
2025-09-22 14:27:25 [INFO]: Job 0a6bc777-f558-4393-9187-85cfc175d644: Processing Acc.cpy... 
2025-09-22 14:27:25 [INFO]: 📄 Starting file chunking {
  "filePath": "files-1758531445817-569620003.cpy",
  "maxChunkSize": 4000,
  "overlap": 200,
  "strategy": "auto"
}
2025-09-22 14:27:26 [INFO]: Job 0a6bc777-f558-4393-9187-85cfc175d644: Processing Acc.dat... 
2025-09-22 14:27:26 [INFO]: 📄 Starting file chunking {
  "filePath": "files-1758531445818-15270547.dat",
  "maxChunkSize": 4000,
  "overlap": 200,
  "strategy": "auto"
}
2025-09-22 14:27:26 [INFO]: Job 0a6bc777-f558-4393-9187-85cfc175d644: Combined 2 chunks from 2 files 
2025-09-22 14:27:26 [INFO]: Job 0a6bc777-f558-4393-9187-85cfc175d644: Starting modernization pipeline... 
2025-09-22 14:27:26 [INFO]: 🔧 Workflow step: workflow_started {
  "workflowId": "workflow_1758531446052_ss1nhp5li",
  "workflowType": "full_modernization",
  "input": "object"
}
2025-09-22 14:27:26 [INFO]: 🔧 Workflow step: parse_step {
  "workflowId": "workflow_1758531446052_ss1nhp5li"
}
2025-09-22 14:27:26 [INFO]: 🚀 Starting ParserAgent {
  "agent": "ParserAgent",
  "inputSize": 3614
}
2025-09-22 14:27:26 [ERROR]: ❌ Vector search failed {
  "error": "Query vector must be array of length 1536"
}
2025-09-22 14:27:26 [ERROR]: ❌ Failed to get relevant context {
  "conversationId": "0a6bc777-f558-4393-9187-85cfc175d644",
  "error": "Query vector must be array of length 1536"
}
2025-09-22 14:27:26 [ERROR]: Failed to get relevant context {
  "agent": "ParserAgent",
  "error": "Query vector must be array of length 1536"
}
2025-09-22 14:27:26 [INFO]: 🤖 Generating AI content {
  "provider": "gemini",
  "mockMode": false,
  "promptLength": 1682,
  "temperature": 0.3,
  "maxTokens": 4000
}
2025-09-22 14:27:29 [ERROR]: ❌ AI generation failed {
  "error": "Request failed with status code 404"
}
2025-09-22 14:27:29 [WARN]: 🔄 Falling back to mock response due to API failure 
2025-09-22 14:27:31 [INFO]: 🎭 Generating mock response {
  "promptType": "parser",
  "promptLength": 1682
}
2025-09-22 14:27:31 [ERROR]: ❌ Vector storage failed {
  "id": "SAMPLE_PROGRAM",
  "error": "Vector must be array of length 1536"
}
2025-09-22 14:27:31 [ERROR]: ❌ Failed to store COBOL entity {
  "entityId": "SAMPLE_PROGRAM",
  "entityType": "program",
  "error": "Vector must be array of length 1536"
}
2025-09-22 14:27:31 [ERROR]: ❌ Vector storage failed {
  "id": "0a6bc777-f558-4393-9187-85cfc175d644:ParserAgent-1758531451239",
  "error": "Vector must be array of length 1536"
}
2025-09-22 14:27:31 [ERROR]: ❌ Failed to store conversation context {
  "conversationId": "0a6bc777-f558-4393-9187-85cfc175d644",
  "messageId": "ParserAgent-1758531451239",
  "error": "Vector must be array of length 1536"
}
2025-09-22 14:27:31 [ERROR]: Failed to store agent result {
  "agent": "ParserAgent",
  "error": "Vector must be array of length 1536"
}
2025-09-22 14:27:31 [INFO]: ✅ ParserAgent completed successfully {
  "agent": "ParserAgent",
  "confidence": 0.95,
  "outputSize": 1211
}
2025-09-22 14:27:31 [INFO]: 🔧 Workflow step: modernize_step {
  "workflowId": "workflow_1758531446052_ss1nhp5li"
}
2025-09-22 14:27:31 [INFO]: 🚀 Starting ModernizerAgent {
  "agent": "ModernizerAgent",
  "inputSize": 2893
}
2025-09-22 14:27:31 [ERROR]: ❌ Vector search failed {
  "error": "Query vector must be array of length 1536"
}
2025-09-22 14:27:31 [ERROR]: ❌ Failed to get relevant context {
  "conversationId": "0a6bc777-f558-4393-9187-85cfc175d644",
  "error": "Query vector must be array of length 1536"
}
2025-09-22 14:27:31 [ERROR]: Failed to get relevant context {
  "agent": "ModernizerAgent",
  "error": "Query vector must be array of length 1536"
}
2025-09-22 14:27:31 [INFO]: 🤖 Generating AI content {
  "provider": "gemini",
  "mockMode": false,
  "promptLength": 3696,
  "temperature": 0.4,
  "maxTokens": 6000
}
2025-09-22 14:27:31 [ERROR]: ❌ AI generation failed {
  "error": "Request failed with status code 404"
}
2025-09-22 14:27:31 [WARN]: 🔄 Falling back to mock response due to API failure 
2025-09-22 14:27:33 [INFO]: 🎭 Generating mock response {
  "promptType": "parser",
  "promptLength": 3696
}
2025-09-22 14:27:33 [ERROR]: ❌ Vector storage failed {
  "id": "SAMPLE_PROGRAM_modern_Java",
  "error": "Vector must be array of length 1536"
}
2025-09-22 14:27:33 [ERROR]: ❌ Failed to store COBOL entity {
  "entityId": "SAMPLE_PROGRAM_modern_Java",
  "entityType": "modernized_program",
  "error": "Vector must be array of length 1536"
}
2025-09-22 14:27:33 [ERROR]: ❌ Vector storage failed {
  "id": "0a6bc777-f558-4393-9187-85cfc175d644:ModernizerAgent-1758531453042",
  "error": "Vector must be array of length 1536"
}
2025-09-22 14:27:33 [ERROR]: ❌ Failed to store conversation context {
  "conversationId": "0a6bc777-f558-4393-9187-85cfc175d644",
  "messageId": "ModernizerAgent-1758531453042",
  "error": "Vector must be array of length 1536"
}
2025-09-22 14:27:33 [ERROR]: Failed to store agent result {
  "agent": "ModernizerAgent",
  "error": "Vector must be array of length 1536"
}
2025-09-22 14:27:33 [INFO]: ✅ ModernizerAgent completed successfully {
  "agent": "ModernizerAgent",
  "confidence": 0.95,
  "outputSize": 704
}
2025-09-22 14:27:33 [INFO]: 🔧 Workflow step: validate_step {
  "workflowId": "workflow_1758531446052_ss1nhp5li"
}
2025-09-22 14:27:33 [INFO]: 🚀 Starting ValidatorAgent {
  "agent": "ValidatorAgent",
  "inputSize": 2005
}
2025-09-22 14:27:33 [ERROR]: ❌ Vector search failed {
  "error": "Query vector must be array of length 1536"
}
2025-09-22 14:27:33 [ERROR]: ❌ Failed to get relevant context {
  "conversationId": "0a6bc777-f558-4393-9187-85cfc175d644",
  "error": "Query vector must be array of length 1536"
}
2025-09-22 14:27:33 [ERROR]: Failed to get relevant context {
  "agent": "ValidatorAgent",
  "error": "Query vector must be array of length 1536"
}
2025-09-22 14:27:33 [INFO]: 🤖 Generating AI content {
  "provider": "gemini",
  "mockMode": false,
  "promptLength": 3549,
  "temperature": 0.2,
  "maxTokens": 5000
}
2025-09-22 14:27:33 [ERROR]: ❌ AI generation failed {
  "error": "Request failed with status code 404"
}
2025-09-22 14:27:33 [WARN]: 🔄 Falling back to mock response due to API failure 
2025-09-22 14:27:34 [INFO]: 🎭 Generating mock response {
  "promptType": "parser",
  "promptLength": 3549
}
2025-09-22 14:27:34 [ERROR]: ❌ Vector storage failed {
  "id": "SAMPLE_PROGRAM_validation_1758531454710",
  "error": "Vector must be array of length 1536"
}
2025-09-22 14:27:34 [ERROR]: ❌ Failed to store COBOL entity {
  "entityId": "SAMPLE_PROGRAM_validation_1758531454710",
  "entityType": "validation_result",
  "error": "Vector must be array of length 1536"
}
2025-09-22 14:27:34 [ERROR]: ❌ Vector storage failed {
  "id": "0a6bc777-f558-4393-9187-85cfc175d644:ValidatorAgent-1758531454716",
  "error": "Vector must be array of length 1536"
}
2025-09-22 14:27:34 [ERROR]: ❌ Failed to store conversation context {
  "conversationId": "0a6bc777-f558-4393-9187-85cfc175d644",
  "messageId": "ValidatorAgent-1758531454716",
  "error": "Vector must be array of length 1536"
}
2025-09-22 14:27:34 [ERROR]: Failed to store agent result {
  "agent": "ValidatorAgent",
  "error": "Vector must be array of length 1536"
}
2025-09-22 14:27:34 [INFO]: ✅ ValidatorAgent completed successfully {
  "agent": "ValidatorAgent",
  "confidence": 0.95,
  "outputSize": 906
}
2025-09-22 14:27:34 [INFO]: 🔧 Workflow step: explain_step {
  "workflowId": "workflow_1758531446052_ss1nhp5li"
}
2025-09-22 14:27:34 [INFO]: 🚀 Starting ExplainerAgent {
  "agent": "ExplainerAgent",
  "inputSize": 2974
}
2025-09-22 14:27:34 [ERROR]: ❌ Vector search failed {
  "error": "Query vector must be array of length 1536"
}
2025-09-22 14:27:34 [ERROR]: ❌ Failed to get relevant context {
  "conversationId": "0a6bc777-f558-4393-9187-85cfc175d644",
  "error": "Query vector must be array of length 1536"
}
2025-09-22 14:27:34 [ERROR]: Failed to get relevant context {
  "agent": "ExplainerAgent",
  "error": "Query vector must be array of length 1536"
}
2025-09-22 14:27:34 [INFO]: 🤖 Generating AI content {
  "provider": "gemini",
  "mockMode": false,
  "promptLength": 4820,
  "temperature": 0.5,
  "maxTokens": 6000
}
2025-09-22 14:27:35 [ERROR]: ❌ AI generation failed {
  "error": "Request failed with status code 404"
}
2025-09-22 14:27:35 [WARN]: 🔄 Falling back to mock response due to API failure 
2025-09-22 14:27:36 [INFO]: 🎭 Generating mock response {
  "promptType": "parser",
  "promptLength": 4820
}
2025-09-22 14:27:36 [ERROR]: ❌ Vector storage failed {
  "id": "explanation_1758531456358",
  "error": "Vector must be array of length 1536"
}
2025-09-22 14:27:36 [ERROR]: ❌ Failed to store COBOL entity {
  "entityId": "explanation_1758531456358",
  "entityType": "explanation",
  "error": "Vector must be array of length 1536"
}
2025-09-22 14:27:36 [ERROR]: ❌ Vector storage failed {
  "id": "0a6bc777-f558-4393-9187-85cfc175d644:ExplainerAgent-1758531456364",
  "error": "Vector must be array of length 1536"
}
2025-09-22 14:27:36 [ERROR]: ❌ Failed to store conversation context {
  "conversationId": "0a6bc777-f558-4393-9187-85cfc175d644",
  "messageId": "ExplainerAgent-1758531456364",
  "error": "Vector must be array of length 1536"
}
2025-09-22 14:27:36 [ERROR]: Failed to store agent result {
  "agent": "ExplainerAgent",
  "error": "Vector must be array of length 1536"
}
2025-09-22 14:27:36 [INFO]: ✅ ExplainerAgent completed successfully {
  "agent": "ExplainerAgent",
  "confidence": 0.8999999999999999,
  "outputSize": 900
}
2025-09-22 14:27:36 [INFO]: 🔧 Workflow step: workflow_completed {
  "workflowId": "workflow_1758531446052_ss1nhp5li",
  "workflowType": "full_modernization",
  "duration": 10319,
  "success": true
}
2025-09-22 14:27:36 [INFO]: Job 0a6bc777-f558-4393-9187-85cfc175d644: Pipeline completed 
2025-09-22 14:27:36 [INFO]: Job 0a6bc777-f558-4393-9187-85cfc175d644: Processing completed successfully 
2025-09-22 14:27:36 [INFO]: ✅ Job 0a6bc777-f558-4393-9187-85cfc175d644 completed successfully - processed 2 files 
2025-09-22 14:29:00 [INFO]: 🔄 Received SIGINT, shutting down gracefully... 
2025-09-22 14:30:54 [INFO]: 🚀 Initializing AI Modernization Assistant... 
2025-09-22 14:30:54 [INFO]: 🤖 AI Client initialized {
  "provider": "gemini",
  "mockMode": false,
  "hasApiKey": true
}
2025-09-22 14:30:54 [INFO]: ✅ AI system initialized successfully 
2025-09-22 14:30:54 [INFO]: 🌟 AI Modernization Assistant server running on port 3001 
2025-09-22 14:30:54 [INFO]: 📁 Upload directory: D:\hackflash2\404-KILLERS\engine\uploads 
2025-09-22 14:30:54 [INFO]: 🔧 Environment: development 
2025-09-22 14:30:54 [INFO]: 🤖 AI Provider: gemini 
2025-09-22 14:30:54 [INFO]: 🔑 API Key configured: true 
2025-09-22 14:31:18 [INFO]: 📁 File upload received: 2 file(s) 
2025-09-22 14:31:18 [INFO]:   - sample.cpy (3783 bytes) 
2025-09-22 14:31:18 [INFO]:   - sample.dat (4997 bytes) 
2025-09-22 14:31:18 [INFO]: Job 6e47eadc-d59a-4ff5-a0c4-c226ba3e2ed1: Starting analysis of 2 files... 
2025-09-22 14:31:18 [INFO]: 📊 File breakdown: 1 .cpy, 1 .dat, 0 other 
2025-09-22 14:31:18 [INFO]: Job 6e47eadc-d59a-4ff5-a0c4-c226ba3e2ed1: Processing sample.cpy... 
2025-09-22 14:31:18 [INFO]: 📄 Starting file chunking {
  "filePath": "files-1758531678503-391805203.cpy",
  "maxChunkSize": 4000,
  "overlap": 200,
  "strategy": "auto"
}
2025-09-22 14:31:18 [INFO]: Job 6e47eadc-d59a-4ff5-a0c4-c226ba3e2ed1: Processing sample.dat... 
2025-09-22 14:31:18 [INFO]: 📄 Starting file chunking {
  "filePath": "files-1758531678504-384386528.dat",
  "maxChunkSize": 4000,
  "overlap": 200,
  "strategy": "auto"
}
2025-09-22 14:31:18 [INFO]: ✅ File chunking completed {
  "fileName": "files-1758531678504-384386528.dat",
  "totalChunks": 2,
  "avgChunkSize": 2500,
  "strategy": "lines"
}
2025-09-22 14:31:18 [INFO]: Job 6e47eadc-d59a-4ff5-a0c4-c226ba3e2ed1: Combined 3 chunks from 2 files 
2025-09-22 14:31:18 [INFO]: Job 6e47eadc-d59a-4ff5-a0c4-c226ba3e2ed1: Starting modernization pipeline... 
2025-09-22 14:31:18 [INFO]: 🔧 Workflow step: workflow_started {
  "workflowId": "workflow_1758531678530_fi50xh1zy",
  "workflowType": "full_modernization",
  "input": "object"
}
2025-09-22 14:31:18 [INFO]: 🔧 Workflow step: parse_step {
  "workflowId": "workflow_1758531678530_fi50xh1zy"
}
2025-09-22 14:31:18 [INFO]: 🚀 Starting ParserAgent {
  "agent": "ParserAgent",
  "inputSize": 18798
}
2025-09-22 14:31:18 [ERROR]: ❌ Vector search failed {
  "error": "Query vector must be array of length 1536"
}
2025-09-22 14:31:18 [ERROR]: ❌ Failed to get relevant context {
  "conversationId": "6e47eadc-d59a-4ff5-a0c4-c226ba3e2ed1",
  "error": "Query vector must be array of length 1536"
}
2025-09-22 14:31:18 [ERROR]: Failed to get relevant context {
  "agent": "ParserAgent",
  "error": "Query vector must be array of length 1536"
}
2025-09-22 14:31:18 [INFO]: 🤖 Generating AI content {
  "provider": "gemini",
  "mockMode": false,
  "promptLength": 8220,
  "temperature": 0.3,
  "maxTokens": 4000
}
2025-09-22 14:31:19 [ERROR]: ❌ AI generation failed {
  "error": "Request failed with status code 404"
}
2025-09-22 14:31:19 [WARN]: 🔄 Falling back to mock response due to API failure 
2025-09-22 14:31:20 [INFO]: 🎭 Generating mock response {
  "promptType": "parser",
  "promptLength": 8220
}
2025-09-22 14:31:20 [ERROR]: ❌ Vector storage failed {
  "id": "SAMPLE_PROGRAM",
  "error": "Vector must be array of length 1536"
}
2025-09-22 14:31:20 [ERROR]: ❌ Failed to store COBOL entity {
  "entityId": "SAMPLE_PROGRAM",
  "entityType": "program",
  "error": "Vector must be array of length 1536"
}
2025-09-22 14:31:20 [ERROR]: ❌ Vector storage failed {
  "id": "6e47eadc-d59a-4ff5-a0c4-c226ba3e2ed1:ParserAgent-1758531680405",
  "error": "Vector must be array of length 1536"
}
2025-09-22 14:31:20 [ERROR]: ❌ Failed to store conversation context {
  "conversationId": "6e47eadc-d59a-4ff5-a0c4-c226ba3e2ed1",
  "messageId": "ParserAgent-1758531680405",
  "error": "Vector must be array of length 1536"
}
2025-09-22 14:31:20 [ERROR]: Failed to store agent result {
  "agent": "ParserAgent",
  "error": "Vector must be array of length 1536"
}
2025-09-22 14:31:20 [INFO]: ✅ ParserAgent completed successfully {
  "agent": "ParserAgent",
  "confidence": 0.95,
  "outputSize": 1211
}
2025-09-22 14:31:20 [INFO]: 🔧 Workflow step: modernize_step {
  "workflowId": "workflow_1758531678530_fi50xh1zy"
}
2025-09-22 14:31:20 [INFO]: 🚀 Starting ModernizerAgent {
  "agent": "ModernizerAgent",
  "inputSize": 10373
}
2025-09-22 14:31:20 [ERROR]: ❌ Vector search failed {
  "error": "Query vector must be array of length 1536"
}
2025-09-22 14:31:20 [ERROR]: ❌ Failed to get relevant context {
  "conversationId": "6e47eadc-d59a-4ff5-a0c4-c226ba3e2ed1",
  "error": "Query vector must be array of length 1536"
}
2025-09-22 14:31:20 [ERROR]: Failed to get relevant context {
  "agent": "ModernizerAgent",
  "error": "Query vector must be array of length 1536"
}
2025-09-22 14:31:20 [INFO]: 🤖 Generating AI content {
  "provider": "gemini",
  "mockMode": false,
  "promptLength": 6228,
  "temperature": 0.4,
  "maxTokens": 6000
}
2025-09-22 14:31:20 [ERROR]: ❌ AI generation failed {
  "error": "Request failed with status code 404"
}
2025-09-22 14:31:20 [WARN]: 🔄 Falling back to mock response due to API failure 
2025-09-22 14:31:21 [INFO]: 🎭 Generating mock response {
  "promptType": "parser",
  "promptLength": 6228
}
2025-09-22 14:31:21 [ERROR]: ❌ Vector storage failed {
  "id": "SAMPLE_PROGRAM_modern_Java",
  "error": "Vector must be array of length 1536"
}
2025-09-22 14:31:21 [ERROR]: ❌ Failed to store COBOL entity {
  "entityId": "SAMPLE_PROGRAM_modern_Java",
  "entityType": "modernized_program",
  "error": "Vector must be array of length 1536"
}
2025-09-22 14:31:21 [ERROR]: ❌ Vector storage failed {
  "id": "6e47eadc-d59a-4ff5-a0c4-c226ba3e2ed1:ModernizerAgent-1758531681721",
  "error": "Vector must be array of length 1536"
}
2025-09-22 14:31:21 [ERROR]: ❌ Failed to store conversation context {
  "conversationId": "6e47eadc-d59a-4ff5-a0c4-c226ba3e2ed1",
  "messageId": "ModernizerAgent-1758531681721",
  "error": "Vector must be array of length 1536"
}
2025-09-22 14:31:21 [ERROR]: Failed to store agent result {
  "agent": "ModernizerAgent",
  "error": "Vector must be array of length 1536"
}
2025-09-22 14:31:21 [INFO]: ✅ ModernizerAgent completed successfully {
  "agent": "ModernizerAgent",
  "confidence": 0.95,
  "outputSize": 704
}
2025-09-22 14:31:21 [INFO]: 🔧 Workflow step: validate_step {
  "workflowId": "workflow_1758531678530_fi50xh1zy"
}
2025-09-22 14:31:21 [INFO]: 🚀 Starting ValidatorAgent {
  "agent": "ValidatorAgent",
  "inputSize": 2005
}
2025-09-22 14:31:21 [ERROR]: ❌ Vector search failed {
  "error": "Query vector must be array of length 1536"
}
2025-09-22 14:31:21 [ERROR]: ❌ Failed to get relevant context {
  "conversationId": "6e47eadc-d59a-4ff5-a0c4-c226ba3e2ed1",
  "error": "Query vector must be array of length 1536"
}
2025-09-22 14:31:21 [ERROR]: Failed to get relevant context {
  "agent": "ValidatorAgent",
  "error": "Query vector must be array of length 1536"
}
2025-09-22 14:31:21 [INFO]: 🤖 Generating AI content {
  "provider": "gemini",
  "mockMode": false,
  "promptLength": 3549,
  "temperature": 0.2,
  "maxTokens": 5000
}
2025-09-22 14:31:22 [ERROR]: ❌ AI generation failed {
  "error": "Request failed with status code 404"
}
2025-09-22 14:31:22 [WARN]: 🔄 Falling back to mock response due to API failure 
2025-09-22 14:31:22 [INFO]: 🎭 Generating mock response {
  "promptType": "parser",
  "promptLength": 3549
}
2025-09-22 14:31:22 [ERROR]: ❌ Vector storage failed {
  "id": "SAMPLE_PROGRAM_validation_1758531682912",
  "error": "Vector must be array of length 1536"
}
2025-09-22 14:31:22 [ERROR]: ❌ Failed to store COBOL entity {
  "entityId": "SAMPLE_PROGRAM_validation_1758531682912",
  "entityType": "validation_result",
  "error": "Vector must be array of length 1536"
}
2025-09-22 14:31:22 [ERROR]: ❌ Vector storage failed {
  "id": "6e47eadc-d59a-4ff5-a0c4-c226ba3e2ed1:ValidatorAgent-1758531682915",
  "error": "Vector must be array of length 1536"
}
2025-09-22 14:31:22 [ERROR]: ❌ Failed to store conversation context {
  "conversationId": "6e47eadc-d59a-4ff5-a0c4-c226ba3e2ed1",
  "messageId": "ValidatorAgent-1758531682915",
  "error": "Vector must be array of length 1536"
}
2025-09-22 14:31:22 [ERROR]: Failed to store agent result {
  "agent": "ValidatorAgent",
  "error": "Vector must be array of length 1536"
}
2025-09-22 14:31:22 [INFO]: ✅ ValidatorAgent completed successfully {
  "agent": "ValidatorAgent",
  "confidence": 0.95,
  "outputSize": 906
}
2025-09-22 14:31:22 [INFO]: 🔧 Workflow step: explain_step {
  "workflowId": "workflow_1758531678530_fi50xh1zy"
}
2025-09-22 14:31:22 [INFO]: 🚀 Starting ExplainerAgent {
  "agent": "ExplainerAgent",
  "inputSize": 2974
}
2025-09-22 14:31:22 [ERROR]: ❌ Vector search failed {
  "error": "Query vector must be array of length 1536"
}
2025-09-22 14:31:22 [ERROR]: ❌ Failed to get relevant context {
  "conversationId": "6e47eadc-d59a-4ff5-a0c4-c226ba3e2ed1",
  "error": "Query vector must be array of length 1536"
}
2025-09-22 14:31:22 [ERROR]: Failed to get relevant context {
  "agent": "ExplainerAgent",
  "error": "Query vector must be array of length 1536"
}
2025-09-22 14:31:22 [INFO]: 🤖 Generating AI content {
  "provider": "gemini",
  "mockMode": false,
  "promptLength": 4820,
  "temperature": 0.5,
  "maxTokens": 6000
}
2025-09-22 14:31:23 [ERROR]: ❌ AI generation failed {
  "error": "Request failed with status code 404"
}
2025-09-22 14:31:23 [WARN]: 🔄 Falling back to mock response due to API failure 
2025-09-22 14:31:24 [INFO]: 🎭 Generating mock response {
  "promptType": "parser",
  "promptLength": 4820
}
2025-09-22 14:31:24 [ERROR]: ❌ Vector storage failed {
  "id": "explanation_1758531684493",
  "error": "Vector must be array of length 1536"
}
2025-09-22 14:31:24 [ERROR]: ❌ Failed to store COBOL entity {
  "entityId": "explanation_1758531684493",
  "entityType": "explanation",
  "error": "Vector must be array of length 1536"
}
2025-09-22 14:31:24 [ERROR]: ❌ Vector storage failed {
  "id": "6e47eadc-d59a-4ff5-a0c4-c226ba3e2ed1:ExplainerAgent-1758531684495",
  "error": "Vector must be array of length 1536"
}
2025-09-22 14:31:24 [ERROR]: ❌ Failed to store conversation context {
  "conversationId": "6e47eadc-d59a-4ff5-a0c4-c226ba3e2ed1",
  "messageId": "ExplainerAgent-1758531684495",
  "error": "Vector must be array of length 1536"
}
2025-09-22 14:31:24 [ERROR]: Failed to store agent result {
  "agent": "ExplainerAgent",
  "error": "Vector must be array of length 1536"
}
2025-09-22 14:31:24 [INFO]: ✅ ExplainerAgent completed successfully {
  "agent": "ExplainerAgent",
  "confidence": 0.8999999999999999,
  "outputSize": 900
}
2025-09-22 14:31:24 [INFO]: 🔧 Workflow step: workflow_completed {
  "workflowId": "workflow_1758531678530_fi50xh1zy",
  "workflowType": "full_modernization",
  "duration": 5967,
  "success": true
}
2025-09-22 14:31:24 [INFO]: Job 6e47eadc-d59a-4ff5-a0c4-c226ba3e2ed1: Pipeline completed 
2025-09-22 14:31:24 [INFO]: Job 6e47eadc-d59a-4ff5-a0c4-c226ba3e2ed1: Processing completed successfully 
2025-09-22 14:31:24 [INFO]: ✅ Job 6e47eadc-d59a-4ff5-a0c4-c226ba3e2ed1 completed successfully - processed 2 files 
2025-09-22 14:32:59 [INFO]: 🚀 Initializing AI Modernization Assistant... 
2025-09-22 14:32:59 [INFO]: 🤖 AI Client initialized {
  "provider": "gemini",
  "mockMode": false,
  "hasApiKey": true
}
2025-09-22 14:32:59 [INFO]: ✅ AI system initialized successfully 
2025-09-22 14:32:59 [INFO]: 🌟 AI Modernization Assistant server running on port 3001 
2025-09-22 14:32:59 [INFO]: 📁 Upload directory: D:\hackflash2\404-KILLERS\engine\uploads 
2025-09-22 14:32:59 [INFO]: 🔧 Environment: development 
2025-09-22 14:32:59 [INFO]: 🤖 AI Provider: gemini 
2025-09-22 14:32:59 [INFO]: 🔑 API Key configured: true 
2025-09-22 14:33:13 [INFO]: 📁 File upload received: 2 file(s) 
2025-09-22 14:33:13 [INFO]:   - sample.cpy (3783 bytes) 
2025-09-22 14:33:13 [INFO]:   - sample.dat (4997 bytes) 
2025-09-22 14:33:13 [INFO]: Job 4dba7660-5870-41a2-91ca-fae7efadc699: Starting analysis of 2 files... 
2025-09-22 14:33:13 [INFO]: 📊 File breakdown: 1 .cpy, 1 .dat, 0 other 
2025-09-22 14:33:13 [INFO]: Job 4dba7660-5870-41a2-91ca-fae7efadc699: Processing sample.cpy... 
2025-09-22 14:33:13 [INFO]: 📄 Starting file chunking {
  "filePath": "files-1758531793005-399207597.cpy",
  "maxChunkSize": 4000,
  "overlap": 200,
  "strategy": "auto"
}
2025-09-22 14:33:13 [INFO]: Job 4dba7660-5870-41a2-91ca-fae7efadc699: Processing sample.dat... 
2025-09-22 14:33:13 [INFO]: 📄 Starting file chunking {
  "filePath": "files-1758531793006-510592513.dat",
  "maxChunkSize": 4000,
  "overlap": 200,
  "strategy": "auto"
}
2025-09-22 14:33:13 [INFO]: ✅ File chunking completed {
  "fileName": "files-1758531793006-510592513.dat",
  "totalChunks": 2,
  "avgChunkSize": 2500,
  "strategy": "lines"
}
2025-09-22 14:33:13 [INFO]: Job 4dba7660-5870-41a2-91ca-fae7efadc699: Combined 3 chunks from 2 files 
2025-09-22 14:33:13 [INFO]: Job 4dba7660-5870-41a2-91ca-fae7efadc699: Starting modernization pipeline... 
2025-09-22 14:33:13 [INFO]: 🔧 Workflow step: workflow_started {
  "workflowId": "workflow_1758531793035_19cbv2lqk",
  "workflowType": "full_modernization",
  "input": "object"
}
2025-09-22 14:33:13 [INFO]: 🔧 Workflow step: parse_step {
  "workflowId": "workflow_1758531793035_19cbv2lqk"
}
2025-09-22 14:33:13 [INFO]: 🚀 Starting ParserAgent {
  "agent": "ParserAgent",
  "inputSize": 18798
}
2025-09-22 14:33:13 [INFO]: ✅ Embedding generated {
  "textLength": 8846,
  "vectorLength": 1536,
  "nonZeroValues": 1208
}
2025-09-22 14:33:13 [ERROR]: ❌ Vector search failed {
  "error": "Query vector must be array of length 1536"
}
2025-09-22 14:33:13 [ERROR]: ❌ Failed to get relevant context {
  "conversationId": "4dba7660-5870-41a2-91ca-fae7efadc699",
  "error": "Query vector must be array of length 1536"
}
2025-09-22 14:33:13 [ERROR]: Failed to get relevant context {
  "agent": "ParserAgent",
  "error": "Query vector must be array of length 1536"
}
2025-09-22 14:33:13 [INFO]: 🤖 Generating AI content {
  "provider": "gemini",
  "mockMode": false,
  "promptLength": 8220,
  "temperature": 0.3,
  "maxTokens": 4000
}
2025-09-22 14:33:16 [ERROR]: ❌ AI generation failed {
  "error": "Request failed with status code 404"
}
2025-09-22 14:33:16 [WARN]: 🔄 Falling back to mock response due to API failure 
2025-09-22 14:33:17 [INFO]: 🎭 Generating mock response {
  "promptType": "parser",
  "promptLength": 8220
}
2025-09-22 14:33:17 [INFO]: ✅ Embedding generated {
  "textLength": 1211,
  "vectorLength": 1536,
  "nonZeroValues": 489
}
2025-09-22 14:33:17 [ERROR]: ❌ Vector storage failed {
  "id": "SAMPLE_PROGRAM",
  "error": "Vector must be array of length 1536"
}
2025-09-22 14:33:17 [ERROR]: ❌ Failed to store COBOL entity {
  "entityId": "SAMPLE_PROGRAM",
  "entityType": "program",
  "error": "Vector must be array of length 1536"
}
2025-09-22 14:33:17 [INFO]: ✅ Embedding generated {
  "textLength": 1211,
  "vectorLength": 1536,
  "nonZeroValues": 489
}
2025-09-22 14:33:17 [ERROR]: ❌ Vector storage failed {
  "id": "4dba7660-5870-41a2-91ca-fae7efadc699:ParserAgent-1758531797282",
  "error": "Vector must be array of length 1536"
}
2025-09-22 14:33:17 [ERROR]: ❌ Failed to store conversation context {
  "conversationId": "4dba7660-5870-41a2-91ca-fae7efadc699",
  "messageId": "ParserAgent-1758531797282",
  "error": "Vector must be array of length 1536"
}
2025-09-22 14:33:17 [ERROR]: Failed to store agent result {
  "agent": "ParserAgent",
  "error": "Vector must be array of length 1536"
}
2025-09-22 14:33:17 [INFO]: ✅ ParserAgent completed successfully {
  "agent": "ParserAgent",
  "confidence": 0.95,
  "outputSize": 1211
}
2025-09-22 14:33:17 [INFO]: 🔧 Workflow step: modernize_step {
  "workflowId": "workflow_1758531793035_19cbv2lqk"
}
2025-09-22 14:33:17 [INFO]: 🚀 Starting ModernizerAgent {
  "agent": "ModernizerAgent",
  "inputSize": 10373
}
2025-09-22 14:33:17 [INFO]: ✅ Embedding generated {
  "textLength": 1211,
  "vectorLength": 1536,
  "nonZeroValues": 489
}
2025-09-22 14:33:17 [ERROR]: ❌ Vector search failed {
  "error": "Query vector must be array of length 1536"
}
2025-09-22 14:33:17 [ERROR]: ❌ Failed to get relevant context {
  "conversationId": "4dba7660-5870-41a2-91ca-fae7efadc699",
  "error": "Query vector must be array of length 1536"
}
2025-09-22 14:33:17 [ERROR]: Failed to get relevant context {
  "agent": "ModernizerAgent",
  "error": "Query vector must be array of length 1536"
}
2025-09-22 14:33:17 [INFO]: 🤖 Generating AI content {
  "provider": "gemini",
  "mockMode": false,
  "promptLength": 6228,
  "temperature": 0.4,
  "maxTokens": 6000
}
2025-09-22 14:33:17 [ERROR]: ❌ AI generation failed {
  "error": "Request failed with status code 404"
}
2025-09-22 14:33:17 [WARN]: 🔄 Falling back to mock response due to API failure 
2025-09-22 14:33:19 [INFO]: 🎭 Generating mock response {
  "promptType": "parser",
  "promptLength": 6228
}
2025-09-22 14:33:19 [INFO]: ✅ Embedding generated {
  "textLength": 704,
  "vectorLength": 1536,
  "nonZeroValues": 423
}
2025-09-22 14:33:19 [ERROR]: ❌ Vector storage failed {
  "id": "SAMPLE_PROGRAM_modern_Java",
  "error": "Vector must be array of length 1536"
}
2025-09-22 14:33:19 [ERROR]: ❌ Failed to store COBOL entity {
  "entityId": "SAMPLE_PROGRAM_modern_Java",
  "entityType": "modernized_program",
  "error": "Vector must be array of length 1536"
}
2025-09-22 14:33:19 [INFO]: ✅ Embedding generated {
  "textLength": 704,
  "vectorLength": 1536,
  "nonZeroValues": 423
}
2025-09-22 14:33:19 [ERROR]: ❌ Vector storage failed {
  "id": "4dba7660-5870-41a2-91ca-fae7efadc699:ModernizerAgent-1758531799438",
  "error": "Vector must be array of length 1536"
}
2025-09-22 14:33:19 [ERROR]: ❌ Failed to store conversation context {
  "conversationId": "4dba7660-5870-41a2-91ca-fae7efadc699",
  "messageId": "ModernizerAgent-1758531799438",
  "error": "Vector must be array of length 1536"
}
2025-09-22 14:33:19 [ERROR]: Failed to store agent result {
  "agent": "ModernizerAgent",
  "error": "Vector must be array of length 1536"
}
2025-09-22 14:33:19 [INFO]: ✅ ModernizerAgent completed successfully {
  "agent": "ModernizerAgent",
  "confidence": 0.95,
  "outputSize": 704
}
2025-09-22 14:33:19 [INFO]: 🔧 Workflow step: validate_step {
  "workflowId": "workflow_1758531793035_19cbv2lqk"
}
2025-09-22 14:33:19 [INFO]: 🚀 Starting ValidatorAgent {
  "agent": "ValidatorAgent",
  "inputSize": 2005
}
2025-09-22 14:33:19 [INFO]: ✅ Embedding generated {
  "textLength": 704,
  "vectorLength": 1536,
  "nonZeroValues": 423
}
2025-09-22 14:33:19 [ERROR]: ❌ Vector search failed {
  "error": "Query vector must be array of length 1536"
}
2025-09-22 14:33:19 [ERROR]: ❌ Failed to get relevant context {
  "conversationId": "4dba7660-5870-41a2-91ca-fae7efadc699",
  "error": "Query vector must be array of length 1536"
}
2025-09-22 14:33:19 [ERROR]: Failed to get relevant context {
  "agent": "ValidatorAgent",
  "error": "Query vector must be array of length 1536"
}
2025-09-22 14:33:19 [INFO]: 🤖 Generating AI content {
  "provider": "gemini",
  "mockMode": false,
  "promptLength": 3549,
  "temperature": 0.2,
  "maxTokens": 5000
}
2025-09-22 14:33:19 [ERROR]: ❌ AI generation failed {
  "error": "Request failed with status code 404"
}
2025-09-22 14:33:19 [WARN]: 🔄 Falling back to mock response due to API failure 
2025-09-22 14:33:20 [INFO]: 🎭 Generating mock response {
  "promptType": "parser",
  "promptLength": 3549
}
2025-09-22 14:33:20 [INFO]: ✅ Embedding generated {
  "textLength": 906,
  "vectorLength": 1536,
  "nonZeroValues": 479
}
2025-09-22 14:33:20 [ERROR]: ❌ Vector storage failed {
  "id": "SAMPLE_PROGRAM_validation_1758531800570",
  "error": "Vector must be array of length 1536"
}
2025-09-22 14:33:20 [ERROR]: ❌ Failed to store COBOL entity {
  "entityId": "SAMPLE_PROGRAM_validation_1758531800570",
  "entityType": "validation_result",
  "error": "Vector must be array of length 1536"
}
2025-09-22 14:33:20 [INFO]: ✅ Embedding generated {
  "textLength": 906,
  "vectorLength": 1536,
  "nonZeroValues": 479
}
2025-09-22 14:33:20 [ERROR]: ❌ Vector storage failed {
  "id": "4dba7660-5870-41a2-91ca-fae7efadc699:ValidatorAgent-1758531800577",
  "error": "Vector must be array of length 1536"
}
2025-09-22 14:33:20 [ERROR]: ❌ Failed to store conversation context {
  "conversationId": "4dba7660-5870-41a2-91ca-fae7efadc699",
  "messageId": "ValidatorAgent-1758531800577",
  "error": "Vector must be array of length 1536"
}
2025-09-22 14:33:20 [ERROR]: Failed to store agent result {
  "agent": "ValidatorAgent",
  "error": "Vector must be array of length 1536"
}
2025-09-22 14:33:20 [INFO]: ✅ ValidatorAgent completed successfully {
  "agent": "ValidatorAgent",
  "confidence": 0.95,
  "outputSize": 906
}
2025-09-22 14:33:20 [INFO]: 🔧 Workflow step: explain_step {
  "workflowId": "workflow_1758531793035_19cbv2lqk"
}
2025-09-22 14:33:20 [INFO]: 🚀 Starting ExplainerAgent {
  "agent": "ExplainerAgent",
  "inputSize": 2974
}
2025-09-22 14:33:20 [INFO]: ✅ Embedding generated {
  "textLength": 2864,
  "vectorLength": 1536,
  "nonZeroValues": 913
}
2025-09-22 14:33:20 [ERROR]: ❌ Vector search failed {
  "error": "Query vector must be array of length 1536"
}
2025-09-22 14:33:20 [ERROR]: ❌ Failed to get relevant context {
  "conversationId": "4dba7660-5870-41a2-91ca-fae7efadc699",
  "error": "Query vector must be array of length 1536"
}
2025-09-22 14:33:20 [ERROR]: Failed to get relevant context {
  "agent": "ExplainerAgent",
  "error": "Query vector must be array of length 1536"
}
2025-09-22 14:33:20 [INFO]: 🤖 Generating AI content {
  "provider": "gemini",
  "mockMode": false,
  "promptLength": 4820,
  "temperature": 0.5,
  "maxTokens": 6000
}
2025-09-22 14:33:21 [ERROR]: ❌ AI generation failed {
  "error": "Request failed with status code 404"
}
2025-09-22 14:33:21 [WARN]: 🔄 Falling back to mock response due to API failure 
2025-09-22 14:33:21 [INFO]: 🎭 Generating mock response {
  "promptType": "parser",
  "promptLength": 4820
}
2025-09-22 14:33:21 [INFO]: ✅ Embedding generated {
  "textLength": 900,
  "vectorLength": 1536,
  "nonZeroValues": 457
}
2025-09-22 14:33:21 [ERROR]: ❌ Vector storage failed {
  "id": "explanation_1758531801969",
  "error": "Vector must be array of length 1536"
}
2025-09-22 14:33:21 [ERROR]: ❌ Failed to store COBOL entity {
  "entityId": "explanation_1758531801969",
  "entityType": "explanation",
  "error": "Vector must be array of length 1536"
}
2025-09-22 14:33:21 [INFO]: ✅ Embedding generated {
  "textLength": 900,
  "vectorLength": 1536,
  "nonZeroValues": 457
}
2025-09-22 14:33:21 [ERROR]: ❌ Vector storage failed {
  "id": "4dba7660-5870-41a2-91ca-fae7efadc699:ExplainerAgent-1758531801973",
  "error": "Vector must be array of length 1536"
}
2025-09-22 14:33:21 [ERROR]: ❌ Failed to store conversation context {
  "conversationId": "4dba7660-5870-41a2-91ca-fae7efadc699",
  "messageId": "ExplainerAgent-1758531801973",
  "error": "Vector must be array of length 1536"
}
2025-09-22 14:33:21 [ERROR]: Failed to store agent result {
  "agent": "ExplainerAgent",
  "error": "Vector must be array of length 1536"
}
2025-09-22 14:33:21 [INFO]: ✅ ExplainerAgent completed successfully {
  "agent": "ExplainerAgent",
  "confidence": 0.8999999999999999,
  "outputSize": 900
}
2025-09-22 14:33:21 [INFO]: 🔧 Workflow step: workflow_completed {
  "workflowId": "workflow_1758531793035_19cbv2lqk",
  "workflowType": "full_modernization",
  "duration": 8939,
  "success": true
}
2025-09-22 14:33:21 [INFO]: Job 4dba7660-5870-41a2-91ca-fae7efadc699: Pipeline completed 
2025-09-22 14:33:21 [INFO]: Job 4dba7660-5870-41a2-91ca-fae7efadc699: Processing completed successfully 
2025-09-22 14:33:21 [INFO]: ✅ Job 4dba7660-5870-41a2-91ca-fae7efadc699 completed successfully - processed 2 files 
2025-09-22 14:34:26 [INFO]: 🚀 Initializing AI Modernization Assistant... 
2025-09-22 14:34:26 [INFO]: 🤖 AI Client initialized {
  "provider": "gemini",
  "mockMode": false,
  "hasApiKey": true
}
2025-09-22 14:34:26 [INFO]: ✅ AI system initialized successfully 
2025-09-22 14:34:26 [INFO]: 🌟 AI Modernization Assistant server running on port 3001 
2025-09-22 14:34:26 [INFO]: 📁 Upload directory: D:\hackflash2\404-KILLERS\engine\uploads 
2025-09-22 14:34:26 [INFO]: 🔧 Environment: development 
2025-09-22 14:34:26 [INFO]: 🤖 AI Provider: gemini 
2025-09-22 14:34:26 [INFO]: 🔑 API Key configured: true 
2025-09-22 14:34:38 [INFO]: 📁 File upload received: 2 file(s) 
2025-09-22 14:34:38 [INFO]:   - sample.cpy (3783 bytes) 
2025-09-22 14:34:38 [INFO]:   - sample.dat (4997 bytes) 
2025-09-22 14:34:38 [INFO]: Job 6270d602-d8d4-4d09-9398-bd20aa4da65d: Starting analysis of 2 files... 
2025-09-22 14:34:38 [INFO]: 📊 File breakdown: 1 .cpy, 1 .dat, 0 other 
2025-09-22 14:34:38 [INFO]: Job 6270d602-d8d4-4d09-9398-bd20aa4da65d: Processing sample.cpy... 
2025-09-22 14:34:38 [INFO]: 📄 Starting file chunking {
  "filePath": "files-1758531878460-621955622.cpy",
  "maxChunkSize": 4000,
  "overlap": 200,
  "strategy": "auto"
}
2025-09-22 14:34:38 [INFO]: Job 6270d602-d8d4-4d09-9398-bd20aa4da65d: Processing sample.dat... 
2025-09-22 14:34:38 [INFO]: 📄 Starting file chunking {
  "filePath": "files-1758531878461-49809609.dat",
  "maxChunkSize": 4000,
  "overlap": 200,
  "strategy": "auto"
}
2025-09-22 14:34:38 [INFO]: ✅ File chunking completed {
  "fileName": "files-1758531878461-49809609.dat",
  "totalChunks": 2,
  "avgChunkSize": 2500,
  "strategy": "lines"
}
2025-09-22 14:34:38 [INFO]: Job 6270d602-d8d4-4d09-9398-bd20aa4da65d: Combined 3 chunks from 2 files 
2025-09-22 14:34:38 [INFO]: Job 6270d602-d8d4-4d09-9398-bd20aa4da65d: Starting modernization pipeline... 
2025-09-22 14:34:38 [INFO]: 🔧 Workflow step: workflow_started {
  "workflowId": "workflow_1758531878488_f9afb82dr",
  "workflowType": "full_modernization",
  "input": "object"
}
2025-09-22 14:34:38 [INFO]: 🔧 Workflow step: parse_step {
  "workflowId": "workflow_1758531878488_f9afb82dr"
}
2025-09-22 14:34:38 [INFO]: 🚀 Starting ParserAgent {
  "agent": "ParserAgent",
  "inputSize": 18796
}
2025-09-22 14:34:38 [INFO]: ✅ Embedding generated {
  "textLength": 8846,
  "vectorLength": 1536,
  "nonZeroValues": 1208
}
2025-09-22 14:34:38 [INFO]: 🔍 Vector store search query {
  "vectorType": "object",
  "isArray": true,
  "vectorLength": 1536,
  "expectedDimension": "1536",
  "firstFewValues": [
    0.012073852217007679,
    0.006036926108503839,
    0.006036926108503839,
    0,
    0.012073852217007679
  ]
}
2025-09-22 14:34:38 [ERROR]: ❌ Vector search failed {
  "error": "Query vector must be array of length 1536"
}
2025-09-22 14:34:38 [ERROR]: ❌ Failed to get relevant context {
  "conversationId": "6270d602-d8d4-4d09-9398-bd20aa4da65d",
  "error": "Query vector must be array of length 1536"
}
2025-09-22 14:34:38 [ERROR]: Failed to get relevant context {
  "agent": "ParserAgent",
  "error": "Query vector must be array of length 1536"
}
2025-09-22 14:34:38 [INFO]: 🤖 Generating AI content {
  "provider": "gemini",
  "mockMode": false,
  "promptLength": 8220,
  "temperature": 0.3,
  "maxTokens": 4000
}
2025-09-22 14:34:39 [ERROR]: ❌ AI generation failed {
  "error": "Request failed with status code 404"
}
2025-09-22 14:34:39 [WARN]: 🔄 Falling back to mock response due to API failure 
2025-09-22 14:34:40 [INFO]: 🎭 Generating mock response {
  "promptType": "parser",
  "promptLength": 8220
}
2025-09-22 14:34:40 [INFO]: ✅ Embedding generated {
  "textLength": 1211,
  "vectorLength": 1536,
  "nonZeroValues": 486
}
2025-09-22 14:34:40 [INFO]: 🔍 Vector store attempting to store {
  "id": "SAMPLE_PROGRAM",
  "vectorType": "object",
  "isArray": true,
  "vectorLength": 1536,
  "expectedDimension": "1536",
  "firstFewValues": [
    0.019908629972056037,
    0,
    0.019908629972056037,
    0.13936040980439224,
    0.019908629972056037
  ]
}
2025-09-22 14:34:40 [ERROR]: ❌ Vector storage failed {
  "id": "SAMPLE_PROGRAM",
  "error": "Vector must be array of length 1536"
}
2025-09-22 14:34:40 [ERROR]: ❌ Failed to store COBOL entity {
  "entityId": "SAMPLE_PROGRAM",
  "entityType": "program",
  "error": "Vector must be array of length 1536"
}
2025-09-22 14:34:40 [INFO]: ✅ Embedding generated {
  "textLength": 1211,
  "vectorLength": 1536,
  "nonZeroValues": 486
}
2025-09-22 14:34:40 [INFO]: 🔍 Vector store attempting to store {
  "id": "6270d602-d8d4-4d09-9398-bd20aa4da65d:ParserAgent-1758531880504",
  "vectorType": "object",
  "isArray": true,
  "vectorLength": 1536,
  "expectedDimension": "1536",
  "firstFewValues": [
    0.019908629972056037,
    0,
    0.019908629972056037,
    0.13936040980439224,
    0.019908629972056037
  ]
}
2025-09-22 14:34:40 [ERROR]: ❌ Vector storage failed {
  "id": "6270d602-d8d4-4d09-9398-bd20aa4da65d:ParserAgent-1758531880504",
  "error": "Vector must be array of length 1536"
}
2025-09-22 14:34:40 [ERROR]: ❌ Failed to store conversation context {
  "conversationId": "6270d602-d8d4-4d09-9398-bd20aa4da65d",
  "messageId": "ParserAgent-1758531880504",
  "error": "Vector must be array of length 1536"
}
2025-09-22 14:34:40 [ERROR]: Failed to store agent result {
  "agent": "ParserAgent",
  "error": "Vector must be array of length 1536"
}
2025-09-22 14:34:40 [INFO]: ✅ ParserAgent completed successfully {
  "agent": "ParserAgent",
  "confidence": 0.95,
  "outputSize": 1211
}
2025-09-22 14:34:40 [INFO]: 🔧 Workflow step: modernize_step {
  "workflowId": "workflow_1758531878488_f9afb82dr"
}
2025-09-22 14:34:40 [INFO]: 🚀 Starting ModernizerAgent {
  "agent": "ModernizerAgent",
  "inputSize": 10373
}
2025-09-22 14:34:40 [INFO]: ✅ Embedding generated {
  "textLength": 1211,
  "vectorLength": 1536,
  "nonZeroValues": 486
}
2025-09-22 14:34:40 [INFO]: 🔍 Vector store search query {
  "vectorType": "object",
  "isArray": true,
  "vectorLength": 1536,
  "expectedDimension": "1536",
  "firstFewValues": [
    0.019908629972056037,
    0,
    0.019908629972056037,
    0.13936040980439224,
    0.019908629972056037
  ]
}
2025-09-22 14:34:40 [ERROR]: ❌ Vector search failed {
  "error": "Query vector must be array of length 1536"
}
2025-09-22 14:34:40 [ERROR]: ❌ Failed to get relevant context {
  "conversationId": "6270d602-d8d4-4d09-9398-bd20aa4da65d",
  "error": "Query vector must be array of length 1536"
}
2025-09-22 14:34:40 [ERROR]: Failed to get relevant context {
  "agent": "ModernizerAgent",
  "error": "Query vector must be array of length 1536"
}
2025-09-22 14:34:40 [INFO]: 🤖 Generating AI content {
  "provider": "gemini",
  "mockMode": false,
  "promptLength": 6228,
  "temperature": 0.4,
  "maxTokens": 6000
}
2025-09-22 14:34:40 [ERROR]: ❌ AI generation failed {
  "error": "Request failed with status code 404"
}
2025-09-22 14:34:40 [WARN]: 🔄 Falling back to mock response due to API failure 
2025-09-22 14:34:42 [INFO]: 🎭 Generating mock response {
  "promptType": "parser",
  "promptLength": 6228
}
2025-09-22 14:34:42 [INFO]: ✅ Embedding generated {
  "textLength": 704,
  "vectorLength": 1536,
  "nonZeroValues": 424
}
2025-09-22 14:34:42 [INFO]: 🔍 Vector store attempting to store {
  "id": "SAMPLE_PROGRAM_modern_Java",
  "vectorType": "object",
  "isArray": true,
  "vectorLength": 1536,
  "expectedDimension": "1536",
  "firstFewValues": [
    0,
    0,
    0,
    0,
    0
  ]
}
2025-09-22 14:34:42 [ERROR]: ❌ Vector storage failed {
  "id": "SAMPLE_PROGRAM_modern_Java",
  "error": "Vector must be array of length 1536"
}
2025-09-22 14:34:42 [ERROR]: ❌ Failed to store COBOL entity {
  "entityId": "SAMPLE_PROGRAM_modern_Java",
  "entityType": "modernized_program",
  "error": "Vector must be array of length 1536"
}
2025-09-22 14:34:42 [INFO]: ✅ Embedding generated {
  "textLength": 704,
  "vectorLength": 1536,
  "nonZeroValues": 424
}
2025-09-22 14:34:42 [INFO]: 🔍 Vector store attempting to store {
  "id": "6270d602-d8d4-4d09-9398-bd20aa4da65d:ModernizerAgent-1758531882092",
  "vectorType": "object",
  "isArray": true,
  "vectorLength": 1536,
  "expectedDimension": "1536",
  "firstFewValues": [
    0,
    0,
    0,
    0,
    0
  ]
}
2025-09-22 14:34:42 [ERROR]: ❌ Vector storage failed {
  "id": "6270d602-d8d4-4d09-9398-bd20aa4da65d:ModernizerAgent-1758531882092",
  "error": "Vector must be array of length 1536"
}
2025-09-22 14:34:42 [ERROR]: ❌ Failed to store conversation context {
  "conversationId": "6270d602-d8d4-4d09-9398-bd20aa4da65d",
  "messageId": "ModernizerAgent-1758531882092",
  "error": "Vector must be array of length 1536"
}
2025-09-22 14:34:42 [ERROR]: Failed to store agent result {
  "agent": "ModernizerAgent",
  "error": "Vector must be array of length 1536"
}
2025-09-22 14:34:42 [INFO]: ✅ ModernizerAgent completed successfully {
  "agent": "ModernizerAgent",
  "confidence": 0.95,
  "outputSize": 704
}
2025-09-22 14:34:42 [INFO]: 🔧 Workflow step: validate_step {
  "workflowId": "workflow_1758531878488_f9afb82dr"
}
2025-09-22 14:34:42 [INFO]: 🚀 Starting ValidatorAgent {
  "agent": "ValidatorAgent",
  "inputSize": 2005
}
2025-09-22 14:34:42 [INFO]: ✅ Embedding generated {
  "textLength": 704,
  "vectorLength": 1536,
  "nonZeroValues": 424
}
2025-09-22 14:34:42 [INFO]: 🔍 Vector store search query {
  "vectorType": "object",
  "isArray": true,
  "vectorLength": 1536,
  "expectedDimension": "1536",
  "firstFewValues": [
    0,
    0,
    0,
    0,
    0
  ]
}
2025-09-22 14:34:42 [ERROR]: ❌ Vector search failed {
  "error": "Query vector must be array of length 1536"
}
2025-09-22 14:34:42 [ERROR]: ❌ Failed to get relevant context {
  "conversationId": "6270d602-d8d4-4d09-9398-bd20aa4da65d",
  "error": "Query vector must be array of length 1536"
}
2025-09-22 14:34:42 [ERROR]: Failed to get relevant context {
  "agent": "ValidatorAgent",
  "error": "Query vector must be array of length 1536"
}
2025-09-22 14:34:42 [INFO]: 🤖 Generating AI content {
  "provider": "gemini",
  "mockMode": false,
  "promptLength": 3549,
  "temperature": 0.2,
  "maxTokens": 5000
}
2025-09-22 14:34:42 [ERROR]: ❌ AI generation failed {
  "error": "Request failed with status code 404"
}
2025-09-22 14:34:42 [WARN]: 🔄 Falling back to mock response due to API failure 
2025-09-22 14:34:43 [INFO]: 🎭 Generating mock response {
  "promptType": "parser",
  "promptLength": 3549
}
2025-09-22 14:34:43 [INFO]: ✅ Embedding generated {
  "textLength": 906,
  "vectorLength": 1536,
  "nonZeroValues": 481
}
2025-09-22 14:34:43 [INFO]: 🔍 Vector store attempting to store {
  "id": "SAMPLE_PROGRAM_validation_1758531883396",
  "vectorType": "object",
  "isArray": true,
  "vectorLength": 1536,
  "expectedDimension": "1536",
  "firstFewValues": [
    0,
    0,
    0,
    0,
    0
  ]
}
2025-09-22 14:34:43 [ERROR]: ❌ Vector storage failed {
  "id": "SAMPLE_PROGRAM_validation_1758531883396",
  "error": "Vector must be array of length 1536"
}
2025-09-22 14:34:43 [ERROR]: ❌ Failed to store COBOL entity {
  "entityId": "SAMPLE_PROGRAM_validation_1758531883396",
  "entityType": "validation_result",
  "error": "Vector must be array of length 1536"
}
2025-09-22 14:34:43 [INFO]: ✅ Embedding generated {
  "textLength": 906,
  "vectorLength": 1536,
  "nonZeroValues": 481
}
2025-09-22 14:34:43 [INFO]: 🔍 Vector store attempting to store {
  "id": "6270d602-d8d4-4d09-9398-bd20aa4da65d:ValidatorAgent-1758531883406",
  "vectorType": "object",
  "isArray": true,
  "vectorLength": 1536,
  "expectedDimension": "1536",
  "firstFewValues": [
    0,
    0,
    0,
    0,
    0
  ]
}
2025-09-22 14:34:43 [ERROR]: ❌ Vector storage failed {
  "id": "6270d602-d8d4-4d09-9398-bd20aa4da65d:ValidatorAgent-1758531883406",
  "error": "Vector must be array of length 1536"
}
2025-09-22 14:34:43 [ERROR]: ❌ Failed to store conversation context {
  "conversationId": "6270d602-d8d4-4d09-9398-bd20aa4da65d",
  "messageId": "ValidatorAgent-1758531883406",
  "error": "Vector must be array of length 1536"
}
2025-09-22 14:34:43 [ERROR]: Failed to store agent result {
  "agent": "ValidatorAgent",
  "error": "Vector must be array of length 1536"
}
2025-09-22 14:34:43 [INFO]: ✅ ValidatorAgent completed successfully {
  "agent": "ValidatorAgent",
  "confidence": 0.95,
  "outputSize": 906
}
2025-09-22 14:34:43 [INFO]: 🔧 Workflow step: explain_step {
  "workflowId": "workflow_1758531878488_f9afb82dr"
}
2025-09-22 14:34:43 [INFO]: 🚀 Starting ExplainerAgent {
  "agent": "ExplainerAgent",
  "inputSize": 2974
}
2025-09-22 14:34:43 [INFO]: ✅ Embedding generated {
  "textLength": 2864,
  "vectorLength": 1536,
  "nonZeroValues": 912
}
2025-09-22 14:34:43 [INFO]: 🔍 Vector store search query {
  "vectorType": "object",
  "isArray": true,
  "vectorLength": 1536,
  "expectedDimension": "1536",
  "firstFewValues": [
    0,
    0,
    0.06847423618485418,
    0,
    0
  ]
}
2025-09-22 14:34:43 [ERROR]: ❌ Vector search failed {
  "error": "Query vector must be array of length 1536"
}
2025-09-22 14:34:43 [ERROR]: ❌ Failed to get relevant context {
  "conversationId": "6270d602-d8d4-4d09-9398-bd20aa4da65d",
  "error": "Query vector must be array of length 1536"
}
2025-09-22 14:34:43 [ERROR]: Failed to get relevant context {
  "agent": "ExplainerAgent",
  "error": "Query vector must be array of length 1536"
}
2025-09-22 14:34:43 [INFO]: 🤖 Generating AI content {
  "provider": "gemini",
  "mockMode": false,
  "promptLength": 4820,
  "temperature": 0.5,
  "maxTokens": 6000
}
2025-09-22 14:34:43 [ERROR]: ❌ AI generation failed {
  "error": "Request failed with status code 404"
}
2025-09-22 14:34:43 [WARN]: 🔄 Falling back to mock response due to API failure 
2025-09-22 14:34:45 [INFO]: 🎭 Generating mock response {
  "promptType": "parser",
  "promptLength": 4820
}
2025-09-22 14:34:45 [INFO]: ✅ Embedding generated {
  "textLength": 900,
  "vectorLength": 1536,
  "nonZeroValues": 459
}
2025-09-22 14:34:45 [INFO]: 🔍 Vector store attempting to store {
  "id": "explanation_1758531885090",
  "vectorType": "object",
  "isArray": true,
  "vectorLength": 1536,
  "expectedDimension": "1536",
  "firstFewValues": [
    0,
    0,
    0,
    0,
    0.028272964322665604
  ]
}
2025-09-22 14:34:45 [ERROR]: ❌ Vector storage failed {
  "id": "explanation_1758531885090",
  "error": "Vector must be array of length 1536"
}
2025-09-22 14:34:45 [ERROR]: ❌ Failed to store COBOL entity {
  "entityId": "explanation_1758531885090",
  "entityType": "explanation",
  "error": "Vector must be array of length 1536"
}
2025-09-22 14:34:45 [INFO]: ✅ Embedding generated {
  "textLength": 900,
  "vectorLength": 1536,
  "nonZeroValues": 459
}
2025-09-22 14:34:45 [INFO]: 🔍 Vector store attempting to store {
  "id": "6270d602-d8d4-4d09-9398-bd20aa4da65d:ExplainerAgent-1758531885095",
  "vectorType": "object",
  "isArray": true,
  "vectorLength": 1536,
  "expectedDimension": "1536",
  "firstFewValues": [
    0,
    0,
    0,
    0,
    0.028272964322665604
  ]
}
2025-09-22 14:34:45 [ERROR]: ❌ Vector storage failed {
  "id": "6270d602-d8d4-4d09-9398-bd20aa4da65d:ExplainerAgent-1758531885095",
  "error": "Vector must be array of length 1536"
}
2025-09-22 14:34:45 [ERROR]: ❌ Failed to store conversation context {
  "conversationId": "6270d602-d8d4-4d09-9398-bd20aa4da65d",
  "messageId": "ExplainerAgent-1758531885095",
  "error": "Vector must be array of length 1536"
}
2025-09-22 14:34:45 [ERROR]: Failed to store agent result {
  "agent": "ExplainerAgent",
  "error": "Vector must be array of length 1536"
}
2025-09-22 14:34:45 [INFO]: ✅ ExplainerAgent completed successfully {
  "agent": "ExplainerAgent",
  "confidence": 0.8999999999999999,
  "outputSize": 900
}
2025-09-22 14:34:45 [INFO]: 🔧 Workflow step: workflow_completed {
  "workflowId": "workflow_1758531878488_f9afb82dr",
  "workflowType": "full_modernization",
  "duration": 6610,
  "success": true
}
2025-09-22 14:34:45 [INFO]: Job 6270d602-d8d4-4d09-9398-bd20aa4da65d: Pipeline completed 
2025-09-22 14:34:45 [INFO]: Job 6270d602-d8d4-4d09-9398-bd20aa4da65d: Processing completed successfully 
2025-09-22 14:34:45 [INFO]: ✅ Job 6270d602-d8d4-4d09-9398-bd20aa4da65d completed successfully - processed 2 files 
2025-09-22 14:35:38 [INFO]: 🚀 Initializing AI Modernization Assistant... 
2025-09-22 14:35:38 [INFO]: 🤖 AI Client initialized {
  "provider": "gemini",
  "mockMode": false,
  "hasApiKey": true
}
2025-09-22 14:35:38 [INFO]: ✅ AI system initialized successfully 
2025-09-22 14:35:38 [INFO]: 🌟 AI Modernization Assistant server running on port 3001 
2025-09-22 14:35:38 [INFO]: 📁 Upload directory: D:\hackflash2\404-KILLERS\engine\uploads 
2025-09-22 14:35:38 [INFO]: 🔧 Environment: development 
2025-09-22 14:35:38 [INFO]: 🤖 AI Provider: gemini 
2025-09-22 14:35:38 [INFO]: 🔑 API Key configured: true 
2025-09-22 14:35:48 [INFO]: 📁 File upload received: 2 file(s) 
2025-09-22 14:35:48 [INFO]:   - sample.cpy (3783 bytes) 
2025-09-22 14:35:48 [INFO]:   - sample.dat (4997 bytes) 
2025-09-22 14:35:48 [INFO]: Job d7db1e15-c7ec-4ae6-a653-68fb02e6c8bc: Starting analysis of 2 files... 
2025-09-22 14:35:48 [INFO]: 📊 File breakdown: 1 .cpy, 1 .dat, 0 other 
2025-09-22 14:35:48 [INFO]: Job d7db1e15-c7ec-4ae6-a653-68fb02e6c8bc: Processing sample.cpy... 
2025-09-22 14:35:48 [INFO]: 📄 Starting file chunking {
  "filePath": "files-1758531948133-888560866.cpy",
  "maxChunkSize": 4000,
  "overlap": 200,
  "strategy": "auto"
}
2025-09-22 14:35:48 [INFO]: Job d7db1e15-c7ec-4ae6-a653-68fb02e6c8bc: Processing sample.dat... 
2025-09-22 14:35:48 [INFO]: 📄 Starting file chunking {
  "filePath": "files-1758531948134-418414810.dat",
  "maxChunkSize": 4000,
  "overlap": 200,
  "strategy": "auto"
}
2025-09-22 14:35:48 [INFO]: ✅ File chunking completed {
  "fileName": "files-1758531948134-418414810.dat",
  "totalChunks": 2,
  "avgChunkSize": 2500,
  "strategy": "lines"
}
2025-09-22 14:35:48 [INFO]: Job d7db1e15-c7ec-4ae6-a653-68fb02e6c8bc: Combined 3 chunks from 2 files 
2025-09-22 14:35:48 [INFO]: Job d7db1e15-c7ec-4ae6-a653-68fb02e6c8bc: Starting modernization pipeline... 
2025-09-22 14:35:48 [INFO]: 🔧 Workflow step: workflow_started {
  "workflowId": "workflow_1758531948169_m6tm2tvee",
  "workflowType": "full_modernization",
  "input": "object"
}
2025-09-22 14:35:48 [INFO]: 🔧 Workflow step: parse_step {
  "workflowId": "workflow_1758531948169_m6tm2tvee"
}
2025-09-22 14:35:48 [INFO]: 🚀 Starting ParserAgent {
  "agent": "ParserAgent",
  "inputSize": 18798
}
2025-09-22 14:35:48 [INFO]: ✅ Embedding generated {
  "textLength": 8846,
  "vectorLength": 1536,
  "nonZeroValues": 1208
}
2025-09-22 14:35:48 [INFO]: 🔍 Vector store search query {
  "vectorType": "object",
  "isArray": true,
  "vectorLength": 1536,
  "expectedDimension": 1536,
  "firstFewValues": [
    0.012073852217007679,
    0.006036926108503839,
    0.006036926108503839,
    0,
    0.012073852217007679
  ]
}
2025-09-22 14:35:48 [INFO]: 🔍 Vector search completed {
  "queryDimension": 1536,
  "totalVectors": 0,
  "resultsFound": 0,
  "threshold": 0.7
}
2025-09-22 14:35:48 [INFO]: 🔍 Vector store search query {
  "vectorType": "object",
  "isArray": true,
  "vectorLength": 1536,
  "expectedDimension": 1536,
  "firstFewValues": [
    0.012073852217007679,
    0.006036926108503839,
    0.006036926108503839,
    0,
    0.012073852217007679
  ]
}
2025-09-22 14:35:48 [INFO]: 🔍 Vector search completed {
  "queryDimension": 1536,
  "totalVectors": 0,
  "resultsFound": 0,
  "threshold": 0.7
}
2025-09-22 14:35:48 [INFO]: 🔍 Vector store search query {
  "vectorType": "object",
  "isArray": true,
  "vectorLength": 1536,
  "expectedDimension": 1536,
  "firstFewValues": [
    0.012073852217007679,
    0.006036926108503839,
    0.006036926108503839,
    0,
    0.012073852217007679
  ]
}
2025-09-22 14:35:48 [INFO]: 🔍 Vector search completed {
  "queryDimension": 1536,
  "totalVectors": 0,
  "resultsFound": 0,
  "threshold": 0.7
}
2025-09-22 14:35:48 [INFO]: 🎯 Retrieved relevant context {
  "conversationId": "d7db1e15-c7ec-4ae6-a653-68fb02e6c8bc",
  "conversationItems": 0,
  "codePatterns": 0,
  "entities": 0
}
2025-09-22 14:35:48 [INFO]: 🤖 Generating AI content {
  "provider": "gemini",
  "mockMode": false,
  "promptLength": 8220,
  "temperature": 0.3,
  "maxTokens": 4000
}
2025-09-22 14:35:48 [ERROR]: ❌ AI generation failed {
  "error": "Request failed with status code 404"
}
2025-09-22 14:35:48 [WARN]: 🔄 Falling back to mock response due to API failure 
2025-09-22 14:35:49 [INFO]: 🎭 Generating mock response {
  "promptType": "parser",
  "promptLength": 8220
}
2025-09-22 14:35:49 [INFO]: ✅ Embedding generated {
  "textLength": 1211,
  "vectorLength": 1536,
  "nonZeroValues": 487
}
2025-09-22 14:35:49 [INFO]: 🔍 Vector store attempting to store {
  "id": "SAMPLE_PROGRAM",
  "vectorType": "object",
  "isArray": true,
  "vectorLength": 1536,
  "expectedDimension": 1536,
  "firstFewValues": [
    0.019932344846421795,
    0,
    0.019932344846421795,
    0.13952641392495255,
    0.019932344846421795
  ]
}
2025-09-22 14:35:49 [INFO]: 📦 Vector stored {
  "id": "SAMPLE_PROGRAM",
  "dimension": 1536,
  "metadata": [
    "entityType",
    "code",
    "language",
    "analysisResult",
    "qualityMetrics",
    "lastAnalyzed"
  ]
}
2025-09-22 14:35:49 [INFO]: 🔗 Node added to graph {
  "id": "SAMPLE_PROGRAM",
  "type": "cobol_program",
  "propertiesCount": 5
}
2025-09-22 14:35:49 [INFO]: 💾 COBOL entity stored {
  "entityId": "SAMPLE_PROGRAM",
  "entityType": "program",
  "codeLength": 8846
}
2025-09-22 14:35:49 [ERROR]: ❌ Failed to add edge {
  "fromId": "SAMPLE_PROGRAM",
  "toId": "COPYLIB1",
  "relationType": "copy",
  "error": "Source or target node not found: SAMPLE_PROGRAM -> COPYLIB1"
}
2025-09-22 14:35:49 [ERROR]: ❌ Failed to store relationship {
  "fromEntity": "SAMPLE_PROGRAM",
  "toEntity": "COPYLIB1",
  "relationType": "copy",
  "error": "Source or target node not found: SAMPLE_PROGRAM -> COPYLIB1"
}
2025-09-22 14:35:49 [INFO]: ✅ Embedding generated {
  "textLength": 1211,
  "vectorLength": 1536,
  "nonZeroValues": 487
}
2025-09-22 14:35:49 [INFO]: 🔍 Vector store attempting to store {
  "id": "d7db1e15-c7ec-4ae6-a653-68fb02e6c8bc:ParserAgent-1758531949489",
  "vectorType": "object",
  "isArray": true,
  "vectorLength": 1536,
  "expectedDimension": 1536,
  "firstFewValues": [
    0.019932344846421795,
    0,
    0.019932344846421795,
    0.13952641392495255,
    0.019932344846421795
  ]
}
2025-09-22 14:35:49 [INFO]: 📦 Vector stored {
  "id": "d7db1e15-c7ec-4ae6-a653-68fb02e6c8bc:ParserAgent-1758531949489",
  "dimension": 1536,
  "metadata": [
    "conversationId",
    "messageId",
    "content",
    "role",
    "type"
  ]
}
2025-09-22 14:35:49 [INFO]: 💬 Conversation context stored {
  "conversationId": "d7db1e15-c7ec-4ae6-a653-68fb02e6c8bc",
  "messageId": "ParserAgent-1758531949489",
  "role": "assistant",
  "contentLength": 1211
}
2025-09-22 14:35:49 [INFO]: ✅ ParserAgent completed successfully {
  "agent": "ParserAgent",
  "confidence": 0.95,
  "outputSize": 1211
}
2025-09-22 14:35:49 [INFO]: 🔧 Workflow step: modernize_step {
  "workflowId": "workflow_1758531948169_m6tm2tvee"
}
2025-09-22 14:35:49 [INFO]: 🚀 Starting ModernizerAgent {
  "agent": "ModernizerAgent",
  "inputSize": 10373
}
2025-09-22 14:35:49 [INFO]: ✅ Embedding generated {
  "textLength": 1211,
  "vectorLength": 1536,
  "nonZeroValues": 487
}
2025-09-22 14:35:49 [INFO]: 🔍 Vector store search query {
  "vectorType": "object",
  "isArray": true,
  "vectorLength": 1536,
  "expectedDimension": 1536,
  "firstFewValues": [
    0.019932344846421795,
    0,
    0.019932344846421795,
    0.13952641392495255,
    0.019932344846421795
  ]
}
2025-09-22 14:35:49 [INFO]: 🔍 Vector search completed {
  "queryDimension": 1536,
  "totalVectors": 2,
  "resultsFound": 1,
  "threshold": 0.7
}
2025-09-22 14:35:49 [INFO]: 🔍 Vector store search query {
  "vectorType": "object",
  "isArray": true,
  "vectorLength": 1536,
  "expectedDimension": 1536,
  "firstFewValues": [
    0.019932344846421795,
    0,
    0.019932344846421795,
    0.13952641392495255,
    0.019932344846421795
  ]
}
2025-09-22 14:35:49 [INFO]: 🔍 Vector search completed {
  "queryDimension": 1536,
  "totalVectors": 2,
  "resultsFound": 0,
  "threshold": 0.7
}
2025-09-22 14:35:49 [INFO]: 🔍 Vector store search query {
  "vectorType": "object",
  "isArray": true,
  "vectorLength": 1536,
  "expectedDimension": 1536,
  "firstFewValues": [
    0.019932344846421795,
    0,
    0.019932344846421795,
    0.13952641392495255,
    0.019932344846421795
  ]
}
2025-09-22 14:35:49 [INFO]: 🔍 Vector search completed {
  "queryDimension": 1536,
  "totalVectors": 2,
  "resultsFound": 1,
  "threshold": 0.7
}
2025-09-22 14:35:49 [INFO]: 🎯 Retrieved relevant context {
  "conversationId": "d7db1e15-c7ec-4ae6-a653-68fb02e6c8bc",
  "conversationItems": 1,
  "codePatterns": 0,
  "entities": 1
}
2025-09-22 14:35:49 [INFO]: 🤖 Generating AI content {
  "provider": "gemini",
  "mockMode": false,
  "promptLength": 6476,
  "temperature": 0.4,
  "maxTokens": 6000
}
2025-09-22 14:35:49 [ERROR]: ❌ AI generation failed {
  "error": "Request failed with status code 404"
}
2025-09-22 14:35:49 [WARN]: 🔄 Falling back to mock response due to API failure 
2025-09-22 14:35:51 [INFO]: 🎭 Generating mock response {
  "promptType": "parser",
  "promptLength": 6476
}
2025-09-22 14:35:51 [INFO]: ✅ Embedding generated {
  "textLength": 704,
  "vectorLength": 1536,
  "nonZeroValues": 423
}
2025-09-22 14:35:51 [INFO]: 🔍 Vector store attempting to store {
  "id": "SAMPLE_PROGRAM_modern_Java",
  "vectorType": "object",
  "isArray": true,
  "vectorLength": 1536,
  "expectedDimension": 1536,
  "firstFewValues": [
    0,
    0,
    0,
    0,
    0
  ]
}
2025-09-22 14:35:51 [INFO]: 📦 Vector stored {
  "id": "SAMPLE_PROGRAM_modern_Java",
  "dimension": 1536,
  "metadata": [
    "entityType",
    "code",
    "language",
    "originalProgram",
    "targetLanguage",
    "targetFramework",
    "modernizationMetrics",
    "migrationPlan",
    "lastModernized"
  ]
}
2025-09-22 14:35:51 [INFO]: 🔗 Node added to graph {
  "id": "SAMPLE_PROGRAM_modern_Java",
  "type": "modernized_program",
  "propertiesCount": 7
}
2025-09-22 14:35:51 [INFO]: 💾 COBOL entity stored {
  "entityId": "SAMPLE_PROGRAM_modern_Java",
  "entityType": "modernized_program",
  "codeLength": 103
}
2025-09-22 14:35:51 [INFO]: ➡️ Edge added to graph {
  "from": "SAMPLE_PROGRAM",
  "to": "SAMPLE_PROGRAM_modern_Java",
  "type": "modernized_to"
}
2025-09-22 14:35:51 [INFO]: 🔗 Relationship stored {
  "from": "SAMPLE_PROGRAM",
  "to": "SAMPLE_PROGRAM_modern_Java",
  "type": "modernized_to"
}
2025-09-22 14:35:51 [INFO]: ✅ Embedding generated {
  "textLength": 704,
  "vectorLength": 1536,
  "nonZeroValues": 423
}
2025-09-22 14:35:51 [INFO]: 🔍 Vector store attempting to store {
  "id": "d7db1e15-c7ec-4ae6-a653-68fb02e6c8bc:ModernizerAgent-1758531951268",
  "vectorType": "object",
  "isArray": true,
  "vectorLength": 1536,
  "expectedDimension": 1536,
  "firstFewValues": [
    0,
    0,
    0,
    0,
    0
  ]
}
2025-09-22 14:35:51 [INFO]: 📦 Vector stored {
  "id": "d7db1e15-c7ec-4ae6-a653-68fb02e6c8bc:ModernizerAgent-1758531951268",
  "dimension": 1536,
  "metadata": [
    "conversationId",
    "messageId",
    "content",
    "role",
    "type"
  ]
}
2025-09-22 14:35:51 [INFO]: 💬 Conversation context stored {
  "conversationId": "d7db1e15-c7ec-4ae6-a653-68fb02e6c8bc",
  "messageId": "ModernizerAgent-1758531951268",
  "role": "assistant",
  "contentLength": 704
}
2025-09-22 14:35:51 [INFO]: ✅ ModernizerAgent completed successfully {
  "agent": "ModernizerAgent",
  "confidence": 0.95,
  "outputSize": 704
}
2025-09-22 14:35:51 [INFO]: 🔧 Workflow step: validate_step {
  "workflowId": "workflow_1758531948169_m6tm2tvee"
}
2025-09-22 14:35:51 [INFO]: 🚀 Starting ValidatorAgent {
  "agent": "ValidatorAgent",
  "inputSize": 2005
}
2025-09-22 14:35:51 [INFO]: ✅ Embedding generated {
  "textLength": 704,
  "vectorLength": 1536,
  "nonZeroValues": 423
}
2025-09-22 14:35:51 [INFO]: 🔍 Vector store search query {
  "vectorType": "object",
  "isArray": true,
  "vectorLength": 1536,
  "expectedDimension": 1536,
  "firstFewValues": [
    0,
    0,
    0,
    0,
    0
  ]
}
2025-09-22 14:35:51 [INFO]: 🔍 Vector search completed {
  "queryDimension": 1536,
  "totalVectors": 4,
  "resultsFound": 1,
  "threshold": 0.7
}
2025-09-22 14:35:51 [INFO]: 🔍 Vector store search query {
  "vectorType": "object",
  "isArray": true,
  "vectorLength": 1536,
  "expectedDimension": 1536,
  "firstFewValues": [
    0,
    0,
    0,
    0,
    0
  ]
}
2025-09-22 14:35:51 [INFO]: 🔍 Vector search completed {
  "queryDimension": 1536,
  "totalVectors": 4,
  "resultsFound": 0,
  "threshold": 0.7
}
2025-09-22 14:35:51 [INFO]: 🔍 Vector store search query {
  "vectorType": "object",
  "isArray": true,
  "vectorLength": 1536,
  "expectedDimension": 1536,
  "firstFewValues": [
    0,
    0,
    0,
    0,
    0
  ]
}
2025-09-22 14:35:51 [INFO]: 🔍 Vector search completed {
  "queryDimension": 1536,
  "totalVectors": 4,
  "resultsFound": 1,
  "threshold": 0.7
}
2025-09-22 14:35:51 [INFO]: 🎯 Retrieved relevant context {
  "conversationId": "d7db1e15-c7ec-4ae6-a653-68fb02e6c8bc",
  "conversationItems": 1,
  "codePatterns": 0,
  "entities": 1
}
2025-09-22 14:35:51 [INFO]: 🤖 Generating AI content {
  "provider": "gemini",
  "mockMode": false,
  "promptLength": 3797,
  "temperature": 0.2,
  "maxTokens": 5000
}
2025-09-22 14:36:10 [ERROR]: ❌ AI generation failed {
  "error": "read ECONNRESET"
}
2025-09-22 14:36:10 [WARN]: 🔄 Falling back to mock response due to API failure 
2025-09-22 14:36:11 [INFO]: 🎭 Generating mock response {
  "promptType": "parser",
  "promptLength": 3797
}
2025-09-22 14:36:11 [INFO]: ✅ Embedding generated {
  "textLength": 906,
  "vectorLength": 1536,
  "nonZeroValues": 481
}
2025-09-22 14:36:11 [INFO]: 🔍 Vector store attempting to store {
  "id": "SAMPLE_PROGRAM_validation_1758531971642",
  "vectorType": "object",
  "isArray": true,
  "vectorLength": 1536,
  "expectedDimension": 1536,
  "firstFewValues": [
    0,
    0,
    0,
    0,
    0
  ]
}
2025-09-22 14:36:11 [INFO]: 📦 Vector stored {
  "id": "SAMPLE_PROGRAM_validation_1758531971642",
  "dimension": 1536,
  "metadata": [
    "entityType",
    "code",
    "language",
    "originalProgram",
    "overallScore",
    "status",
    "issueCount",
    "validatedAt"
  ]
}
2025-09-22 14:36:11 [INFO]: 🔗 Node added to graph {
  "id": "SAMPLE_PROGRAM_validation_1758531971642",
  "type": "validation_result",
  "propertiesCount": 6
}
2025-09-22 14:36:11 [INFO]: 💾 COBOL entity stored {
  "entityId": "SAMPLE_PROGRAM_validation_1758531971642",
  "entityType": "validation_result",
  "codeLength": 906
}
2025-09-22 14:36:11 [INFO]: ➡️ Edge added to graph {
  "from": "SAMPLE_PROGRAM_modern_Java",
  "to": "SAMPLE_PROGRAM_validation_1758531971642",
  "type": "validated_by"
}
2025-09-22 14:36:11 [INFO]: 🔗 Relationship stored {
  "from": "SAMPLE_PROGRAM_modern_Java",
  "to": "SAMPLE_PROGRAM_validation_1758531971642",
  "type": "validated_by"
}
2025-09-22 14:36:11 [INFO]: ✅ Embedding generated {
  "textLength": 906,
  "vectorLength": 1536,
  "nonZeroValues": 481
}
2025-09-22 14:36:11 [INFO]: 🔍 Vector store attempting to store {
  "id": "d7db1e15-c7ec-4ae6-a653-68fb02e6c8bc:ValidatorAgent-1758531971645",
  "vectorType": "object",
  "isArray": true,
  "vectorLength": 1536,
  "expectedDimension": 1536,
  "firstFewValues": [
    0,
    0,
    0,
    0,
    0
  ]
}
2025-09-22 14:36:11 [INFO]: 📦 Vector stored {
  "id": "d7db1e15-c7ec-4ae6-a653-68fb02e6c8bc:ValidatorAgent-1758531971645",
  "dimension": 1536,
  "metadata": [
    "conversationId",
    "messageId",
    "content",
    "role",
    "type"
  ]
}
2025-09-22 14:36:11 [INFO]: 💬 Conversation context stored {
  "conversationId": "d7db1e15-c7ec-4ae6-a653-68fb02e6c8bc",
  "messageId": "ValidatorAgent-1758531971645",
  "role": "assistant",
  "contentLength": 906
}
2025-09-22 14:36:11 [INFO]: ✅ ValidatorAgent completed successfully {
  "agent": "ValidatorAgent",
  "confidence": 0.95,
  "outputSize": 906
}
2025-09-22 14:36:11 [INFO]: 🔧 Workflow step: explain_step {
  "workflowId": "workflow_1758531948169_m6tm2tvee"
}
2025-09-22 14:36:11 [INFO]: 🚀 Starting ExplainerAgent {
  "agent": "ExplainerAgent",
  "inputSize": 2974
}
2025-09-22 14:36:11 [INFO]: ✅ Embedding generated {
  "textLength": 2864,
  "vectorLength": 1536,
  "nonZeroValues": 902
}
2025-09-22 14:36:11 [INFO]: 🔍 Vector store search query {
  "vectorType": "object",
  "isArray": true,
  "vectorLength": 1536,
  "expectedDimension": 1536,
  "firstFewValues": [
    0,
    0,
    0.06813783841965815,
    0,
    0
  ]
}
2025-09-22 14:36:11 [INFO]: 🔍 Vector search completed {
  "queryDimension": 1536,
  "totalVectors": 6,
  "resultsFound": 0,
  "threshold": 0.7
}
2025-09-22 14:36:11 [INFO]: 🔍 Vector store search query {
  "vectorType": "object",
  "isArray": true,
  "vectorLength": 1536,
  "expectedDimension": 1536,
  "firstFewValues": [
    0,
    0,
    0.06813783841965815,
    0,
    0
  ]
}
2025-09-22 14:36:11 [INFO]: 🔍 Vector search completed {
  "queryDimension": 1536,
  "totalVectors": 6,
  "resultsFound": 0,
  "threshold": 0.7
}
2025-09-22 14:36:11 [INFO]: 🔍 Vector store search query {
  "vectorType": "object",
  "isArray": true,
  "vectorLength": 1536,
  "expectedDimension": 1536,
  "firstFewValues": [
    0,
    0,
    0.06813783841965815,
    0,
    0
  ]
}
2025-09-22 14:36:11 [INFO]: 🔍 Vector search completed {
  "queryDimension": 1536,
  "totalVectors": 6,
  "resultsFound": 0,
  "threshold": 0.7
}
2025-09-22 14:36:11 [INFO]: 🎯 Retrieved relevant context {
  "conversationId": "d7db1e15-c7ec-4ae6-a653-68fb02e6c8bc",
  "conversationItems": 0,
  "codePatterns": 0,
  "entities": 0
}
2025-09-22 14:36:11 [INFO]: 🤖 Generating AI content {
  "provider": "gemini",
  "mockMode": false,
  "promptLength": 4820,
  "temperature": 0.5,
  "maxTokens": 6000
}
2025-09-22 14:36:11 [ERROR]: ❌ AI generation failed {
  "error": "self-signed certificate in certificate chain"
}
2025-09-22 14:36:11 [WARN]: 🔄 Falling back to mock response due to API failure 
2025-09-22 14:36:13 [INFO]: 🎭 Generating mock response {
  "promptType": "parser",
  "promptLength": 4820
}
2025-09-22 14:36:13 [INFO]: ✅ Embedding generated {
  "textLength": 900,
  "vectorLength": 1536,
  "nonZeroValues": 460
}
2025-09-22 14:36:13 [INFO]: 🔍 Vector store attempting to store {
  "id": "explanation_1758531973094",
  "vectorType": "object",
  "isArray": true,
  "vectorLength": 1536,
  "expectedDimension": 1536,
  "firstFewValues": [
    0,
    0,
    0,
    0,
    0.02829559174871454
  ]
}
2025-09-22 14:36:13 [INFO]: 📦 Vector stored {
  "id": "explanation_1758531973094",
  "dimension": 1536,
  "metadata": [
    "entityType",
    "code",
    "language",
    "explanationType",
    "targetAudience",
    "sectionCount",
    "insightCount",
    "createdAt"
  ]
}
2025-09-22 14:36:13 [INFO]: 🔗 Node added to graph {
  "id": "explanation_1758531973094",
  "type": "explanation",
  "propertiesCount": 6
}
2025-09-22 14:36:13 [INFO]: 💾 COBOL entity stored {
  "entityId": "explanation_1758531973094",
  "entityType": "explanation",
  "codeLength": 900
}
2025-09-22 14:36:13 [INFO]: ✅ Embedding generated {
  "textLength": 900,
  "vectorLength": 1536,
  "nonZeroValues": 460
}
2025-09-22 14:36:13 [INFO]: 🔍 Vector store attempting to store {
  "id": "d7db1e15-c7ec-4ae6-a653-68fb02e6c8bc:ExplainerAgent-1758531973098",
  "vectorType": "object",
  "isArray": true,
  "vectorLength": 1536,
  "expectedDimension": 1536,
  "firstFewValues": [
    0,
    0,
    0,
    0,
    0.02829559174871454
  ]
}
2025-09-22 14:36:13 [INFO]: 📦 Vector stored {
  "id": "d7db1e15-c7ec-4ae6-a653-68fb02e6c8bc:ExplainerAgent-1758531973098",
  "dimension": 1536,
  "metadata": [
    "conversationId",
    "messageId",
    "content",
    "role",
    "type"
  ]
}
2025-09-22 14:36:13 [INFO]: 💬 Conversation context stored {
  "conversationId": "d7db1e15-c7ec-4ae6-a653-68fb02e6c8bc",
  "messageId": "ExplainerAgent-1758531973098",
  "role": "assistant",
  "contentLength": 900
}
2025-09-22 14:36:13 [INFO]: ✅ ExplainerAgent completed successfully {
  "agent": "ExplainerAgent",
  "confidence": 0.8999999999999999,
  "outputSize": 900
}
2025-09-22 14:36:13 [INFO]: 🔧 Workflow step: workflow_completed {
  "workflowId": "workflow_1758531948169_m6tm2tvee",
  "workflowType": "full_modernization",
  "duration": 24930,
  "success": true
}
2025-09-22 14:36:13 [INFO]: Job d7db1e15-c7ec-4ae6-a653-68fb02e6c8bc: Pipeline completed 
2025-09-22 14:36:13 [INFO]: Job d7db1e15-c7ec-4ae6-a653-68fb02e6c8bc: Processing completed successfully 
2025-09-22 14:36:13 [INFO]: ✅ Job d7db1e15-c7ec-4ae6-a653-68fb02e6c8bc completed successfully - processed 2 files 
2025-09-22 14:44:41 [INFO]: 🚀 Initializing AI Modernization Assistant... 
2025-09-22 14:44:41 [INFO]: 🤖 AI Client initialized {
  "provider": "gemini",
  "mockMode": false,
  "hasApiKey": true
}
2025-09-22 14:44:41 [INFO]: ✅ AI system initialized successfully 
2025-09-22 14:44:41 [INFO]: 🌟 AI Modernization Assistant server running on port 3001 
2025-09-22 14:44:41 [INFO]: 📁 Upload directory: D:\hackflash2\404-KILLERS\engine\uploads 
2025-09-22 14:44:41 [INFO]: 🔧 Environment: development 
2025-09-22 14:44:41 [INFO]: 🤖 AI Provider: gemini 
2025-09-22 14:44:41 [INFO]: 🔑 API Key configured: true 
2025-09-22 14:45:13 [INFO]: 📁 File upload received: 2 file(s) 
2025-09-22 14:45:13 [INFO]:   - Acc.cpy (852 bytes) 
2025-09-22 14:45:13 [INFO]:   - Acc.dat (556 bytes) 
2025-09-22 14:45:13 [INFO]: Job c185ffe9-7968-425d-bbe3-2ef0527901c7: Starting analysis of 2 files... 
2025-09-22 14:45:13 [INFO]: 📊 File breakdown: 1 .cpy, 1 .dat, 0 other 
2025-09-22 14:45:13 [INFO]: Job c185ffe9-7968-425d-bbe3-2ef0527901c7: Processing Acc.cpy... 
2025-09-22 14:45:13 [INFO]: 📄 Starting file chunking {
  "filePath": "files-1758532513787-491781444.cpy",
  "maxChunkSize": 4000,
  "overlap": 200,
  "strategy": "auto"
}
2025-09-22 14:45:13 [INFO]: Job c185ffe9-7968-425d-bbe3-2ef0527901c7: Processing Acc.dat... 
2025-09-22 14:45:13 [INFO]: 📄 Starting file chunking {
  "filePath": "files-1758532513788-798152268.dat",
  "maxChunkSize": 4000,
  "overlap": 200,
  "strategy": "auto"
}
2025-09-22 14:45:13 [INFO]: Job c185ffe9-7968-425d-bbe3-2ef0527901c7: Combined 2 chunks from 2 files 
2025-09-22 14:45:13 [INFO]: Job c185ffe9-7968-425d-bbe3-2ef0527901c7: Starting modernization pipeline... 
2025-09-22 14:45:13 [INFO]: 🔧 Workflow step: workflow_started {
  "workflowId": "workflow_1758532513924_auis17x2g",
  "workflowType": "full_modernization",
  "input": "object"
}
2025-09-22 14:45:13 [INFO]: 🔧 Workflow step: parse_step {
  "workflowId": "workflow_1758532513924_auis17x2g"
}
2025-09-22 14:45:13 [INFO]: 🚀 Starting ParserAgent {
  "agent": "ParserAgent",
  "inputSize": 3615
}
2025-09-22 14:45:13 [INFO]: ✅ Embedding generated {
  "textLength": 1468,
  "vectorLength": 1536,
  "nonZeroValues": 468
}
2025-09-22 14:45:13 [INFO]: 🔍 Vector store search query {
  "vectorType": "object",
  "isArray": true,
  "vectorLength": 1536,
  "expectedDimension": 1536,
  "firstFewValues": [
    0.04140689130127166,
    0,
    0,
    0.02070344565063583,
    0.062110336951907485
  ]
}
2025-09-22 14:45:13 [INFO]: 🔍 Vector search completed {
  "queryDimension": 1536,
  "totalVectors": 0,
  "resultsFound": 0,
  "threshold": 0.7
}
2025-09-22 14:45:13 [INFO]: 🔍 Vector store search query {
  "vectorType": "object",
  "isArray": true,
  "vectorLength": 1536,
  "expectedDimension": 1536,
  "firstFewValues": [
    0.04140689130127166,
    0,
    0,
    0.02070344565063583,
    0.062110336951907485
  ]
}
2025-09-22 14:45:13 [INFO]: 🔍 Vector search completed {
  "queryDimension": 1536,
  "totalVectors": 0,
  "resultsFound": 0,
  "threshold": 0.7
}
2025-09-22 14:45:13 [INFO]: 🔍 Vector store search query {
  "vectorType": "object",
  "isArray": true,
  "vectorLength": 1536,
  "expectedDimension": 1536,
  "firstFewValues": [
    0.04140689130127166,
    0,
    0,
    0.02070344565063583,
    0.062110336951907485
  ]
}
2025-09-22 14:45:13 [INFO]: 🔍 Vector search completed {
  "queryDimension": 1536,
  "totalVectors": 0,
  "resultsFound": 0,
  "threshold": 0.7
}
2025-09-22 14:45:13 [INFO]: 🎯 Retrieved relevant context {
  "conversationId": "c185ffe9-7968-425d-bbe3-2ef0527901c7",
  "conversationItems": 0,
  "codePatterns": 0,
  "entities": 0
}
2025-09-22 14:45:13 [INFO]: 🤖 Generating AI content {
  "provider": "gemini",
  "mockMode": false,
  "promptLength": 1682,
  "temperature": 0.3,
  "maxTokens": 4000
}
2025-09-22 14:45:17 [ERROR]: ❌ AI generation failed {
  "error": "Request failed with status code 404"
}
2025-09-22 14:45:17 [WARN]: 🔄 Falling back to mock response due to API failure 
2025-09-22 14:45:18 [INFO]: 🎭 Generating mock response {
  "promptType": "parser",
  "promptLength": 1682
}
2025-09-22 14:45:18 [INFO]: ✅ Embedding generated {
  "textLength": 1211,
  "vectorLength": 1536,
  "nonZeroValues": 496
}
2025-09-22 14:45:18 [INFO]: 🔍 Vector store attempting to store {
  "id": "SAMPLE_PROGRAM",
  "vectorType": "object",
  "isArray": true,
  "vectorLength": 1536,
  "expectedDimension": 1536,
  "firstFewValues": [
    0.020100756305184212,
    0,
    0,
    0,
    0
  ]
}
2025-09-22 14:45:18 [INFO]: 📦 Vector stored {
  "id": "SAMPLE_PROGRAM",
  "dimension": 1536,
  "metadata": [
    "entityType",
    "code",
    "language",
    "analysisResult",
    "qualityMetrics",
    "lastAnalyzed"
  ]
}
2025-09-22 14:45:18 [INFO]: 🔗 Node added to graph {
  "id": "SAMPLE_PROGRAM",
  "type": "cobol_program",
  "propertiesCount": 5
}
2025-09-22 14:45:18 [INFO]: 💾 COBOL entity stored {
  "entityId": "SAMPLE_PROGRAM",
  "entityType": "program",
  "codeLength": 1468
}
2025-09-22 14:45:18 [ERROR]: ❌ Failed to add edge {
  "fromId": "SAMPLE_PROGRAM",
  "toId": "COPYLIB1",
  "relationType": "copy",
  "error": "Source or target node not found: SAMPLE_PROGRAM -> COPYLIB1"
}
2025-09-22 14:45:18 [ERROR]: ❌ Failed to store relationship {
  "fromEntity": "SAMPLE_PROGRAM",
  "toEntity": "COPYLIB1",
  "relationType": "copy",
  "error": "Source or target node not found: SAMPLE_PROGRAM -> COPYLIB1"
}
2025-09-22 14:45:18 [INFO]: ✅ Embedding generated {
  "textLength": 1211,
  "vectorLength": 1536,
  "nonZeroValues": 496
}
2025-09-22 14:45:18 [INFO]: 🔍 Vector store attempting to store {
  "id": "c185ffe9-7968-425d-bbe3-2ef0527901c7:ParserAgent-1758532518908",
  "vectorType": "object",
  "isArray": true,
  "vectorLength": 1536,
  "expectedDimension": 1536,
  "firstFewValues": [
    0.020100756305184212,
    0,
    0,
    0,
    0
  ]
}
2025-09-22 14:45:18 [INFO]: 📦 Vector stored {
  "id": "c185ffe9-7968-425d-bbe3-2ef0527901c7:ParserAgent-1758532518908",
  "dimension": 1536,
  "metadata": [
    "conversationId",
    "messageId",
    "content",
    "role",
    "type"
  ]
}
2025-09-22 14:45:18 [INFO]: 💬 Conversation context stored {
  "conversationId": "c185ffe9-7968-425d-bbe3-2ef0527901c7",
  "messageId": "ParserAgent-1758532518908",
  "role": "assistant",
  "contentLength": 1211
}
2025-09-22 14:45:18 [INFO]: ✅ ParserAgent completed successfully {
  "agent": "ParserAgent",
  "confidence": 0.95,
  "outputSize": 1211
}
2025-09-22 14:45:18 [INFO]: 🔧 Workflow step: modernize_step {
  "workflowId": "workflow_1758532513924_auis17x2g"
}
2025-09-22 14:45:18 [INFO]: 🚀 Starting ModernizerAgent {
  "agent": "ModernizerAgent",
  "inputSize": 2893
}
2025-09-22 14:45:18 [INFO]: ✅ Embedding generated {
  "textLength": 1211,
  "vectorLength": 1536,
  "nonZeroValues": 496
}
2025-09-22 14:45:18 [INFO]: 🔍 Vector store search query {
  "vectorType": "object",
  "isArray": true,
  "vectorLength": 1536,
  "expectedDimension": 1536,
  "firstFewValues": [
    0.020100756305184212,
    0,
    0,
    0,
    0
  ]
}
2025-09-22 14:45:18 [INFO]: 🔍 Vector search completed {
  "queryDimension": 1536,
  "totalVectors": 2,
  "resultsFound": 1,
  "threshold": 0.7
}
2025-09-22 14:45:18 [INFO]: 🔍 Vector store search query {
  "vectorType": "object",
  "isArray": true,
  "vectorLength": 1536,
  "expectedDimension": 1536,
  "firstFewValues": [
    0.020100756305184212,
    0,
    0,
    0,
    0
  ]
}
2025-09-22 14:45:18 [INFO]: 🔍 Vector search completed {
  "queryDimension": 1536,
  "totalVectors": 2,
  "resultsFound": 0,
  "threshold": 0.7
}
2025-09-22 14:45:18 [INFO]: 🔍 Vector store search query {
  "vectorType": "object",
  "isArray": true,
  "vectorLength": 1536,
  "expectedDimension": 1536,
  "firstFewValues": [
    0.020100756305184212,
    0,
    0,
    0,
    0
  ]
}
2025-09-22 14:45:18 [INFO]: 🔍 Vector search completed {
  "queryDimension": 1536,
  "totalVectors": 2,
  "resultsFound": 1,
  "threshold": 0.7
}
2025-09-22 14:45:18 [INFO]: 🎯 Retrieved relevant context {
  "conversationId": "c185ffe9-7968-425d-bbe3-2ef0527901c7",
  "conversationItems": 1,
  "codePatterns": 0,
  "entities": 1
}
2025-09-22 14:45:18 [INFO]: 🤖 Generating AI content {
  "provider": "gemini",
  "mockMode": false,
  "promptLength": 3944,
  "temperature": 0.4,
  "maxTokens": 6000
}
2025-09-22 14:45:19 [ERROR]: ❌ AI generation failed {
  "error": "Request failed with status code 404"
}
2025-09-22 14:45:19 [WARN]: 🔄 Falling back to mock response due to API failure 
2025-09-22 14:45:20 [INFO]: 🎭 Generating mock response {
  "promptType": "parser",
  "promptLength": 3944
}
2025-09-22 14:45:20 [INFO]: ✅ Embedding generated {
  "textLength": 704,
  "vectorLength": 1536,
  "nonZeroValues": 421
}
2025-09-22 14:45:20 [INFO]: 🔍 Vector store attempting to store {
  "id": "SAMPLE_PROGRAM_modern_Java",
  "vectorType": "object",
  "isArray": true,
  "vectorLength": 1536,
  "expectedDimension": 1536,
  "firstFewValues": [
    0,
    0,
    0,
    0,
    0
  ]
}
2025-09-22 14:45:20 [INFO]: 📦 Vector stored {
  "id": "SAMPLE_PROGRAM_modern_Java",
  "dimension": 1536,
  "metadata": [
    "entityType",
    "code",
    "language",
    "originalProgram",
    "targetLanguage",
    "targetFramework",
    "modernizationMetrics",
    "migrationPlan",
    "lastModernized"
  ]
}
2025-09-22 14:45:20 [INFO]: 🔗 Node added to graph {
  "id": "SAMPLE_PROGRAM_modern_Java",
  "type": "modernized_program",
  "propertiesCount": 7
}
2025-09-22 14:45:20 [INFO]: 💾 COBOL entity stored {
  "entityId": "SAMPLE_PROGRAM_modern_Java",
  "entityType": "modernized_program",
  "codeLength": 103
}
2025-09-22 14:45:20 [INFO]: ➡️ Edge added to graph {
  "from": "SAMPLE_PROGRAM",
  "to": "SAMPLE_PROGRAM_modern_Java",
  "type": "modernized_to"
}
2025-09-22 14:45:20 [INFO]: 🔗 Relationship stored {
  "from": "SAMPLE_PROGRAM",
  "to": "SAMPLE_PROGRAM_modern_Java",
  "type": "modernized_to"
}
2025-09-22 14:45:20 [INFO]: ✅ Embedding generated {
  "textLength": 704,
  "vectorLength": 1536,
  "nonZeroValues": 421
}
2025-09-22 14:45:20 [INFO]: 🔍 Vector store attempting to store {
  "id": "c185ffe9-7968-425d-bbe3-2ef0527901c7:ModernizerAgent-1758532520273",
  "vectorType": "object",
  "isArray": true,
  "vectorLength": 1536,
  "expectedDimension": 1536,
  "firstFewValues": [
    0,
    0,
    0,
    0,
    0
  ]
}
2025-09-22 14:45:20 [INFO]: 📦 Vector stored {
  "id": "c185ffe9-7968-425d-bbe3-2ef0527901c7:ModernizerAgent-1758532520273",
  "dimension": 1536,
  "metadata": [
    "conversationId",
    "messageId",
    "content",
    "role",
    "type"
  ]
}
2025-09-22 14:45:20 [INFO]: 💬 Conversation context stored {
  "conversationId": "c185ffe9-7968-425d-bbe3-2ef0527901c7",
  "messageId": "ModernizerAgent-1758532520273",
  "role": "assistant",
  "contentLength": 704
}
2025-09-22 14:45:20 [INFO]: ✅ ModernizerAgent completed successfully {
  "agent": "ModernizerAgent",
  "confidence": 0.95,
  "outputSize": 704
}
2025-09-22 14:45:20 [INFO]: 🔧 Workflow step: validate_step {
  "workflowId": "workflow_1758532513924_auis17x2g"
}
2025-09-22 14:45:20 [INFO]: 🚀 Starting ValidatorAgent {
  "agent": "ValidatorAgent",
  "inputSize": 2005
}
2025-09-22 14:45:20 [INFO]: ✅ Embedding generated {
  "textLength": 704,
  "vectorLength": 1536,
  "nonZeroValues": 421
}
2025-09-22 14:45:20 [INFO]: 🔍 Vector store search query {
  "vectorType": "object",
  "isArray": true,
  "vectorLength": 1536,
  "expectedDimension": 1536,
  "firstFewValues": [
    0,
    0,
    0,
    0,
    0
  ]
}
2025-09-22 14:45:20 [INFO]: 🔍 Vector search completed {
  "queryDimension": 1536,
  "totalVectors": 4,
  "resultsFound": 1,
  "threshold": 0.7
}
2025-09-22 14:45:20 [INFO]: 🔍 Vector store search query {
  "vectorType": "object",
  "isArray": true,
  "vectorLength": 1536,
  "expectedDimension": 1536,
  "firstFewValues": [
    0,
    0,
    0,
    0,
    0
  ]
}
2025-09-22 14:45:20 [INFO]: 🔍 Vector search completed {
  "queryDimension": 1536,
  "totalVectors": 4,
  "resultsFound": 0,
  "threshold": 0.7
}
2025-09-22 14:45:20 [INFO]: 🔍 Vector store search query {
  "vectorType": "object",
  "isArray": true,
  "vectorLength": 1536,
  "expectedDimension": 1536,
  "firstFewValues": [
    0,
    0,
    0,
    0,
    0
  ]
}
2025-09-22 14:45:20 [INFO]: 🔍 Vector search completed {
  "queryDimension": 1536,
  "totalVectors": 4,
  "resultsFound": 1,
  "threshold": 0.7
}
2025-09-22 14:45:20 [INFO]: 🎯 Retrieved relevant context {
  "conversationId": "c185ffe9-7968-425d-bbe3-2ef0527901c7",
  "conversationItems": 1,
  "codePatterns": 0,
  "entities": 1
}
2025-09-22 14:45:20 [INFO]: 🤖 Generating AI content {
  "provider": "gemini",
  "mockMode": false,
  "promptLength": 3797,
  "temperature": 0.2,
  "maxTokens": 5000
}
2025-09-22 14:45:20 [ERROR]: ❌ AI generation failed {
  "error": "Request failed with status code 404"
}
2025-09-22 14:45:20 [WARN]: 🔄 Falling back to mock response due to API failure 
2025-09-22 14:45:21 [INFO]: 🎭 Generating mock response {
  "promptType": "parser",
  "promptLength": 3797
}
2025-09-22 14:45:21 [INFO]: ✅ Embedding generated {
  "textLength": 906,
  "vectorLength": 1536,
  "nonZeroValues": 485
}
2025-09-22 14:45:21 [INFO]: 🔍 Vector store attempting to store {
  "id": "SAMPLE_PROGRAM_validation_1758532521784",
  "vectorType": "object",
  "isArray": true,
  "vectorLength": 1536,
  "expectedDimension": 1536,
  "firstFewValues": [
    0,
    0,
    0,
    0,
    0
  ]
}
2025-09-22 14:45:21 [INFO]: 📦 Vector stored {
  "id": "SAMPLE_PROGRAM_validation_1758532521784",
  "dimension": 1536,
  "metadata": [
    "entityType",
    "code",
    "language",
    "originalProgram",
    "overallScore",
    "status",
    "issueCount",
    "validatedAt"
  ]
}
2025-09-22 14:45:21 [INFO]: 🔗 Node added to graph {
  "id": "SAMPLE_PROGRAM_validation_1758532521784",
  "type": "validation_result",
  "propertiesCount": 6
}
2025-09-22 14:45:21 [INFO]: 💾 COBOL entity stored {
  "entityId": "SAMPLE_PROGRAM_validation_1758532521784",
  "entityType": "validation_result",
  "codeLength": 906
}
2025-09-22 14:45:21 [INFO]: ➡️ Edge added to graph {
  "from": "SAMPLE_PROGRAM_modern_Java",
  "to": "SAMPLE_PROGRAM_validation_1758532521784",
  "type": "validated_by"
}
2025-09-22 14:45:21 [INFO]: 🔗 Relationship stored {
  "from": "SAMPLE_PROGRAM_modern_Java",
  "to": "SAMPLE_PROGRAM_validation_1758532521784",
  "type": "validated_by"
}
2025-09-22 14:45:21 [INFO]: ✅ Embedding generated {
  "textLength": 906,
  "vectorLength": 1536,
  "nonZeroValues": 485
}
2025-09-22 14:45:21 [INFO]: 🔍 Vector store attempting to store {
  "id": "c185ffe9-7968-425d-bbe3-2ef0527901c7:ValidatorAgent-1758532521790",
  "vectorType": "object",
  "isArray": true,
  "vectorLength": 1536,
  "expectedDimension": 1536,
  "firstFewValues": [
    0,
    0,
    0,
    0,
    0
  ]
}
2025-09-22 14:45:21 [INFO]: 📦 Vector stored {
  "id": "c185ffe9-7968-425d-bbe3-2ef0527901c7:ValidatorAgent-1758532521790",
  "dimension": 1536,
  "metadata": [
    "conversationId",
    "messageId",
    "content",
    "role",
    "type"
  ]
}
2025-09-22 14:45:21 [INFO]: 💬 Conversation context stored {
  "conversationId": "c185ffe9-7968-425d-bbe3-2ef0527901c7",
  "messageId": "ValidatorAgent-1758532521790",
  "role": "assistant",
  "contentLength": 906
}
2025-09-22 14:45:21 [INFO]: ✅ ValidatorAgent completed successfully {
  "agent": "ValidatorAgent",
  "confidence": 0.95,
  "outputSize": 906
}
2025-09-22 14:45:21 [INFO]: 🔧 Workflow step: explain_step {
  "workflowId": "workflow_1758532513924_auis17x2g"
}
2025-09-22 14:45:21 [INFO]: 🚀 Starting ExplainerAgent {
  "agent": "ExplainerAgent",
  "inputSize": 2974
}
2025-09-22 14:45:21 [INFO]: ✅ Embedding generated {
  "textLength": 2864,
  "vectorLength": 1536,
  "nonZeroValues": 884
}
2025-09-22 14:45:21 [INFO]: 🔍 Vector store search query {
  "vectorType": "object",
  "isArray": true,
  "vectorLength": 1536,
  "expectedDimension": 1536,
  "firstFewValues": [
    0,
    0,
    0.02252172282454297,
    0.02252172282454297,
    0
  ]
}
2025-09-22 14:45:21 [INFO]: 🔍 Vector search completed {
  "queryDimension": 1536,
  "totalVectors": 6,
  "resultsFound": 0,
  "threshold": 0.7
}
2025-09-22 14:45:21 [INFO]: 🔍 Vector store search query {
  "vectorType": "object",
  "isArray": true,
  "vectorLength": 1536,
  "expectedDimension": 1536,
  "firstFewValues": [
    0,
    0,
    0.02252172282454297,
    0.02252172282454297,
    0
  ]
}
2025-09-22 14:45:21 [INFO]: 🔍 Vector search completed {
  "queryDimension": 1536,
  "totalVectors": 6,
  "resultsFound": 0,
  "threshold": 0.7
}
2025-09-22 14:45:21 [INFO]: 🔍 Vector store search query {
  "vectorType": "object",
  "isArray": true,
  "vectorLength": 1536,
  "expectedDimension": 1536,
  "firstFewValues": [
    0,
    0,
    0.02252172282454297,
    0.02252172282454297,
    0
  ]
}
2025-09-22 14:45:21 [INFO]: 🔍 Vector search completed {
  "queryDimension": 1536,
  "totalVectors": 6,
  "resultsFound": 0,
  "threshold": 0.7
}
2025-09-22 14:45:21 [INFO]: 🎯 Retrieved relevant context {
  "conversationId": "c185ffe9-7968-425d-bbe3-2ef0527901c7",
  "conversationItems": 0,
  "codePatterns": 0,
  "entities": 0
}
2025-09-22 14:45:21 [INFO]: 🤖 Generating AI content {
  "provider": "gemini",
  "mockMode": false,
  "promptLength": 4820,
  "temperature": 0.5,
  "maxTokens": 6000
}
2025-09-22 14:45:22 [ERROR]: ❌ AI generation failed {
  "error": "Request failed with status code 404"
}
2025-09-22 14:45:22 [WARN]: 🔄 Falling back to mock response due to API failure 
2025-09-22 14:45:22 [INFO]: 🎭 Generating mock response {
  "promptType": "parser",
  "promptLength": 4820
}
2025-09-22 14:45:22 [INFO]: ✅ Embedding generated {
  "textLength": 900,
  "vectorLength": 1536,
  "nonZeroValues": 450
}
2025-09-22 14:45:22 [INFO]: 🔍 Vector store attempting to store {
  "id": "explanation_1758532522749",
  "vectorType": "object",
  "isArray": true,
  "vectorLength": 1536,
  "expectedDimension": 1536,
  "firstFewValues": [
    0,
    0,
    0,
    0,
    0.027703063158526442
  ]
}
2025-09-22 14:45:22 [INFO]: 📦 Vector stored {
  "id": "explanation_1758532522749",
  "dimension": 1536,
  "metadata": [
    "entityType",
    "code",
    "language",
    "explanationType",
    "targetAudience",
    "sectionCount",
    "insightCount",
    "createdAt"
  ]
}
2025-09-22 14:45:22 [INFO]: 🔗 Node added to graph {
  "id": "explanation_1758532522749",
  "type": "explanation",
  "propertiesCount": 6
}
2025-09-22 14:45:22 [INFO]: 💾 COBOL entity stored {
  "entityId": "explanation_1758532522749",
  "entityType": "explanation",
  "codeLength": 900
}
2025-09-22 14:45:22 [INFO]: ✅ Embedding generated {
  "textLength": 900,
  "vectorLength": 1536,
  "nonZeroValues": 450
}
2025-09-22 14:45:22 [INFO]: 🔍 Vector store attempting to store {
  "id": "c185ffe9-7968-425d-bbe3-2ef0527901c7:ExplainerAgent-1758532522755",
  "vectorType": "object",
  "isArray": true,
  "vectorLength": 1536,
  "expectedDimension": 1536,
  "firstFewValues": [
    0,
    0,
    0,
    0,
    0.027703063158526442
  ]
}
2025-09-22 14:45:22 [INFO]: 📦 Vector stored {
  "id": "c185ffe9-7968-425d-bbe3-2ef0527901c7:ExplainerAgent-1758532522755",
  "dimension": 1536,
  "metadata": [
    "conversationId",
    "messageId",
    "content",
    "role",
    "type"
  ]
}
2025-09-22 14:45:22 [INFO]: 💬 Conversation context stored {
  "conversationId": "c185ffe9-7968-425d-bbe3-2ef0527901c7",
  "messageId": "ExplainerAgent-1758532522755",
  "role": "assistant",
  "contentLength": 900
}
2025-09-22 14:45:22 [INFO]: ✅ ExplainerAgent completed successfully {
  "agent": "ExplainerAgent",
  "confidence": 0.8999999999999999,
  "outputSize": 900
}
2025-09-22 14:45:22 [INFO]: 🔧 Workflow step: workflow_completed {
  "workflowId": "workflow_1758532513924_auis17x2g",
  "workflowType": "full_modernization",
  "duration": 8834,
  "success": true
}
2025-09-22 14:45:22 [INFO]: Job c185ffe9-7968-425d-bbe3-2ef0527901c7: Pipeline completed 
2025-09-22 14:45:22 [INFO]: Job c185ffe9-7968-425d-bbe3-2ef0527901c7: Processing completed successfully 
2025-09-22 14:45:22 [INFO]: ✅ Job c185ffe9-7968-425d-bbe3-2ef0527901c7 completed successfully - processed 2 files 
2025-09-22 14:58:34 [INFO]: 🚀 Initializing AI Modernization Assistant... 
2025-09-22 14:58:34 [INFO]: 🤖 AI Client initialized {
  "provider": "gemini",
  "mockMode": false,
  "hasApiKey": true
}
2025-09-22 14:58:34 [INFO]: ✅ AI system initialized successfully 
2025-09-22 14:58:34 [INFO]: 🌟 AI Modernization Assistant server running on port 3001 
2025-09-22 14:58:34 [INFO]: 📁 Upload directory: D:\hackflash2\404-KILLERS\engine\uploads 
2025-09-22 14:58:34 [INFO]: 🔧 Environment: development 
2025-09-22 14:58:34 [INFO]: 🤖 AI Provider: gemini 
2025-09-22 14:58:34 [INFO]: 🔑 API Key configured: true 
2025-09-22 14:59:06 [INFO]: 📁 File upload received: 1 file(s) 
2025-09-22 14:59:06 [INFO]:   - test_file.cpy (153 bytes) 
2025-09-22 14:59:06 [INFO]: Job 4791b623-d70d-4652-a58a-83436a2e0ffb: Starting analysis of 1 files... 
2025-09-22 14:59:06 [INFO]: 📊 File breakdown: 1 .cpy, 0 .dat, 0 other 
2025-09-22 14:59:06 [INFO]: Job 4791b623-d70d-4652-a58a-83436a2e0ffb: Processing test_file.cpy... 
2025-09-22 14:59:06 [INFO]: 📄 Starting file chunking {
  "filePath": "file-1758533346889-721060008.cpy",
  "maxChunkSize": 4000,
  "overlap": 200,
  "strategy": "auto"
}
2025-09-22 14:59:06 [INFO]: Job 4791b623-d70d-4652-a58a-83436a2e0ffb: Combined 1 chunks from 1 files 
2025-09-22 14:59:06 [INFO]: Job 4791b623-d70d-4652-a58a-83436a2e0ffb: Starting modernization pipeline... 
2025-09-22 14:59:06 [INFO]: 🔧 Workflow step: workflow_started {
  "workflowId": "workflow_1758533346906_8jdlq0t4t",
  "workflowType": "full_modernization",
  "input": "object"
}
2025-09-22 14:59:06 [INFO]: 🔧 Workflow step: parse_step {
  "workflowId": "workflow_1758533346906_8jdlq0t4t"
}
2025-09-22 14:59:06 [INFO]: 🚀 Starting ParserAgent {
  "agent": "ParserAgent",
  "inputSize": 716
}
2025-09-22 14:59:06 [INFO]: ✅ Embedding generated {
  "textLength": 189,
  "vectorLength": 1536,
  "nonZeroValues": 72
}
2025-09-22 14:59:06 [INFO]: 🔍 Vector store search query {
  "vectorType": "object",
  "isArray": true,
  "vectorLength": 1536,
  "expectedDimension": 1536,
  "firstFewValues": [
    0,
    0,
    0,
    0,
    0
  ]
}
2025-09-22 14:59:06 [INFO]: 🔍 Vector search completed {
  "queryDimension": 1536,
  "totalVectors": 0,
  "resultsFound": 0,
  "threshold": 0.7
}
2025-09-22 14:59:06 [INFO]: 🔍 Vector store search query {
  "vectorType": "object",
  "isArray": true,
  "vectorLength": 1536,
  "expectedDimension": 1536,
  "firstFewValues": [
    0,
    0,
    0,
    0,
    0
  ]
}
2025-09-22 14:59:06 [INFO]: 🔍 Vector search completed {
  "queryDimension": 1536,
  "totalVectors": 0,
  "resultsFound": 0,
  "threshold": 0.7
}
2025-09-22 14:59:06 [INFO]: 🔍 Vector store search query {
  "vectorType": "object",
  "isArray": true,
  "vectorLength": 1536,
  "expectedDimension": 1536,
  "firstFewValues": [
    0,
    0,
    0,
    0,
    0
  ]
}
2025-09-22 14:59:06 [INFO]: 🔍 Vector search completed {
  "queryDimension": 1536,
  "totalVectors": 0,
  "resultsFound": 0,
  "threshold": 0.7
}
2025-09-22 14:59:06 [INFO]: 🎯 Retrieved relevant context {
  "conversationId": "4791b623-d70d-4652-a58a-83436a2e0ffb",
  "conversationItems": 0,
  "codePatterns": 0,
  "entities": 0
}
2025-09-22 14:59:06 [INFO]: 🤖 Generating AI content {
  "provider": "gemini",
  "mockMode": false,
  "promptLength": 400,
  "temperature": 0.3,
  "maxTokens": 4000
}
2025-09-22 14:59:12 [INFO]: ✅ AI content generated successfully {
  "responseLength": 554
}
2025-09-22 14:59:12 [INFO]: ✅ Embedding generated {
  "textLength": 513,
  "vectorLength": 1536,
  "nonZeroValues": 295
}
2025-09-22 14:59:12 [INFO]: 🔍 Vector store attempting to store {
  "id": "test_file.cpy",
  "vectorType": "object",
  "isArray": true,
  "vectorLength": 1536,
  "expectedDimension": 1536,
  "firstFewValues": [
    0,
    0,
    0.04303314829119347,
    0,
    0.08606629658238694
  ]
}
2025-09-22 14:59:12 [INFO]: 📦 Vector stored {
  "id": "test_file.cpy",
  "dimension": 1536,
  "metadata": [
    "entityType",
    "code",
    "language",
    "analysisResult",
    "qualityMetrics",
    "lastAnalyzed"
  ]
}
2025-09-22 14:59:12 [INFO]: 🔗 Node added to graph {
  "id": "test_file.cpy",
  "type": "cobol_program",
  "propertiesCount": 5
}
2025-09-22 14:59:12 [INFO]: 💾 COBOL entity stored {
  "entityId": "test_file.cpy",
  "entityType": "program",
  "codeLength": 189
}
2025-09-22 14:59:12 [INFO]: ✅ Embedding generated {
  "textLength": 133,
  "vectorLength": 1536,
  "nonZeroValues": 69
}
2025-09-22 14:59:12 [INFO]: 🔍 Vector store attempting to store {
  "id": "test_file.cpy_CUSTOMER-RECORD",
  "vectorType": "object",
  "isArray": true,
  "vectorLength": 1536,
  "expectedDimension": 1536,
  "firstFewValues": [
    0,
    0,
    0,
    0,
    0
  ]
}
2025-09-22 14:59:12 [INFO]: 📦 Vector stored {
  "id": "test_file.cpy_CUSTOMER-RECORD",
  "dimension": 1536,
  "metadata": [
    "entityType",
    "code",
    "language",
    "parentProgram",
    "fields",
    "usage"
  ]
}
2025-09-22 14:59:12 [INFO]: 🔗 Node added to graph {
  "id": "test_file.cpy_CUSTOMER-RECORD",
  "type": "data_structure",
  "propertiesCount": 4
}
2025-09-22 14:59:12 [INFO]: 💾 COBOL entity stored {
  "entityId": "test_file.cpy_CUSTOMER-RECORD",
  "entityType": "data_structure",
  "codeLength": 133
}
2025-09-22 14:59:12 [INFO]: ➡️ Edge added to graph {
  "from": "test_file.cpy",
  "to": "test_file.cpy_CUSTOMER-RECORD",
  "type": "defines_data"
}
2025-09-22 14:59:12 [INFO]: 🔗 Relationship stored {
  "from": "test_file.cpy",
  "to": "test_file.cpy_CUSTOMER-RECORD",
  "type": "defines_data"
}
2025-09-22 14:59:12 [INFO]: ✅ Embedding generated {
  "textLength": 513,
  "vectorLength": 1536,
  "nonZeroValues": 295
}
2025-09-22 14:59:12 [INFO]: 🔍 Vector store attempting to store {
  "id": "4791b623-d70d-4652-a58a-83436a2e0ffb:ParserAgent-1758533352353",
  "vectorType": "object",
  "isArray": true,
  "vectorLength": 1536,
  "expectedDimension": 1536,
  "firstFewValues": [
    0,
    0,
    0.04303314829119347,
    0,
    0.08606629658238694
  ]
}
2025-09-22 14:59:12 [INFO]: 📦 Vector stored {
  "id": "4791b623-d70d-4652-a58a-83436a2e0ffb:ParserAgent-1758533352353",
  "dimension": 1536,
  "metadata": [
    "conversationId",
    "messageId",
    "content",
    "role",
    "type"
  ]
}
2025-09-22 14:59:12 [INFO]: 💬 Conversation context stored {
  "conversationId": "4791b623-d70d-4652-a58a-83436a2e0ffb",
  "messageId": "ParserAgent-1758533352353",
  "role": "assistant",
  "contentLength": 513
}
2025-09-22 14:59:12 [INFO]: ✅ ParserAgent completed successfully {
  "agent": "ParserAgent",
  "confidence": 0.95,
  "outputSize": 513
}
2025-09-22 14:59:12 [INFO]: 🔧 Workflow step: modernize_step {
  "workflowId": "workflow_1758533346906_8jdlq0t4t"
}
2025-09-22 14:59:12 [INFO]: 🚀 Starting ModernizerAgent {
  "agent": "ModernizerAgent",
  "inputSize": 837
}
2025-09-22 14:59:12 [INFO]: ✅ Embedding generated {
  "textLength": 513,
  "vectorLength": 1536,
  "nonZeroValues": 295
}
2025-09-22 14:59:12 [INFO]: 🔍 Vector store search query {
  "vectorType": "object",
  "isArray": true,
  "vectorLength": 1536,
  "expectedDimension": 1536,
  "firstFewValues": [
    0,
    0,
    0.04303314829119347,
    0,
    0.08606629658238694
  ]
}
2025-09-22 14:59:12 [INFO]: 🔍 Vector search completed {
  "queryDimension": 1536,
  "totalVectors": 3,
  "resultsFound": 1,
  "threshold": 0.7
}
2025-09-22 14:59:12 [INFO]: 🔍 Vector store search query {
  "vectorType": "object",
  "isArray": true,
  "vectorLength": 1536,
  "expectedDimension": 1536,
  "firstFewValues": [
    0,
    0,
    0.04303314829119347,
    0,
    0.08606629658238694
  ]
}
2025-09-22 14:59:12 [INFO]: 🔍 Vector search completed {
  "queryDimension": 1536,
  "totalVectors": 3,
  "resultsFound": 0,
  "threshold": 0.7
}
2025-09-22 14:59:12 [INFO]: 🔍 Vector store search query {
  "vectorType": "object",
  "isArray": true,
  "vectorLength": 1536,
  "expectedDimension": 1536,
  "firstFewValues": [
    0,
    0,
    0.04303314829119347,
    0,
    0.08606629658238694
  ]
}
2025-09-22 14:59:12 [INFO]: 🔍 Vector search completed {
  "queryDimension": 1536,
  "totalVectors": 3,
  "resultsFound": 1,
  "threshold": 0.7
}
2025-09-22 14:59:12 [INFO]: 🎯 Retrieved relevant context {
  "conversationId": "4791b623-d70d-4652-a58a-83436a2e0ffb",
  "conversationItems": 1,
  "codePatterns": 0,
  "entities": 1
}
2025-09-22 14:59:12 [INFO]: 🤖 Generating AI content {
  "provider": "gemini",
  "mockMode": false,
  "promptLength": 1673,
  "temperature": 0.4,
  "maxTokens": 6000
}
2025-09-22 14:59:22 [INFO]: ✅ AI content generated successfully {
  "responseLength": 5233
}
2025-09-22 14:59:22 [INFO]: ✅ Embedding generated {
  "textLength": 4702,
  "vectorLength": 1536,
  "nonZeroValues": 982
}
2025-09-22 14:59:22 [INFO]: 🔍 Vector store attempting to store {
  "id": "test_file.cpy_modern_Java",
  "vectorType": "object",
  "isArray": true,
  "vectorLength": 1536,
  "expectedDimension": 1536,
  "firstFewValues": [
    0,
    0.0056656541788305,
    0.022662616715322,
    0.011331308357661,
    0.011331308357661
  ]
}
2025-09-22 14:59:22 [INFO]: 📦 Vector stored {
  "id": "test_file.cpy_modern_Java",
  "dimension": 1536,
  "metadata": [
    "entityType",
    "code",
    "language",
    "originalProgram",
    "targetLanguage",
    "targetFramework",
    "modernizationMetrics",
    "migrationPlan",
    "lastModernized"
  ]
}
2025-09-22 14:59:22 [INFO]: 🔗 Node added to graph {
  "id": "test_file.cpy_modern_Java",
  "type": "modernized_program",
  "propertiesCount": 7
}
2025-09-22 14:59:22 [INFO]: 💾 COBOL entity stored {
  "entityId": "test_file.cpy_modern_Java",
  "entityType": "modernized_program",
  "codeLength": 3184
}
2025-09-22 14:59:22 [INFO]: ➡️ Edge added to graph {
  "from": "test_file.cpy",
  "to": "test_file.cpy_modern_Java",
  "type": "modernized_to"
}
2025-09-22 14:59:22 [INFO]: 🔗 Relationship stored {
  "from": "test_file.cpy",
  "to": "test_file.cpy_modern_Java",
  "type": "modernized_to"
}
2025-09-22 14:59:22 [INFO]: ✅ Embedding generated {
  "textLength": 4702,
  "vectorLength": 1536,
  "nonZeroValues": 982
}
2025-09-22 14:59:22 [INFO]: 🔍 Vector store attempting to store {
  "id": "4791b623-d70d-4652-a58a-83436a2e0ffb:ModernizerAgent-1758533362561",
  "vectorType": "object",
  "isArray": true,
  "vectorLength": 1536,
  "expectedDimension": 1536,
  "firstFewValues": [
    0,
    0.0056656541788305,
    0.022662616715322,
    0.011331308357661,
    0.011331308357661
  ]
}
2025-09-22 14:59:22 [INFO]: 📦 Vector stored {
  "id": "4791b623-d70d-4652-a58a-83436a2e0ffb:ModernizerAgent-1758533362561",
  "dimension": 1536,
  "metadata": [
    "conversationId",
    "messageId",
    "content",
    "role",
    "type"
  ]
}
2025-09-22 14:59:22 [INFO]: 💬 Conversation context stored {
  "conversationId": "4791b623-d70d-4652-a58a-83436a2e0ffb",
  "messageId": "ModernizerAgent-1758533362561",
  "role": "assistant",
  "contentLength": 4702
}
2025-09-22 14:59:22 [INFO]: ✅ ModernizerAgent completed successfully {
  "agent": "ModernizerAgent",
  "confidence": 0.95,
  "outputSize": 4702
}
2025-09-22 14:59:22 [INFO]: 🔧 Workflow step: validate_step {
  "workflowId": "workflow_1758533346906_8jdlq0t4t"
}
2025-09-22 14:59:22 [INFO]: 🚀 Starting ValidatorAgent {
  "agent": "ValidatorAgent",
  "inputSize": 5305
}
2025-09-22 14:59:22 [INFO]: ✅ Embedding generated {
  "textLength": 4702,
  "vectorLength": 1536,
  "nonZeroValues": 982
}
2025-09-22 14:59:22 [INFO]: 🔍 Vector store search query {
  "vectorType": "object",
  "isArray": true,
  "vectorLength": 1536,
  "expectedDimension": 1536,
  "firstFewValues": [
    0,
    0.0056656541788305,
    0.022662616715322,
    0.011331308357661,
    0.011331308357661
  ]
}
2025-09-22 14:59:22 [INFO]: 🔍 Vector search completed {
  "queryDimension": 1536,
  "totalVectors": 5,
  "resultsFound": 1,
  "threshold": 0.7
}
2025-09-22 14:59:22 [INFO]: 🔍 Vector store search query {
  "vectorType": "object",
  "isArray": true,
  "vectorLength": 1536,
  "expectedDimension": 1536,
  "firstFewValues": [
    0,
    0.0056656541788305,
    0.022662616715322,
    0.011331308357661,
    0.011331308357661
  ]
}
2025-09-22 14:59:22 [INFO]: 🔍 Vector search completed {
  "queryDimension": 1536,
  "totalVectors": 5,
  "resultsFound": 0,
  "threshold": 0.7
}
2025-09-22 14:59:22 [INFO]: 🔍 Vector store search query {
  "vectorType": "object",
  "isArray": true,
  "vectorLength": 1536,
  "expectedDimension": 1536,
  "firstFewValues": [
    0,
    0.0056656541788305,
    0.022662616715322,
    0.011331308357661,
    0.011331308357661
  ]
}
2025-09-22 14:59:22 [INFO]: 🔍 Vector search completed {
  "queryDimension": 1536,
  "totalVectors": 5,
  "resultsFound": 1,
  "threshold": 0.7
}
2025-09-22 14:59:22 [INFO]: 🎯 Retrieved relevant context {
  "conversationId": "4791b623-d70d-4652-a58a-83436a2e0ffb",
  "conversationItems": 1,
  "codePatterns": 0,
  "entities": 1
}
2025-09-22 14:59:22 [INFO]: 🤖 Generating AI content {
  "provider": "gemini",
  "mockMode": false,
  "promptLength": 7218,
  "temperature": 0.2,
  "maxTokens": 5000
}
2025-09-22 14:59:28 [INFO]: ✅ AI content generated successfully {
  "responseLength": 3075
}
2025-09-22 14:59:28 [INFO]: ✅ Embedding generated {
  "textLength": 3080,
  "vectorLength": 1536,
  "nonZeroValues": 897
}
2025-09-22 14:59:28 [INFO]: 🔍 Vector store attempting to store {
  "id": "test_file.cpy_validation_1758533368971",
  "vectorType": "object",
  "isArray": true,
  "vectorLength": 1536,
  "expectedDimension": 1536,
  "firstFewValues": [
    0,
    0.019388257277327854,
    0,
    0,
    0.03877651455465571
  ]
}
2025-09-22 14:59:28 [INFO]: 📦 Vector stored {
  "id": "test_file.cpy_validation_1758533368971",
  "dimension": 1536,
  "metadata": [
    "entityType",
    "code",
    "language",
    "originalProgram",
    "overallScore",
    "status",
    "issueCount",
    "validatedAt"
  ]
}
2025-09-22 14:59:28 [INFO]: 🔗 Node added to graph {
  "id": "test_file.cpy_validation_1758533368971",
  "type": "validation_result",
  "propertiesCount": 6
}
2025-09-22 14:59:28 [INFO]: 💾 COBOL entity stored {
  "entityId": "test_file.cpy_validation_1758533368971",
  "entityType": "validation_result",
  "codeLength": 3080
}
2025-09-22 14:59:28 [INFO]: ➡️ Edge added to graph {
  "from": "test_file.cpy_modern_Java",
  "to": "test_file.cpy_validation_1758533368971",
  "type": "validated_by"
}
2025-09-22 14:59:28 [INFO]: 🔗 Relationship stored {
  "from": "test_file.cpy_modern_Java",
  "to": "test_file.cpy_validation_1758533368971",
  "type": "validated_by"
}
2025-09-22 14:59:28 [INFO]: ✅ Embedding generated {
  "textLength": 3080,
  "vectorLength": 1536,
  "nonZeroValues": 897
}
2025-09-22 14:59:28 [INFO]: 🔍 Vector store attempting to store {
  "id": "4791b623-d70d-4652-a58a-83436a2e0ffb:ValidatorAgent-1758533368975",
  "vectorType": "object",
  "isArray": true,
  "vectorLength": 1536,
  "expectedDimension": 1536,
  "firstFewValues": [
    0,
    0.019388257277327854,
    0,
    0,
    0.03877651455465571
  ]
}
2025-09-22 14:59:28 [INFO]: 📦 Vector stored {
  "id": "4791b623-d70d-4652-a58a-83436a2e0ffb:ValidatorAgent-1758533368975",
  "dimension": 1536,
  "metadata": [
    "conversationId",
    "messageId",
    "content",
    "role",
    "type"
  ]
}
2025-09-22 14:59:28 [INFO]: 💬 Conversation context stored {
  "conversationId": "4791b623-d70d-4652-a58a-83436a2e0ffb",
  "messageId": "ValidatorAgent-1758533368975",
  "role": "assistant",
  "contentLength": 3080
}
2025-09-22 14:59:28 [INFO]: ✅ ValidatorAgent completed successfully {
  "agent": "ValidatorAgent",
  "confidence": 0.95,
  "outputSize": 3080
}
2025-09-22 14:59:28 [INFO]: 🔧 Workflow step: explain_step {
  "workflowId": "workflow_1758533346906_8jdlq0t4t"
}
2025-09-22 14:59:28 [INFO]: 🚀 Starting ExplainerAgent {
  "agent": "ExplainerAgent",
  "inputSize": 8448
}
2025-09-22 14:59:28 [INFO]: ✅ Embedding generated {
  "textLength": 8338,
  "vectorLength": 1536,
  "nonZeroValues": 1274
}
2025-09-22 14:59:28 [INFO]: 🔍 Vector store search query {
  "vectorType": "object",
  "isArray": true,
  "vectorLength": 1536,
  "expectedDimension": 1536,
  "firstFewValues": [
    0.0038957425267300123,
    0.023374455160380073,
    0.0077914850534600245,
    0.0038957425267300123,
    0.07012336548114022
  ]
}
2025-09-22 14:59:28 [INFO]: 🔍 Vector search completed {
  "queryDimension": 1536,
  "totalVectors": 7,
  "resultsFound": 0,
  "threshold": 0.7
}
2025-09-22 14:59:28 [INFO]: 🔍 Vector store search query {
  "vectorType": "object",
  "isArray": true,
  "vectorLength": 1536,
  "expectedDimension": 1536,
  "firstFewValues": [
    0.0038957425267300123,
    0.023374455160380073,
    0.0077914850534600245,
    0.0038957425267300123,
    0.07012336548114022
  ]
}
2025-09-22 14:59:28 [INFO]: 🔍 Vector search completed {
  "queryDimension": 1536,
  "totalVectors": 7,
  "resultsFound": 0,
  "threshold": 0.7
}
2025-09-22 14:59:28 [INFO]: 🔍 Vector store search query {
  "vectorType": "object",
  "isArray": true,
  "vectorLength": 1536,
  "expectedDimension": 1536,
  "firstFewValues": [
    0.0038957425267300123,
    0.023374455160380073,
    0.0077914850534600245,
    0.0038957425267300123,
    0.07012336548114022
  ]
}
2025-09-22 14:59:28 [INFO]: 🔍 Vector search completed {
  "queryDimension": 1536,
  "totalVectors": 7,
  "resultsFound": 0,
  "threshold": 0.7
}
2025-09-22 14:59:28 [INFO]: 🎯 Retrieved relevant context {
  "conversationId": "4791b623-d70d-4652-a58a-83436a2e0ffb",
  "conversationItems": 0,
  "codePatterns": 0,
  "entities": 0
}
2025-09-22 14:59:28 [INFO]: 🤖 Generating AI content {
  "provider": "gemini",
  "mockMode": false,
  "promptLength": 10787,
  "temperature": 0.5,
  "maxTokens": 6000
}
2025-09-22 14:59:39 [INFO]: ✅ AI content generated successfully {
  "responseLength": 5811
}
2025-09-22 14:59:39 [INFO]: ✅ Embedding generated {
  "textLength": 13722,
  "vectorLength": 1536,
  "nonZeroValues": 1243
}
2025-09-22 14:59:39 [INFO]: 🔍 Vector store attempting to store {
  "id": "explanation_1758533379462",
  "vectorType": "object",
  "isArray": true,
  "vectorLength": 1536,
  "expectedDimension": 1536,
  "firstFewValues": [
    0.027045485652476282,
    0,
    0.01803032376831752,
    0.02028411423935721,
    0.031553066594555666
  ]
}
2025-09-22 14:59:39 [INFO]: 📦 Vector stored {
  "id": "explanation_1758533379462",
  "dimension": 1536,
  "metadata": [
    "entityType",
    "code",
    "language",
    "explanationType",
    "targetAudience",
    "sectionCount",
    "insightCount",
    "createdAt"
  ]
}
2025-09-22 14:59:39 [INFO]: 🔗 Node added to graph {
  "id": "explanation_1758533379462",
  "type": "explanation",
  "propertiesCount": 6
}
2025-09-22 14:59:39 [INFO]: 💾 COBOL entity stored {
  "entityId": "explanation_1758533379462",
  "entityType": "explanation",
  "codeLength": 13722
}
2025-09-22 14:59:39 [INFO]: ✅ Embedding generated {
  "textLength": 13722,
  "vectorLength": 1536,
  "nonZeroValues": 1243
}
2025-09-22 14:59:39 [INFO]: 🔍 Vector store attempting to store {
  "id": "4791b623-d70d-4652-a58a-83436a2e0ffb:ExplainerAgent-1758533379473",
  "vectorType": "object",
  "isArray": true,
  "vectorLength": 1536,
  "expectedDimension": 1536,
  "firstFewValues": [
    0.027045485652476282,
    0,
    0.01803032376831752,
    0.02028411423935721,
    0.031553066594555666
  ]
}
2025-09-22 14:59:39 [INFO]: 📦 Vector stored {
  "id": "4791b623-d70d-4652-a58a-83436a2e0ffb:ExplainerAgent-1758533379473",
  "dimension": 1536,
  "metadata": [
    "conversationId",
    "messageId",
    "content",
    "role",
    "type"
  ]
}
2025-09-22 14:59:39 [INFO]: 💬 Conversation context stored {
  "conversationId": "4791b623-d70d-4652-a58a-83436a2e0ffb",
  "messageId": "ExplainerAgent-1758533379473",
  "role": "assistant",
  "contentLength": 13722
}
2025-09-22 14:59:39 [INFO]: ✅ ExplainerAgent completed successfully {
  "agent": "ExplainerAgent",
  "confidence": 0.8999999999999999,
  "outputSize": 13722
}
2025-09-22 14:59:39 [INFO]: 🔧 Workflow step: workflow_completed {
  "workflowId": "workflow_1758533346906_8jdlq0t4t",
  "workflowType": "full_modernization",
  "duration": 32569,
  "success": true
}
2025-09-22 14:59:39 [INFO]: Job 4791b623-d70d-4652-a58a-83436a2e0ffb: Pipeline completed 
2025-09-22 14:59:39 [INFO]: Job 4791b623-d70d-4652-a58a-83436a2e0ffb: Processing completed successfully 
2025-09-22 14:59:39 [INFO]: ✅ Job 4791b623-d70d-4652-a58a-83436a2e0ffb completed successfully - processed 1 files 
2025-09-22 15:17:00 [INFO]: 📁 File upload received: 2 file(s) 
2025-09-22 15:17:00 [INFO]:   - Acc.cpy (852 bytes) 
2025-09-22 15:17:00 [INFO]:   - Acc.dat (556 bytes) 
2025-09-22 15:17:00 [INFO]: Job 58012b58-826d-4f83-bd46-dd94187db19a: Starting analysis of 2 files... 
2025-09-22 15:17:00 [INFO]: 📊 File breakdown: 1 .cpy, 1 .dat, 0 other 
2025-09-22 15:17:00 [INFO]: Job 58012b58-826d-4f83-bd46-dd94187db19a: Processing Acc.cpy... 
2025-09-22 15:17:00 [INFO]: 📄 Starting file chunking {
  "filePath": "files-1758534420411-794056214.cpy",
  "maxChunkSize": 4000,
  "overlap": 200,
  "strategy": "auto"
}
2025-09-22 15:17:00 [INFO]: Job 58012b58-826d-4f83-bd46-dd94187db19a: Processing Acc.dat... 
2025-09-22 15:17:00 [INFO]: 📄 Starting file chunking {
  "filePath": "files-1758534420420-277181708.dat",
  "maxChunkSize": 4000,
  "overlap": 200,
  "strategy": "auto"
}
2025-09-22 15:17:00 [INFO]: Job 58012b58-826d-4f83-bd46-dd94187db19a: Combined 2 chunks from 2 files 
2025-09-22 15:17:00 [INFO]: Job 58012b58-826d-4f83-bd46-dd94187db19a: Starting modernization pipeline... 
2025-09-22 15:17:00 [INFO]: 🔧 Workflow step: workflow_started {
  "workflowId": "workflow_1758534420510_2p21ztjjw",
  "workflowType": "full_modernization",
  "input": "object"
}
2025-09-22 15:17:00 [INFO]: 🔧 Workflow step: parse_step {
  "workflowId": "workflow_1758534420510_2p21ztjjw"
}
2025-09-22 15:17:00 [INFO]: 🚀 Starting ParserAgent {
  "agent": "ParserAgent",
  "inputSize": 3615
}
2025-09-22 15:17:00 [INFO]: ✅ Embedding generated {
  "textLength": 1468,
  "vectorLength": 1536,
  "nonZeroValues": 468
}
2025-09-22 15:17:00 [INFO]: 🔍 Vector store search query {
  "vectorType": "object",
  "isArray": true,
  "vectorLength": 1536,
  "expectedDimension": 1536,
  "firstFewValues": [
    0.04140689130127166,
    0,
    0,
    0.02070344565063583,
    0.062110336951907485
  ]
}
2025-09-22 15:17:00 [INFO]: 🔍 Vector search completed {
  "queryDimension": 1536,
  "totalVectors": 9,
  "resultsFound": 0,
  "threshold": 0.7
}
2025-09-22 15:17:00 [INFO]: 🔍 Vector store search query {
  "vectorType": "object",
  "isArray": true,
  "vectorLength": 1536,
  "expectedDimension": 1536,
  "firstFewValues": [
    0.04140689130127166,
    0,
    0,
    0.02070344565063583,
    0.062110336951907485
  ]
}
2025-09-22 15:17:00 [INFO]: 🔍 Vector search completed {
  "queryDimension": 1536,
  "totalVectors": 9,
  "resultsFound": 0,
  "threshold": 0.7
}
2025-09-22 15:17:00 [INFO]: 🔍 Vector store search query {
  "vectorType": "object",
  "isArray": true,
  "vectorLength": 1536,
  "expectedDimension": 1536,
  "firstFewValues": [
    0.04140689130127166,
    0,
    0,
    0.02070344565063583,
    0.062110336951907485
  ]
}
2025-09-22 15:17:00 [INFO]: 🔍 Vector search completed {
  "queryDimension": 1536,
  "totalVectors": 9,
  "resultsFound": 0,
  "threshold": 0.7
}
2025-09-22 15:17:00 [INFO]: 🎯 Retrieved relevant context {
  "conversationId": "58012b58-826d-4f83-bd46-dd94187db19a",
  "conversationItems": 0,
  "codePatterns": 0,
  "entities": 0
}
2025-09-22 15:17:00 [INFO]: 🤖 Generating AI content {
  "provider": "gemini",
  "mockMode": false,
  "promptLength": 1682,
  "temperature": 0.3,
  "maxTokens": 4000
}
2025-09-22 15:17:08 [INFO]: ✅ AI content generated successfully {
  "responseLength": 2375
}
2025-09-22 15:17:08 [INFO]: ✅ Embedding generated {
  "textLength": 672,
  "vectorLength": 1536,
  "nonZeroValues": 317
}
2025-09-22 15:17:08 [INFO]: 🔍 Vector store attempting to store {
  "id": "Acc.cpy",
  "vectorType": "object",
  "isArray": true,
  "vectorLength": 1536,
  "expectedDimension": 1536,
  "firstFewValues": [
    0,
    0,
    0,
    0,
    0.033520076157699544
  ]
}
2025-09-22 15:17:08 [INFO]: 📦 Vector stored {
  "id": "Acc.cpy",
  "dimension": 1536,
  "metadata": [
    "entityType",
    "code",
    "language",
    "analysisResult",
    "qualityMetrics",
    "lastAnalyzed"
  ]
}
2025-09-22 15:17:08 [INFO]: 🔗 Node added to graph {
  "id": "Acc.cpy",
  "type": "cobol_program",
  "propertiesCount": 5
}
2025-09-22 15:17:08 [INFO]: 💾 COBOL entity stored {
  "entityId": "Acc.cpy",
  "entityType": "program",
  "codeLength": 1468
}
2025-09-22 15:17:08 [INFO]: ✅ Embedding generated {
  "textLength": 191,
  "vectorLength": 1536,
  "nonZeroValues": 98
}
2025-09-22 15:17:08 [INFO]: 🔍 Vector store attempting to store {
  "id": "Acc.cpy_ACCT-FIELDS",
  "vectorType": "object",
  "isArray": true,
  "vectorLength": 1536,
  "expectedDimension": 1536,
  "firstFewValues": [
    0,
    0,
    0,
    0,
    0
  ]
}
2025-09-22 15:17:08 [INFO]: 📦 Vector stored {
  "id": "Acc.cpy_ACCT-FIELDS",
  "dimension": 1536,
  "metadata": [
    "entityType",
    "code",
    "language",
    "parentProgram",
    "fields",
    "usage"
  ]
}
2025-09-22 15:17:08 [INFO]: 🔗 Node added to graph {
  "id": "Acc.cpy_ACCT-FIELDS",
  "type": "data_structure",
  "propertiesCount": 4
}
2025-09-22 15:17:08 [INFO]: 💾 COBOL entity stored {
  "entityId": "Acc.cpy_ACCT-FIELDS",
  "entityType": "data_structure",
  "codeLength": 191
}
2025-09-22 15:17:08 [INFO]: ➡️ Edge added to graph {
  "from": "Acc.cpy",
  "to": "Acc.cpy_ACCT-FIELDS",
  "type": "defines_data"
}
2025-09-22 15:17:08 [INFO]: 🔗 Relationship stored {
  "from": "Acc.cpy",
  "to": "Acc.cpy_ACCT-FIELDS",
  "type": "defines_data"
}
2025-09-22 15:17:08 [INFO]: ✅ Embedding generated {
  "textLength": 106,
  "vectorLength": 1536,
  "nonZeroValues": 63
}
2025-09-22 15:17:08 [INFO]: 🔍 Vector store attempting to store {
  "id": "Acc.cpy_CLIENT-ADDR",
  "vectorType": "object",
  "isArray": true,
  "vectorLength": 1536,
  "expectedDimension": 1536,
  "firstFewValues": [
    0,
    0,
    0,
    0,
    0
  ]
}
2025-09-22 15:17:08 [INFO]: 📦 Vector stored {
  "id": "Acc.cpy_CLIENT-ADDR",
  "dimension": 1536,
  "metadata": [
    "entityType",
    "code",
    "language",
    "parentProgram",
    "fields",
    "usage"
  ]
}
2025-09-22 15:17:08 [INFO]: 🔗 Node added to graph {
  "id": "Acc.cpy_CLIENT-ADDR",
  "type": "data_structure",
  "propertiesCount": 4
}
2025-09-22 15:17:08 [INFO]: 💾 COBOL entity stored {
  "entityId": "Acc.cpy_CLIENT-ADDR",
  "entityType": "data_structure",
  "codeLength": 106
}
2025-09-22 15:17:08 [INFO]: ➡️ Edge added to graph {
  "from": "Acc.cpy",
  "to": "Acc.cpy_CLIENT-ADDR",
  "type": "defines_data"
}
2025-09-22 15:17:08 [INFO]: 🔗 Relationship stored {
  "from": "Acc.cpy",
  "to": "Acc.cpy_CLIENT-ADDR",
  "type": "defines_data"
}
2025-09-22 15:17:08 [INFO]: ✅ Embedding generated {
  "textLength": 672,
  "vectorLength": 1536,
  "nonZeroValues": 317
}
2025-09-22 15:17:08 [INFO]: 🔍 Vector store attempting to store {
  "id": "58012b58-826d-4f83-bd46-dd94187db19a:ParserAgent-1758534428997",
  "vectorType": "object",
  "isArray": true,
  "vectorLength": 1536,
  "expectedDimension": 1536,
  "firstFewValues": [
    0,
    0,
    0,
    0,
    0.033520076157699544
  ]
}
2025-09-22 15:17:08 [INFO]: 📦 Vector stored {
  "id": "58012b58-826d-4f83-bd46-dd94187db19a:ParserAgent-1758534428997",
  "dimension": 1536,
  "metadata": [
    "conversationId",
    "messageId",
    "content",
    "role",
    "type"
  ]
}
2025-09-22 15:17:08 [INFO]: 💬 Conversation context stored {
  "conversationId": "58012b58-826d-4f83-bd46-dd94187db19a",
  "messageId": "ParserAgent-1758534428997",
  "role": "assistant",
  "contentLength": 672
}
2025-09-22 15:17:08 [INFO]: ✅ ParserAgent completed successfully {
  "agent": "ParserAgent",
  "confidence": 0.95,
  "outputSize": 672
}
2025-09-22 15:17:08 [INFO]: 🔧 Workflow step: modernize_step {
  "workflowId": "workflow_1758534420510_2p21ztjjw"
}
2025-09-22 15:17:09 [INFO]: 🚀 Starting ModernizerAgent {
  "agent": "ModernizerAgent",
  "inputSize": 2354
}
2025-09-22 15:17:09 [INFO]: ✅ Embedding generated {
  "textLength": 672,
  "vectorLength": 1536,
  "nonZeroValues": 317
}
2025-09-22 15:17:09 [INFO]: 🔍 Vector store search query {
  "vectorType": "object",
  "isArray": true,
  "vectorLength": 1536,
  "expectedDimension": 1536,
  "firstFewValues": [
    0,
    0,
    0,
    0,
    0.033520076157699544
  ]
}
2025-09-22 15:17:09 [INFO]: 🔍 Vector search completed {
  "queryDimension": 1536,
  "totalVectors": 13,
  "resultsFound": 1,
  "threshold": 0.7
}
2025-09-22 15:17:09 [INFO]: 🔍 Vector store search query {
  "vectorType": "object",
  "isArray": true,
  "vectorLength": 1536,
  "expectedDimension": 1536,
  "firstFewValues": [
    0,
    0,
    0,
    0,
    0.033520076157699544
  ]
}
2025-09-22 15:17:09 [INFO]: 🔍 Vector search completed {
  "queryDimension": 1536,
  "totalVectors": 13,
  "resultsFound": 0,
  "threshold": 0.7
}
2025-09-22 15:17:09 [INFO]: 🔍 Vector store search query {
  "vectorType": "object",
  "isArray": true,
  "vectorLength": 1536,
  "expectedDimension": 1536,
  "firstFewValues": [
    0,
    0,
    0,
    0,
    0.033520076157699544
  ]
}
2025-09-22 15:17:09 [INFO]: 🔍 Vector search completed {
  "queryDimension": 1536,
  "totalVectors": 13,
  "resultsFound": 1,
  "threshold": 0.7
}
2025-09-22 15:17:09 [INFO]: 🎯 Retrieved relevant context {
  "conversationId": "58012b58-826d-4f83-bd46-dd94187db19a",
  "conversationItems": 1,
  "codePatterns": 0,
  "entities": 1
}
2025-09-22 15:17:09 [INFO]: 🤖 Generating AI content {
  "provider": "gemini",
  "mockMode": false,
  "promptLength": 3241,
  "temperature": 0.4,
  "maxTokens": 6000
}
2025-09-22 15:17:19 [INFO]: ✅ AI content generated successfully {
  "responseLength": 5442
}
2025-09-22 15:17:19 [INFO]: ✅ Embedding generated {
  "textLength": 6662,
  "vectorLength": 1536,
  "nonZeroValues": 1039
}
2025-09-22 15:17:19 [INFO]: 🔍 Vector store attempting to store {
  "id": "Acc.cpy_modern_Java",
  "vectorType": "object",
  "isArray": true,
  "vectorLength": 1536,
  "expectedDimension": 1536,
  "firstFewValues": [
    0.01996919133453607,
    0.06789525053742264,
    0.007987676533814428,
    0.01198151480072164,
    0.007987676533814428
  ]
}
2025-09-22 15:17:19 [INFO]: 📦 Vector stored {
  "id": "Acc.cpy_modern_Java",
  "dimension": 1536,
  "metadata": [
    "entityType",
    "code",
    "language",
    "originalProgram",
    "targetLanguage",
    "targetFramework",
    "modernizationMetrics",
    "migrationPlan",
    "lastModernized"
  ]
}
2025-09-22 15:17:19 [INFO]: 🔗 Node added to graph {
  "id": "Acc.cpy_modern_Java",
  "type": "modernized_program",
  "propertiesCount": 7
}
2025-09-22 15:17:19 [INFO]: 💾 COBOL entity stored {
  "entityId": "Acc.cpy_modern_Java",
  "entityType": "modernized_program",
  "codeLength": 117
}
2025-09-22 15:17:19 [INFO]: ➡️ Edge added to graph {
  "from": "Acc.cpy",
  "to": "Acc.cpy_modern_Java",
  "type": "modernized_to"
}
2025-09-22 15:17:19 [INFO]: 🔗 Relationship stored {
  "from": "Acc.cpy",
  "to": "Acc.cpy_modern_Java",
  "type": "modernized_to"
}
2025-09-22 15:17:19 [INFO]: ✅ Embedding generated {
  "textLength": 6662,
  "vectorLength": 1536,
  "nonZeroValues": 1039
}
2025-09-22 15:17:19 [INFO]: 🔍 Vector store attempting to store {
  "id": "58012b58-826d-4f83-bd46-dd94187db19a:ModernizerAgent-1758534439939",
  "vectorType": "object",
  "isArray": true,
  "vectorLength": 1536,
  "expectedDimension": 1536,
  "firstFewValues": [
    0.01996919133453607,
    0.06789525053742264,
    0.007987676533814428,
    0.01198151480072164,
    0.007987676533814428
  ]
}
2025-09-22 15:17:19 [INFO]: 📦 Vector stored {
  "id": "58012b58-826d-4f83-bd46-dd94187db19a:ModernizerAgent-1758534439939",
  "dimension": 1536,
  "metadata": [
    "conversationId",
    "messageId",
    "content",
    "role",
    "type"
  ]
}
2025-09-22 15:17:19 [INFO]: 💬 Conversation context stored {
  "conversationId": "58012b58-826d-4f83-bd46-dd94187db19a",
  "messageId": "ModernizerAgent-1758534439939",
  "role": "assistant",
  "contentLength": 6662
}
2025-09-22 15:17:19 [INFO]: ✅ ModernizerAgent completed successfully {
  "agent": "ModernizerAgent",
  "confidence": 0.7,
  "outputSize": 6662
}
2025-09-22 15:17:19 [INFO]: 🔧 Workflow step: validate_step {
  "workflowId": "workflow_1758534420510_2p21ztjjw"
}
2025-09-22 15:17:19 [INFO]: 🚀 Starting ValidatorAgent {
  "agent": "ValidatorAgent",
  "inputSize": 7424
}
2025-09-22 15:17:19 [INFO]: ✅ Embedding generated {
  "textLength": 6662,
  "vectorLength": 1536,
  "nonZeroValues": 1039
}
2025-09-22 15:17:19 [INFO]: 🔍 Vector store search query {
  "vectorType": "object",
  "isArray": true,
  "vectorLength": 1536,
  "expectedDimension": 1536,
  "firstFewValues": [
    0.01996919133453607,
    0.06789525053742264,
    0.007987676533814428,
    0.01198151480072164,
    0.007987676533814428
  ]
}
2025-09-22 15:17:19 [INFO]: 🔍 Vector search completed {
  "queryDimension": 1536,
  "totalVectors": 15,
  "resultsFound": 1,
  "threshold": 0.7
}
2025-09-22 15:17:19 [INFO]: 🔍 Vector store search query {
  "vectorType": "object",
  "isArray": true,
  "vectorLength": 1536,
  "expectedDimension": 1536,
  "firstFewValues": [
    0.01996919133453607,
    0.06789525053742264,
    0.007987676533814428,
    0.01198151480072164,
    0.007987676533814428
  ]
}
2025-09-22 15:17:19 [INFO]: 🔍 Vector search completed {
  "queryDimension": 1536,
  "totalVectors": 15,
  "resultsFound": 0,
  "threshold": 0.7
}
2025-09-22 15:17:19 [INFO]: 🔍 Vector store search query {
  "vectorType": "object",
  "isArray": true,
  "vectorLength": 1536,
  "expectedDimension": 1536,
  "firstFewValues": [
    0.01996919133453607,
    0.06789525053742264,
    0.007987676533814428,
    0.01198151480072164,
    0.007987676533814428
  ]
}
2025-09-22 15:17:19 [INFO]: 🔍 Vector search completed {
  "queryDimension": 1536,
  "totalVectors": 15,
  "resultsFound": 1,
  "threshold": 0.7
}
2025-09-22 15:17:19 [INFO]: 🎯 Retrieved relevant context {
  "conversationId": "58012b58-826d-4f83-bd46-dd94187db19a",
  "conversationItems": 1,
  "codePatterns": 0,
  "entities": 1
}
2025-09-22 15:17:19 [INFO]: 🤖 Generating AI content {
  "provider": "gemini",
  "mockMode": false,
  "promptLength": 9084,
  "temperature": 0.2,
  "maxTokens": 5000
}
2025-09-22 15:17:28 [INFO]: ✅ AI content generated successfully {
  "responseLength": 4438
}
2025-09-22 15:17:28 [INFO]: ✅ Embedding generated {
  "textLength": 4269,
  "vectorLength": 1536,
  "nonZeroValues": 1030
}
2025-09-22 15:17:28 [INFO]: 🔍 Vector store attempting to store {
  "id": "Acc.cpy_validation_1758534448222",
  "vectorType": "object",
  "isArray": true,
  "vectorLength": 1536,
  "expectedDimension": 1536,
  "firstFewValues": [
    0,
    0.02149612716473856,
    0.00716537572157952,
    0.00716537572157952,
    0.00716537572157952
  ]
}
2025-09-22 15:17:28 [INFO]: 📦 Vector stored {
  "id": "Acc.cpy_validation_1758534448222",
  "dimension": 1536,
  "metadata": [
    "entityType",
    "code",
    "language",
    "originalProgram",
    "overallScore",
    "status",
    "issueCount",
    "validatedAt"
  ]
}
2025-09-22 15:17:28 [INFO]: 🔗 Node added to graph {
  "id": "Acc.cpy_validation_1758534448222",
  "type": "validation_result",
  "propertiesCount": 6
}
2025-09-22 15:17:28 [INFO]: 💾 COBOL entity stored {
  "entityId": "Acc.cpy_validation_1758534448222",
  "entityType": "validation_result",
  "codeLength": 4269
}
2025-09-22 15:17:28 [INFO]: ➡️ Edge added to graph {
  "from": "Acc.cpy_modern_Java",
  "to": "Acc.cpy_validation_1758534448222",
  "type": "validated_by"
}
2025-09-22 15:17:28 [INFO]: 🔗 Relationship stored {
  "from": "Acc.cpy_modern_Java",
  "to": "Acc.cpy_validation_1758534448222",
  "type": "validated_by"
}
2025-09-22 15:17:28 [INFO]: ✅ Embedding generated {
  "textLength": 4269,
  "vectorLength": 1536,
  "nonZeroValues": 1030
}
2025-09-22 15:17:28 [INFO]: 🔍 Vector store attempting to store {
  "id": "58012b58-826d-4f83-bd46-dd94187db19a:ValidatorAgent-1758534448233",
  "vectorType": "object",
  "isArray": true,
  "vectorLength": 1536,
  "expectedDimension": 1536,
  "firstFewValues": [
    0,
    0.02149612716473856,
    0.00716537572157952,
    0.00716537572157952,
    0.00716537572157952
  ]
}
2025-09-22 15:17:28 [INFO]: 📦 Vector stored {
  "id": "58012b58-826d-4f83-bd46-dd94187db19a:ValidatorAgent-1758534448233",
  "dimension": 1536,
  "metadata": [
    "conversationId",
    "messageId",
    "content",
    "role",
    "type"
  ]
}
2025-09-22 15:17:28 [INFO]: 💬 Conversation context stored {
  "conversationId": "58012b58-826d-4f83-bd46-dd94187db19a",
  "messageId": "ValidatorAgent-1758534448233",
  "role": "assistant",
  "contentLength": 4269
}
2025-09-22 15:17:28 [INFO]: ✅ ValidatorAgent completed successfully {
  "agent": "ValidatorAgent",
  "confidence": 0.95,
  "outputSize": 4269
}
2025-09-22 15:17:28 [INFO]: 🔧 Workflow step: explain_step {
  "workflowId": "workflow_1758534420510_2p21ztjjw"
}
2025-09-22 15:17:28 [INFO]: 🚀 Starting ExplainerAgent {
  "agent": "ExplainerAgent",
  "inputSize": 11756
}
2025-09-22 15:17:28 [INFO]: ✅ Embedding generated {
  "textLength": 11646,
  "vectorLength": 1536,
  "nonZeroValues": 1353
}
2025-09-22 15:17:28 [INFO]: 🔍 Vector store search query {
  "vectorType": "object",
  "isArray": true,
  "vectorLength": 1536,
  "expectedDimension": 1536,
  "firstFewValues": [
    0,
    0.01763760174552434,
    0.023516802327365787,
    0,
    0.014698001454603617
  ]
}
2025-09-22 15:17:28 [INFO]: 🔍 Vector search completed {
  "queryDimension": 1536,
  "totalVectors": 17,
  "resultsFound": 0,
  "threshold": 0.7
}
2025-09-22 15:17:28 [INFO]: 🔍 Vector store search query {
  "vectorType": "object",
  "isArray": true,
  "vectorLength": 1536,
  "expectedDimension": 1536,
  "firstFewValues": [
    0,
    0.01763760174552434,
    0.023516802327365787,
    0,
    0.014698001454603617
  ]
}
2025-09-22 15:17:28 [INFO]: 🔍 Vector search completed {
  "queryDimension": 1536,
  "totalVectors": 17,
  "resultsFound": 0,
  "threshold": 0.7
}
2025-09-22 15:17:28 [INFO]: 🔍 Vector store search query {
  "vectorType": "object",
  "isArray": true,
  "vectorLength": 1536,
  "expectedDimension": 1536,
  "firstFewValues": [
    0,
    0.01763760174552434,
    0.023516802327365787,
    0,
    0.014698001454603617
  ]
}
2025-09-22 15:17:28 [INFO]: 🔍 Vector search completed {
  "queryDimension": 1536,
  "totalVectors": 17,
  "resultsFound": 0,
  "threshold": 0.7
}
2025-09-22 15:17:28 [INFO]: 🎯 Retrieved relevant context {
  "conversationId": "58012b58-826d-4f83-bd46-dd94187db19a",
  "conversationItems": 0,
  "codePatterns": 0,
  "entities": 0
}
2025-09-22 15:17:28 [INFO]: 🤖 Generating AI content {
  "provider": "gemini",
  "mockMode": false,
  "promptLength": 14014,
  "temperature": 0.5,
  "maxTokens": 6000
}
2025-09-22 15:17:38 [INFO]: ✅ AI content generated successfully {
  "responseLength": 5317
}
2025-09-22 15:17:38 [INFO]: ✅ Embedding generated {
  "textLength": 12684,
  "vectorLength": 1536,
  "nonZeroValues": 1208
}
2025-09-22 15:17:38 [INFO]: 🔍 Vector store attempting to store {
  "id": "explanation_1758534458305",
  "vectorType": "object",
  "isArray": true,
  "vectorLength": 1536,
  "expectedDimension": 1536,
  "firstFewValues": [
    0.010276191201028968,
    0.01284523900128621,
    0.02569047800257242,
    0,
    0.02055238240205794
  ]
}
2025-09-22 15:17:38 [INFO]: 📦 Vector stored {
  "id": "explanation_1758534458305",
  "dimension": 1536,
  "metadata": [
    "entityType",
    "code",
    "language",
    "explanationType",
    "targetAudience",
    "sectionCount",
    "insightCount",
    "createdAt"
  ]
}
2025-09-22 15:17:38 [INFO]: 🔗 Node added to graph {
  "id": "explanation_1758534458305",
  "type": "explanation",
  "propertiesCount": 6
}
2025-09-22 15:17:38 [INFO]: 💾 COBOL entity stored {
  "entityId": "explanation_1758534458305",
  "entityType": "explanation",
  "codeLength": 12684
}
2025-09-22 15:17:38 [INFO]: ✅ Embedding generated {
  "textLength": 12684,
  "vectorLength": 1536,
  "nonZeroValues": 1208
}
2025-09-22 15:17:38 [INFO]: 🔍 Vector store attempting to store {
  "id": "58012b58-826d-4f83-bd46-dd94187db19a:ExplainerAgent-1758534458318",
  "vectorType": "object",
  "isArray": true,
  "vectorLength": 1536,
  "expectedDimension": 1536,
  "firstFewValues": [
    0.010276191201028968,
    0.01284523900128621,
    0.02569047800257242,
    0,
    0.02055238240205794
  ]
}
2025-09-22 15:17:38 [INFO]: 📦 Vector stored {
  "id": "58012b58-826d-4f83-bd46-dd94187db19a:ExplainerAgent-1758534458318",
  "dimension": 1536,
  "metadata": [
    "conversationId",
    "messageId",
    "content",
    "role",
    "type"
  ]
}
2025-09-22 15:17:38 [INFO]: 💬 Conversation context stored {
  "conversationId": "58012b58-826d-4f83-bd46-dd94187db19a",
  "messageId": "ExplainerAgent-1758534458318",
  "role": "assistant",
  "contentLength": 12684
}
2025-09-22 15:17:38 [INFO]: ✅ ExplainerAgent completed successfully {
  "agent": "ExplainerAgent",
  "confidence": 0.8999999999999999,
  "outputSize": 12684
}
2025-09-22 15:17:38 [INFO]: 🔧 Workflow step: workflow_completed {
  "workflowId": "workflow_1758534420510_2p21ztjjw",
  "workflowType": "full_modernization",
  "duration": 37809,
  "success": true
}
2025-09-22 15:17:38 [INFO]: Job 58012b58-826d-4f83-bd46-dd94187db19a: Pipeline completed 
2025-09-22 15:17:38 [INFO]: Job 58012b58-826d-4f83-bd46-dd94187db19a: Processing completed successfully 
2025-09-22 15:17:38 [INFO]: ✅ Job 58012b58-826d-4f83-bd46-dd94187db19a completed successfully - processed 2 files 
2025-11-22 22:29:25 [INFO]: 🚀 Initializing AI Modernization Assistant... 
2025-11-22 22:29:25 [INFO]: 🤖 AI Client initialized {
  "provider": "gemini",
  "mockMode": false,
  "hasApiKey": true
}
2025-11-22 22:29:25 [INFO]: ✅ AI system initialized successfully 
2025-11-22 22:29:25 [INFO]: 🌟 AI Modernization Assistant server running on port 3001 
2025-11-22 22:29:25 [INFO]: 📁 Upload directory: D:\mumbaiHack\404-KILLERS\engine\uploads 
2025-11-22 22:29:25 [INFO]: 🔧 Environment: development 
2025-11-22 22:29:25 [INFO]: 🤖 AI Provider: gemini 
2025-11-22 22:29:25 [INFO]: 🔑 API Key configured: true 
2025-11-22 23:03:31 [INFO]: 📁 File upload received: 2 file(s) 
2025-11-22 23:03:31 [INFO]:   - sample.dat (741 bytes) 
2025-11-22 23:03:31 [INFO]:   - sample.cpy (524 bytes) 
2025-11-22 23:03:31 [INFO]: Job cea075ec-a1bb-4c81-944c-3dc686024bec: Starting analysis of 2 files... 
2025-11-22 23:03:31 [INFO]: 📊 File breakdown: 1 .cpy, 1 .dat, 0 other 
2025-11-22 23:03:31 [INFO]: Job cea075ec-a1bb-4c81-944c-3dc686024bec: Processing sample.dat... 
2025-11-22 23:03:31 [INFO]: 📄 Starting file chunking {
  "filePath": "files-1763832811088-344370645.dat",
  "maxChunkSize": 4000,
  "overlap": 200,
  "strategy": "auto"
}
2025-11-22 23:03:31 [INFO]: Job cea075ec-a1bb-4c81-944c-3dc686024bec: Processing sample.cpy... 
2025-11-22 23:03:31 [INFO]: 📄 Starting file chunking {
  "filePath": "files-1763832811093-467607414.cpy",
  "maxChunkSize": 4000,
  "overlap": 200,
  "strategy": "auto"
}
2025-11-22 23:03:31 [INFO]: Job cea075ec-a1bb-4c81-944c-3dc686024bec: Combined 2 chunks from 2 files 
2025-11-22 23:03:31 [INFO]: Job cea075ec-a1bb-4c81-944c-3dc686024bec: Starting modernization pipeline... 
2025-11-22 23:03:31 [INFO]: 🔧 Workflow step: workflow_started {
  "workflowId": "workflow_1763832811303_5bfftpaoy",
  "workflowType": "full_modernization",
  "input": "object"
}
2025-11-22 23:03:31 [INFO]: 🔧 Workflow step: parse_step {
  "workflowId": "workflow_1763832811303_5bfftpaoy"
}
2025-11-22 23:03:31 [INFO]: 🚀 Starting ParserAgent {
  "agent": "ParserAgent",
  "inputSize": 3245
}
2025-11-22 23:03:31 [INFO]: 🤖 Generating AI content {
  "provider": "gemini",
  "mockMode": false,
  "promptLength": 1551,
  "temperature": 0.3,
  "maxTokens": 4000
}
2025-11-22 23:03:32 [ERROR]: ❌ AI generation failed {
  "error": "Not Found (404): Incorrect API endpoint URL - Not Found"
}
2025-11-22 23:03:32 [WARN]: 🔄 Falling back to mock response due to API failure 
2025-11-22 23:03:33 [INFO]: 🎭 Generating mock response {
  "promptType": "parser",
  "promptLength": 1551
}
2025-11-22 23:03:33 [INFO]: ✅ Embedding generated {
  "textLength": 1211,
  "vectorLength": 1536,
  "nonZeroValues": 494
}
2025-11-22 23:03:33 [INFO]: 🔍 Vector store attempting to store {
  "id": "SAMPLE_PROGRAM",
  "vectorType": "object",
  "isArray": true,
  "vectorLength": 1536,
  "expectedDimension": 1536,
  "firstFewValues": [
    0.02009263970630486,
    0,
    0,
    0,
    0
  ]
}
2025-11-22 23:03:33 [INFO]: 📦 Vector stored {
  "id": "SAMPLE_PROGRAM",
  "dimension": 1536,
  "metadata": [
    "entityType",
    "code",
    "language",
    "analysisResult",
    "qualityMetrics",
    "lastAnalyzed"
  ]
}
2025-11-22 23:03:33 [INFO]: 🔗 Node added to graph {
  "id": "SAMPLE_PROGRAM",
  "type": "cobol_program",
  "propertiesCount": 5
}
2025-11-22 23:03:33 [INFO]: 💾 COBOL entity stored {
  "entityId": "SAMPLE_PROGRAM",
  "entityType": "program",
  "codeLength": 1331
}
2025-11-22 23:03:33 [ERROR]: ❌ Failed to add edge {
  "fromId": "SAMPLE_PROGRAM",
  "toId": "COPYLIB1",
  "relationType": "copy",
  "error": "Source or target node not found: SAMPLE_PROGRAM -> COPYLIB1"
}
2025-11-22 23:03:33 [ERROR]: ❌ Failed to store relationship {
  "fromEntity": "SAMPLE_PROGRAM",
  "toEntity": "COPYLIB1",
  "relationType": "copy",
  "error": "Source or target node not found: SAMPLE_PROGRAM -> COPYLIB1"
}
2025-11-22 23:03:33 [INFO]: ✅ Embedding generated {
  "textLength": 1211,
  "vectorLength": 1536,
  "nonZeroValues": 494
}
2025-11-22 23:03:33 [INFO]: 🔍 Vector store attempting to store {
  "id": "cea075ec-a1bb-4c81-944c-3dc686024bec:ParserAgent-1763832813761",
  "vectorType": "object",
  "isArray": true,
  "vectorLength": 1536,
  "expectedDimension": 1536,
  "firstFewValues": [
    0.02009263970630486,
    0,
    0,
    0,
    0
  ]
}
2025-11-22 23:03:33 [INFO]: 📦 Vector stored {
  "id": "cea075ec-a1bb-4c81-944c-3dc686024bec:ParserAgent-1763832813761",
  "dimension": 1536,
  "metadata": [
    "conversationId",
    "messageId",
    "content",
    "role",
    "type"
  ]
}
2025-11-22 23:03:33 [INFO]: 💬 Conversation context stored {
  "conversationId": "cea075ec-a1bb-4c81-944c-3dc686024bec",
  "messageId": "ParserAgent-1763832813761",
  "role": "assistant",
  "contentLength": 1211
}
2025-11-22 23:03:33 [INFO]: ✅ ParserAgent completed successfully {
  "agent": "ParserAgent",
  "confidence": 0.95,
  "outputSize": 1211
}
2025-11-22 23:03:33 [INFO]: 🔧 Workflow step: modernize_step {
  "workflowId": "workflow_1763832811303_5bfftpaoy"
}
2025-11-22 23:03:33 [INFO]: 🚀 Starting ModernizerAgent {
  "agent": "ModernizerAgent",
  "inputSize": 2702
}
2025-11-22 23:03:33 [INFO]: ✅ Embedding generated {
  "textLength": 1211,
  "vectorLength": 1536,
  "nonZeroValues": 494
}
2025-11-22 23:03:33 [INFO]: 🔍 Vector store search query {
  "vectorType": "object",
  "isArray": true,
  "vectorLength": 1536,
  "expectedDimension": 1536,
  "firstFewValues": [
    0.02009263970630486,
    0,
    0,
    0,
    0
  ]
}
2025-11-22 23:03:33 [INFO]: 🔍 Vector search completed {
  "queryDimension": 1536,
  "totalVectors": 2,
  "resultsFound": 1,
  "threshold": 0.7
}
2025-11-22 23:03:33 [INFO]: 🔍 Vector store search query {
  "vectorType": "object",
  "isArray": true,
  "vectorLength": 1536,
  "expectedDimension": 1536,
  "firstFewValues": [
    0.02009263970630486,
    0,
    0,
    0,
    0
  ]
}
2025-11-22 23:03:33 [INFO]: 🔍 Vector search completed {
  "queryDimension": 1536,
  "totalVectors": 2,
  "resultsFound": 0,
  "threshold": 0.7
}
2025-11-22 23:03:33 [INFO]: 🔍 Vector store search query {
  "vectorType": "object",
  "isArray": true,
  "vectorLength": 1536,
  "expectedDimension": 1536,
  "firstFewValues": [
    0.02009263970630486,
    0,
    0,
    0,
    0
  ]
}
2025-11-22 23:03:33 [INFO]: 🔍 Vector search completed {
  "queryDimension": 1536,
  "totalVectors": 2,
  "resultsFound": 1,
  "threshold": 0.7
}
2025-11-22 23:03:33 [INFO]: 🎯 Retrieved relevant context {
  "conversationId": "cea075ec-a1bb-4c81-944c-3dc686024bec",
  "conversationItems": 1,
  "codePatterns": 0,
  "entities": 1
}
2025-11-22 23:03:33 [INFO]: 🤖 Generating AI content {
  "provider": "gemini",
  "mockMode": false,
  "promptLength": 3807,
  "temperature": 0.4,
  "maxTokens": 6000
}
2025-11-22 23:03:34 [ERROR]: ❌ AI generation failed {
  "error": "Not Found (404): Incorrect API endpoint URL - Not Found"
}
2025-11-22 23:03:34 [WARN]: 🔄 Falling back to mock response due to API failure 
2025-11-22 23:03:35 [INFO]: 🎭 Generating mock response {
  "promptType": "parser",
  "promptLength": 3807
}
2025-11-22 23:03:35 [INFO]: ✅ Embedding generated {
  "textLength": 2634,
  "vectorLength": 1536,
  "nonZeroValues": 734
}
2025-11-22 23:03:35 [INFO]: 🔍 Vector store attempting to store {
  "id": "SAMPLE_PROGRAM_modern_Java",
  "vectorType": "object",
  "isArray": true,
  "vectorLength": 1536,
  "expectedDimension": 1536,
  "firstFewValues": [
    0,
    0.02046363772675161,
    0.010231818863375805,
    0.02046363772675161,
    0.02046363772675161
  ]
}
2025-11-22 23:03:35 [INFO]: 📦 Vector stored {
  "id": "SAMPLE_PROGRAM_modern_Java",
  "dimension": 1536,
  "metadata": [
    "entityType",
    "code",
    "language",
    "originalProgram",
    "targetLanguage",
    "targetFramework",
    "modernizationMetrics",
    "migrationPlan",
    "lastModernized"
  ]
}
2025-11-22 23:03:35 [INFO]: 🔗 Node added to graph {
  "id": "SAMPLE_PROGRAM_modern_Java",
  "type": "modernized_program",
  "propertiesCount": 7
}
2025-11-22 23:03:35 [INFO]: 💾 COBOL entity stored {
  "entityId": "SAMPLE_PROGRAM_modern_Java",
  "entityType": "modernized_program",
  "codeLength": 117
}
2025-11-22 23:03:35 [INFO]: ➡️ Edge added to graph {
  "from": "SAMPLE_PROGRAM",
  "to": "SAMPLE_PROGRAM_modern_Java",
  "type": "modernized_to"
}
2025-11-22 23:03:35 [INFO]: 🔗 Relationship stored {
  "from": "SAMPLE_PROGRAM",
  "to": "SAMPLE_PROGRAM_modern_Java",
  "type": "modernized_to"
}
2025-11-22 23:03:35 [INFO]: ✅ Embedding generated {
  "textLength": 2634,
  "vectorLength": 1536,
  "nonZeroValues": 734
}
2025-11-22 23:03:35 [INFO]: 🔍 Vector store attempting to store {
  "id": "cea075ec-a1bb-4c81-944c-3dc686024bec:ModernizerAgent-1763832815396",
  "vectorType": "object",
  "isArray": true,
  "vectorLength": 1536,
  "expectedDimension": 1536,
  "firstFewValues": [
    0,
    0.02046363772675161,
    0.010231818863375805,
    0.02046363772675161,
    0.02046363772675161
  ]
}
2025-11-22 23:03:35 [INFO]: 📦 Vector stored {
  "id": "cea075ec-a1bb-4c81-944c-3dc686024bec:ModernizerAgent-1763832815396",
  "dimension": 1536,
  "metadata": [
    "conversationId",
    "messageId",
    "content",
    "role",
    "type"
  ]
}
2025-11-22 23:03:35 [INFO]: 💬 Conversation context stored {
  "conversationId": "cea075ec-a1bb-4c81-944c-3dc686024bec",
  "messageId": "ModernizerAgent-1763832815396",
  "role": "assistant",
  "contentLength": 2634
}
2025-11-22 23:03:35 [INFO]: ✅ ModernizerAgent completed successfully {
  "agent": "ModernizerAgent",
  "confidence": 0.7,
  "outputSize": 2634
}
2025-11-22 23:03:35 [INFO]: 🔧 Workflow step: validate_step {
  "workflowId": "workflow_1763832811303_5bfftpaoy"
}
2025-11-22 23:03:35 [INFO]: 🚀 Starting ValidatorAgent {
  "agent": "ValidatorAgent",
  "inputSize": 3935
}
2025-11-22 23:03:35 [INFO]: ✅ Embedding generated {
  "textLength": 2634,
  "vectorLength": 1536,
  "nonZeroValues": 734
}
2025-11-22 23:03:35 [INFO]: 🔍 Vector store search query {
  "vectorType": "object",
  "isArray": true,
  "vectorLength": 1536,
  "expectedDimension": 1536,
  "firstFewValues": [
    0,
    0.02046363772675161,
    0.010231818863375805,
    0.02046363772675161,
    0.02046363772675161
  ]
}
2025-11-22 23:03:35 [INFO]: 🔍 Vector search completed {
  "queryDimension": 1536,
  "totalVectors": 4,
  "resultsFound": 1,
  "threshold": 0.7
}
2025-11-22 23:03:35 [INFO]: 🔍 Vector store search query {
  "vectorType": "object",
  "isArray": true,
  "vectorLength": 1536,
  "expectedDimension": 1536,
  "firstFewValues": [
    0,
    0.02046363772675161,
    0.010231818863375805,
    0.02046363772675161,
    0.02046363772675161
  ]
}
2025-11-22 23:03:35 [INFO]: 🔍 Vector search completed {
  "queryDimension": 1536,
  "totalVectors": 4,
  "resultsFound": 0,
  "threshold": 0.7
}
2025-11-22 23:03:35 [INFO]: 🔍 Vector store search query {
  "vectorType": "object",
  "isArray": true,
  "vectorLength": 1536,
  "expectedDimension": 1536,
  "firstFewValues": [
    0,
    0.02046363772675161,
    0.010231818863375805,
    0.02046363772675161,
    0.02046363772675161
  ]
}
2025-11-22 23:03:35 [INFO]: 🔍 Vector search completed {
  "queryDimension": 1536,
  "totalVectors": 4,
  "resultsFound": 1,
  "threshold": 0.7
}
2025-11-22 23:03:35 [INFO]: 🎯 Retrieved relevant context {
  "conversationId": "cea075ec-a1bb-4c81-944c-3dc686024bec",
  "conversationItems": 1,
  "codePatterns": 0,
  "entities": 1
}
2025-11-22 23:03:35 [INFO]: 🤖 Generating AI content {
  "provider": "gemini",
  "mockMode": false,
  "promptLength": 5759,
  "temperature": 0.2,
  "maxTokens": 5000
}
2025-11-22 23:03:35 [ERROR]: ❌ AI generation failed {
  "error": "Not Found (404): Incorrect API endpoint URL - Not Found"
}
2025-11-22 23:03:35 [WARN]: 🔄 Falling back to mock response due to API failure 
2025-11-22 23:03:36 [INFO]: 🎭 Generating mock response {
  "promptType": "parser",
  "promptLength": 5759
}
2025-11-22 23:03:36 [INFO]: ✅ Embedding generated {
  "textLength": 3157,
  "vectorLength": 1536,
  "nonZeroValues": 851
}
2025-11-22 23:03:36 [INFO]: 🔍 Vector store attempting to store {
  "id": "SAMPLE_PROGRAM_validation_1763832816678",
  "vectorType": "object",
  "isArray": true,
  "vectorLength": 1536,
  "expectedDimension": 1536,
  "firstFewValues": [
    0,
    0.009237505774164528,
    0.018475011548329055,
    0,
    0.03695002309665811
  ]
}
2025-11-22 23:03:36 [INFO]: 📦 Vector stored {
  "id": "SAMPLE_PROGRAM_validation_1763832816678",
  "dimension": 1536,
  "metadata": [
    "entityType",
    "code",
    "language",
    "originalProgram",
    "overallScore",
    "status",
    "issueCount",
    "validatedAt"
  ]
}
2025-11-22 23:03:36 [INFO]: 🔗 Node added to graph {
  "id": "SAMPLE_PROGRAM_validation_1763832816678",
  "type": "validation_result",
  "propertiesCount": 6
}
2025-11-22 23:03:36 [INFO]: 💾 COBOL entity stored {
  "entityId": "SAMPLE_PROGRAM_validation_1763832816678",
  "entityType": "validation_result",
  "codeLength": 3157
}
2025-11-22 23:03:36 [INFO]: ➡️ Edge added to graph {
  "from": "SAMPLE_PROGRAM_modern_Java",
  "to": "SAMPLE_PROGRAM_validation_1763832816678",
  "type": "validated_by"
}
2025-11-22 23:03:36 [INFO]: 🔗 Relationship stored {
  "from": "SAMPLE_PROGRAM_modern_Java",
  "to": "SAMPLE_PROGRAM_validation_1763832816678",
  "type": "validated_by"
}
2025-11-22 23:03:36 [INFO]: ✅ Embedding generated {
  "textLength": 3157,
  "vectorLength": 1536,
  "nonZeroValues": 851
}
2025-11-22 23:03:36 [INFO]: 🔍 Vector store attempting to store {
  "id": "cea075ec-a1bb-4c81-944c-3dc686024bec:ValidatorAgent-1763832816811",
  "vectorType": "object",
  "isArray": true,
  "vectorLength": 1536,
  "expectedDimension": 1536,
  "firstFewValues": [
    0,
    0.009237505774164528,
    0.018475011548329055,
    0,
    0.03695002309665811
  ]
}
2025-11-22 23:03:36 [INFO]: 📦 Vector stored {
  "id": "cea075ec-a1bb-4c81-944c-3dc686024bec:ValidatorAgent-1763832816811",
  "dimension": 1536,
  "metadata": [
    "conversationId",
    "messageId",
    "content",
    "role",
    "type"
  ]
}
2025-11-22 23:03:36 [INFO]: 💬 Conversation context stored {
  "conversationId": "cea075ec-a1bb-4c81-944c-3dc686024bec",
  "messageId": "ValidatorAgent-1763832816811",
  "role": "assistant",
  "contentLength": 3157
}
2025-11-22 23:03:36 [INFO]: ✅ ValidatorAgent completed successfully {
  "agent": "ValidatorAgent",
  "confidence": 0.7999999999999998,
  "outputSize": 3157
}
2025-11-22 23:03:36 [INFO]: 🔧 Workflow step: validation_concerns {
  "workflowId": "workflow_1763832811303_5bfftpaoy",
  "score": 60
}
2025-11-22 23:03:36 [INFO]: 🔧 Workflow step: explain_step {
  "workflowId": "workflow_1763832811303_5bfftpaoy"
}
2025-11-22 23:03:36 [INFO]: 🚀 Starting ExplainerAgent {
  "agent": "ExplainerAgent",
  "inputSize": 7155
}
2025-11-22 23:03:36 [INFO]: ✅ Embedding generated {
  "textLength": 7045,
  "vectorLength": 1536,
  "nonZeroValues": 1006
}
2025-11-22 23:03:36 [INFO]: 🔍 Vector store search query {
  "vectorType": "object",
  "isArray": true,
  "vectorLength": 1536,
  "expectedDimension": 1536,
  "firstFewValues": [
    0.0041663050239400656,
    0,
    0.016665220095760262,
    0.016665220095760262,
    0
  ]
}
2025-11-22 23:03:36 [INFO]: 🔍 Vector search completed {
  "queryDimension": 1536,
  "totalVectors": 6,
  "resultsFound": 0,
  "threshold": 0.7
}
2025-11-22 23:03:36 [INFO]: 🔍 Vector store search query {
  "vectorType": "object",
  "isArray": true,
  "vectorLength": 1536,
  "expectedDimension": 1536,
  "firstFewValues": [
    0.0041663050239400656,
    0,
    0.016665220095760262,
    0.016665220095760262,
    0
  ]
}
2025-11-22 23:03:36 [INFO]: 🔍 Vector search completed {
  "queryDimension": 1536,
  "totalVectors": 6,
  "resultsFound": 0,
  "threshold": 0.7
}
2025-11-22 23:03:36 [INFO]: 🔍 Vector store search query {
  "vectorType": "object",
  "isArray": true,
  "vectorLength": 1536,
  "expectedDimension": 1536,
  "firstFewValues": [
    0.0041663050239400656,
    0,
    0.016665220095760262,
    0.016665220095760262,
    0
  ]
}
2025-11-22 23:03:37 [INFO]: 🔍 Vector search completed {
  "queryDimension": 1536,
  "totalVectors": 6,
  "resultsFound": 0,
  "threshold": 0.7
}
2025-11-22 23:03:37 [INFO]: 🎯 Retrieved relevant context {
  "conversationId": "cea075ec-a1bb-4c81-944c-3dc686024bec",
  "conversationItems": 0,
  "codePatterns": 0,
  "entities": 0
}
2025-11-22 23:03:37 [INFO]: 🤖 Generating AI content {
  "provider": "gemini",
  "mockMode": false,
  "promptLength": 9209,
  "temperature": 0.5,
  "maxTokens": 6000
}
2025-11-22 23:03:37 [ERROR]: ❌ AI generation failed {
  "error": "Not Found (404): Incorrect API endpoint URL - Not Found"
}
2025-11-22 23:03:37 [WARN]: 🔄 Falling back to mock response due to API failure 
2025-11-22 23:03:38 [INFO]: 🎭 Generating mock response {
  "promptType": "parser",
  "promptLength": 9209
}
2025-11-22 23:03:38 [INFO]: ✅ Embedding generated {
  "textLength": 5004,
  "vectorLength": 1536,
  "nonZeroValues": 835
}
2025-11-22 23:03:38 [INFO]: 🔍 Vector store attempting to store {
  "id": "explanation_1763832818660",
  "vectorType": "object",
  "isArray": true,
  "vectorLength": 1536,
  "expectedDimension": 1536,
  "firstFewValues": [
    0.005166941024166452,
    0.005166941024166452,
    0.02066776409666581,
    0,
    0
  ]
}
2025-11-22 23:03:38 [INFO]: 📦 Vector stored {
  "id": "explanation_1763832818660",
  "dimension": 1536,
  "metadata": [
    "entityType",
    "code",
    "language",
    "explanationType",
    "targetAudience",
    "sectionCount",
    "insightCount",
    "createdAt"
  ]
}
2025-11-22 23:03:38 [INFO]: 🔗 Node added to graph {
  "id": "explanation_1763832818660",
  "type": "explanation",
  "propertiesCount": 6
}
2025-11-22 23:03:38 [INFO]: 💾 COBOL entity stored {
  "entityId": "explanation_1763832818660",
  "entityType": "explanation",
  "codeLength": 5004
}
2025-11-22 23:03:38 [INFO]: ✅ Embedding generated {
  "textLength": 5004,
  "vectorLength": 1536,
  "nonZeroValues": 835
}
2025-11-22 23:03:38 [INFO]: 🔍 Vector store attempting to store {
  "id": "cea075ec-a1bb-4c81-944c-3dc686024bec:ExplainerAgent-1763832818691",
  "vectorType": "object",
  "isArray": true,
  "vectorLength": 1536,
  "expectedDimension": 1536,
  "firstFewValues": [
    0.005166941024166452,
    0.005166941024166452,
    0.02066776409666581,
    0,
    0
  ]
}
2025-11-22 23:03:38 [INFO]: 📦 Vector stored {
  "id": "cea075ec-a1bb-4c81-944c-3dc686024bec:ExplainerAgent-1763832818691",
  "dimension": 1536,
  "metadata": [
    "conversationId",
    "messageId",
    "content",
    "role",
    "type"
  ]
}
2025-11-22 23:03:38 [INFO]: 💬 Conversation context stored {
  "conversationId": "cea075ec-a1bb-4c81-944c-3dc686024bec",
  "messageId": "ExplainerAgent-1763832818691",
  "role": "assistant",
  "contentLength": 5004
}
2025-11-22 23:03:38 [INFO]: ✅ ExplainerAgent completed successfully {
  "agent": "ExplainerAgent",
  "confidence": 0.8999999999999999,
  "outputSize": 5004
}
2025-11-22 23:03:38 [INFO]: 🔧 Workflow step: workflow_completed {
  "workflowId": "workflow_1763832811303_5bfftpaoy",
  "workflowType": "full_modernization",
  "duration": 7405,
  "success": true
}
2025-11-22 23:03:38 [INFO]: Job cea075ec-a1bb-4c81-944c-3dc686024bec: Pipeline completed 
2025-11-22 23:03:38 [INFO]: Job cea075ec-a1bb-4c81-944c-3dc686024bec: Processing completed successfully 
2025-11-22 23:03:38 [INFO]: ✅ Job cea075ec-a1bb-4c81-944c-3dc686024bec completed successfully - processed 2 files 
2025-11-22 23:19:31 [INFO]: 📁 File upload received: 2 file(s) 
2025-11-22 23:19:31 [INFO]:   - INVENTORY.CPY (506 bytes) 
2025-11-22 23:19:31 [INFO]:   - INVENTORY.DAT (340 bytes) 
2025-11-22 23:19:31 [INFO]: Job 1e5070d1-cf83-481e-965a-0eb75e7e9dab: Starting analysis of 2 files... 
2025-11-22 23:19:31 [INFO]: 📊 File breakdown: 1 .cpy, 1 .dat, 0 other 
2025-11-22 23:19:31 [INFO]: Job 1e5070d1-cf83-481e-965a-0eb75e7e9dab: Processing INVENTORY.CPY... 
2025-11-22 23:19:31 [INFO]: 📄 Starting file chunking {
  "filePath": "files-1763833771589-20430889.CPY",
  "maxChunkSize": 4000,
  "overlap": 200,
  "strategy": "auto"
}
2025-11-22 23:19:31 [INFO]: Job 1e5070d1-cf83-481e-965a-0eb75e7e9dab: Processing INVENTORY.DAT... 
2025-11-22 23:19:31 [INFO]: 📄 Starting file chunking {
  "filePath": "files-1763833771591-568269651.DAT",
  "maxChunkSize": 4000,
  "overlap": 200,
  "strategy": "auto"
}
2025-11-22 23:19:31 [INFO]: Job 1e5070d1-cf83-481e-965a-0eb75e7e9dab: Combined 2 chunks from 2 files 
2025-11-22 23:19:31 [INFO]: Job 1e5070d1-cf83-481e-965a-0eb75e7e9dab: Starting modernization pipeline... 
2025-11-22 23:19:31 [INFO]: 🔧 Workflow step: workflow_started {
  "workflowId": "workflow_1763833771628_beyr2ntnw",
  "workflowType": "full_modernization",
  "input": "object"
}
2025-11-22 23:19:31 [INFO]: 🔧 Workflow step: parse_step {
  "workflowId": "workflow_1763833771628_beyr2ntnw"
}
2025-11-22 23:19:31 [INFO]: 🚀 Starting ParserAgent {
  "agent": "ParserAgent",
  "inputSize": 2426
}
2025-11-22 23:19:31 [INFO]: 🤖 Generating AI content {
  "provider": "gemini",
  "mockMode": false,
  "promptLength": 1144,
  "temperature": 0.3,
  "maxTokens": 4000
}
2025-11-22 23:19:32 [ERROR]: ❌ AI generation failed {
  "error": "Not Found (404): Incorrect API endpoint URL - Not Found"
}
2025-11-22 23:19:32 [WARN]: 🔄 Falling back to mock response due to API failure 
2025-11-22 23:19:32 [INFO]: 🎭 Generating mock response {
  "promptType": "parser",
  "promptLength": 1144
}
2025-11-22 23:19:33 [INFO]: ✅ Embedding generated {
  "textLength": 1211,
  "vectorLength": 1536,
  "nonZeroValues": 491
}
2025-11-22 23:19:33 [INFO]: 🔍 Vector store attempting to store {
  "id": "SAMPLE_PROGRAM",
  "vectorType": "object",
  "isArray": true,
  "vectorLength": 1536,
  "expectedDimension": 1536,
  "firstFewValues": [
    0,
    0,
    0,
    0.02006834877696492,
    0
  ]
}
2025-11-22 23:19:33 [INFO]: 📦 Vector stored {
  "id": "SAMPLE_PROGRAM",
  "dimension": 1536,
  "metadata": [
    "entityType",
    "code",
    "language",
    "analysisResult",
    "qualityMetrics",
    "lastAnalyzed"
  ]
}
2025-11-22 23:19:33 [INFO]: 🔗 Node added to graph {
  "id": "SAMPLE_PROGRAM",
  "type": "cobol_program",
  "propertiesCount": 5
}
2025-11-22 23:19:33 [INFO]: 💾 COBOL entity stored {
  "entityId": "SAMPLE_PROGRAM",
  "entityType": "program",
  "codeLength": 918
}
2025-11-22 23:19:33 [ERROR]: ❌ Failed to add edge {
  "fromId": "SAMPLE_PROGRAM",
  "toId": "COPYLIB1",
  "relationType": "copy",
  "error": "Source or target node not found: SAMPLE_PROGRAM -> COPYLIB1"
}
2025-11-22 23:19:33 [ERROR]: ❌ Failed to store relationship {
  "fromEntity": "SAMPLE_PROGRAM",
  "toEntity": "COPYLIB1",
  "relationType": "copy",
  "error": "Source or target node not found: SAMPLE_PROGRAM -> COPYLIB1"
}
2025-11-22 23:19:33 [INFO]: ✅ Embedding generated {
  "textLength": 1211,
  "vectorLength": 1536,
  "nonZeroValues": 491
}
2025-11-22 23:19:33 [INFO]: 🔍 Vector store attempting to store {
  "id": "1e5070d1-cf83-481e-965a-0eb75e7e9dab:ParserAgent-1763833773135",
  "vectorType": "object",
  "isArray": true,
  "vectorLength": 1536,
  "expectedDimension": 1536,
  "firstFewValues": [
    0,
    0,
    0,
    0.02006834877696492,
    0
  ]
}
2025-11-22 23:19:33 [INFO]: 📦 Vector stored {
  "id": "1e5070d1-cf83-481e-965a-0eb75e7e9dab:ParserAgent-1763833773135",
  "dimension": 1536,
  "metadata": [
    "conversationId",
    "messageId",
    "content",
    "role",
    "type"
  ]
}
2025-11-22 23:19:33 [INFO]: 💬 Conversation context stored {
  "conversationId": "1e5070d1-cf83-481e-965a-0eb75e7e9dab",
  "messageId": "ParserAgent-1763833773135",
  "role": "assistant",
  "contentLength": 1211
}
2025-11-22 23:19:33 [INFO]: ✅ ParserAgent completed successfully {
  "agent": "ParserAgent",
  "confidence": 0.95,
  "outputSize": 1211
}
2025-11-22 23:19:33 [INFO]: 🔧 Workflow step: modernize_step {
  "workflowId": "workflow_1763833771628_beyr2ntnw"
}
2025-11-22 23:19:33 [INFO]: 🚀 Starting ModernizerAgent {
  "agent": "ModernizerAgent",
  "inputSize": 2287
}
2025-11-22 23:19:33 [INFO]: ✅ Embedding generated {
  "textLength": 1211,
  "vectorLength": 1536,
  "nonZeroValues": 491
}
2025-11-22 23:19:33 [INFO]: 🔍 Vector store search query {
  "vectorType": "object",
  "isArray": true,
  "vectorLength": 1536,
  "expectedDimension": 1536,
  "firstFewValues": [
    0,
    0,
    0,
    0.02006834877696492,
    0
  ]
}
2025-11-22 23:19:33 [INFO]: 🔍 Vector search completed {
  "queryDimension": 1536,
  "totalVectors": 9,
  "resultsFound": 1,
  "threshold": 0.7
}
2025-11-22 23:19:33 [INFO]: 🔍 Vector store search query {
  "vectorType": "object",
  "isArray": true,
  "vectorLength": 1536,
  "expectedDimension": 1536,
  "firstFewValues": [
    0,
    0,
    0,
    0.02006834877696492,
    0
  ]
}
2025-11-22 23:19:33 [INFO]: 🔍 Vector search completed {
  "queryDimension": 1536,
  "totalVectors": 9,
  "resultsFound": 0,
  "threshold": 0.7
}
2025-11-22 23:19:33 [INFO]: 🔍 Vector store search query {
  "vectorType": "object",
  "isArray": true,
  "vectorLength": 1536,
  "expectedDimension": 1536,
  "firstFewValues": [
    0,
    0,
    0,
    0.02006834877696492,
    0
  ]
}
2025-11-22 23:19:33 [INFO]: 🔍 Vector search completed {
  "queryDimension": 1536,
  "totalVectors": 9,
  "resultsFound": 1,
  "threshold": 0.7
}
2025-11-22 23:19:33 [INFO]: 🎯 Retrieved relevant context {
  "conversationId": "1e5070d1-cf83-481e-965a-0eb75e7e9dab",
  "conversationItems": 1,
  "codePatterns": 0,
  "entities": 1
}
2025-11-22 23:19:33 [INFO]: 🤖 Generating AI content {
  "provider": "gemini",
  "mockMode": false,
  "promptLength": 3394,
  "temperature": 0.4,
  "maxTokens": 6000
}
2025-11-22 23:19:33 [ERROR]: ❌ AI generation failed {
  "error": "Not Found (404): Incorrect API endpoint URL - Not Found"
}
2025-11-22 23:19:33 [WARN]: 🔄 Falling back to mock response due to API failure 
2025-11-22 23:19:34 [INFO]: 🎭 Generating mock response {
  "promptType": "parser",
  "promptLength": 3394
}
2025-11-22 23:19:34 [INFO]: ✅ Embedding generated {
  "textLength": 2634,
  "vectorLength": 1536,
  "nonZeroValues": 735
}
2025-11-22 23:19:34 [INFO]: 🔍 Vector store attempting to store {
  "id": "SAMPLE_PROGRAM_modern_Java",
  "vectorType": "object",
  "isArray": true,
  "vectorLength": 1536,
  "expectedDimension": 1536,
  "firstFewValues": [
    0,
    0.020467923754178812,
    0.010233961877089406,
    0.020467923754178812,
    0.020467923754178812
  ]
}
2025-11-22 23:19:34 [INFO]: 📦 Vector stored {
  "id": "SAMPLE_PROGRAM_modern_Java",
  "dimension": 1536,
  "metadata": [
    "entityType",
    "code",
    "language",
    "originalProgram",
    "targetLanguage",
    "targetFramework",
    "modernizationMetrics",
    "migrationPlan",
    "lastModernized"
  ]
}
2025-11-22 23:19:34 [INFO]: 🔗 Node added to graph {
  "id": "SAMPLE_PROGRAM_modern_Java",
  "type": "modernized_program",
  "propertiesCount": 7
}
2025-11-22 23:19:34 [INFO]: 💾 COBOL entity stored {
  "entityId": "SAMPLE_PROGRAM_modern_Java",
  "entityType": "modernized_program",
  "codeLength": 117
}
2025-11-22 23:19:34 [INFO]: ➡️ Edge added to graph {
  "from": "SAMPLE_PROGRAM",
  "to": "SAMPLE_PROGRAM_modern_Java",
  "type": "modernized_to"
}
2025-11-22 23:19:34 [INFO]: 🔗 Relationship stored {
  "from": "SAMPLE_PROGRAM",
  "to": "SAMPLE_PROGRAM_modern_Java",
  "type": "modernized_to"
}
2025-11-22 23:19:34 [INFO]: ✅ Embedding generated {
  "textLength": 2634,
  "vectorLength": 1536,
  "nonZeroValues": 735
}
2025-11-22 23:19:34 [INFO]: 🔍 Vector store attempting to store {
  "id": "1e5070d1-cf83-481e-965a-0eb75e7e9dab:ModernizerAgent-1763833774412",
  "vectorType": "object",
  "isArray": true,
  "vectorLength": 1536,
  "expectedDimension": 1536,
  "firstFewValues": [
    0,
    0.020467923754178812,
    0.010233961877089406,
    0.020467923754178812,
    0.020467923754178812
  ]
}
2025-11-22 23:19:34 [INFO]: 📦 Vector stored {
  "id": "1e5070d1-cf83-481e-965a-0eb75e7e9dab:ModernizerAgent-1763833774412",
  "dimension": 1536,
  "metadata": [
    "conversationId",
    "messageId",
    "content",
    "role",
    "type"
  ]
}
2025-11-22 23:19:34 [INFO]: 💬 Conversation context stored {
  "conversationId": "1e5070d1-cf83-481e-965a-0eb75e7e9dab",
  "messageId": "ModernizerAgent-1763833774412",
  "role": "assistant",
  "contentLength": 2634
}
2025-11-22 23:19:34 [INFO]: ✅ ModernizerAgent completed successfully {
  "agent": "ModernizerAgent",
  "confidence": 0.7,
  "outputSize": 2634
}
2025-11-22 23:19:34 [INFO]: 🔧 Workflow step: validate_step {
  "workflowId": "workflow_1763833771628_beyr2ntnw"
}
2025-11-22 23:19:34 [INFO]: 🚀 Starting ValidatorAgent {
  "agent": "ValidatorAgent",
  "inputSize": 3935
}
2025-11-22 23:19:34 [INFO]: ✅ Embedding generated {
  "textLength": 2634,
  "vectorLength": 1536,
  "nonZeroValues": 735
}
2025-11-22 23:19:34 [INFO]: 🔍 Vector store search query {
  "vectorType": "object",
  "isArray": true,
  "vectorLength": 1536,
  "expectedDimension": 1536,
  "firstFewValues": [
    0,
    0.020467923754178812,
    0.010233961877089406,
    0.020467923754178812,
    0.020467923754178812
  ]
}
2025-11-22 23:19:34 [INFO]: 🔍 Vector search completed {
  "queryDimension": 1536,
  "totalVectors": 10,
  "resultsFound": 1,
  "threshold": 0.7
}
2025-11-22 23:19:34 [INFO]: 🔍 Vector store search query {
  "vectorType": "object",
  "isArray": true,
  "vectorLength": 1536,
  "expectedDimension": 1536,
  "firstFewValues": [
    0,
    0.020467923754178812,
    0.010233961877089406,
    0.020467923754178812,
    0.020467923754178812
  ]
}
2025-11-22 23:19:34 [INFO]: 🔍 Vector search completed {
  "queryDimension": 1536,
  "totalVectors": 10,
  "resultsFound": 0,
  "threshold": 0.7
}
2025-11-22 23:19:34 [INFO]: 🔍 Vector store search query {
  "vectorType": "object",
  "isArray": true,
  "vectorLength": 1536,
  "expectedDimension": 1536,
  "firstFewValues": [
    0,
    0.020467923754178812,
    0.010233961877089406,
    0.020467923754178812,
    0.020467923754178812
  ]
}
2025-11-22 23:19:34 [INFO]: 🔍 Vector search completed {
  "queryDimension": 1536,
  "totalVectors": 10,
  "resultsFound": 1,
  "threshold": 0.7
}
2025-11-22 23:19:34 [INFO]: 🎯 Retrieved relevant context {
  "conversationId": "1e5070d1-cf83-481e-965a-0eb75e7e9dab",
  "conversationItems": 1,
  "codePatterns": 0,
  "entities": 1
}
2025-11-22 23:19:34 [INFO]: 🤖 Generating AI content {
  "provider": "gemini",
  "mockMode": false,
  "promptLength": 5759,
  "temperature": 0.2,
  "maxTokens": 5000
}
2025-11-22 23:19:34 [ERROR]: ❌ AI generation failed {
  "error": "Not Found (404): Incorrect API endpoint URL - Not Found"
}
2025-11-22 23:19:34 [WARN]: 🔄 Falling back to mock response due to API failure 
2025-11-22 23:19:35 [INFO]: 🎭 Generating mock response {
  "promptType": "parser",
  "promptLength": 5759
}
2025-11-22 23:19:35 [INFO]: ✅ Embedding generated {
  "textLength": 3157,
  "vectorLength": 1536,
  "nonZeroValues": 851
}
2025-11-22 23:19:35 [INFO]: 🔍 Vector store attempting to store {
  "id": "SAMPLE_PROGRAM_validation_1763833775582",
  "vectorType": "object",
  "isArray": true,
  "vectorLength": 1536,
  "expectedDimension": 1536,
  "firstFewValues": [
    0,
    0.009237505774164528,
    0.018475011548329055,
    0,
    0.03695002309665811
  ]
}
2025-11-22 23:19:35 [INFO]: 📦 Vector stored {
  "id": "SAMPLE_PROGRAM_validation_1763833775582",
  "dimension": 1536,
  "metadata": [
    "entityType",
    "code",
    "language",
    "originalProgram",
    "overallScore",
    "status",
    "issueCount",
    "validatedAt"
  ]
}
2025-11-22 23:19:35 [INFO]: 🔗 Node added to graph {
  "id": "SAMPLE_PROGRAM_validation_1763833775582",
  "type": "validation_result",
  "propertiesCount": 6
}
2025-11-22 23:19:35 [INFO]: 💾 COBOL entity stored {
  "entityId": "SAMPLE_PROGRAM_validation_1763833775582",
  "entityType": "validation_result",
  "codeLength": 3157
}
2025-11-22 23:19:35 [INFO]: ➡️ Edge added to graph {
  "from": "SAMPLE_PROGRAM_modern_Java",
  "to": "SAMPLE_PROGRAM_validation_1763833775582",
  "type": "validated_by"
}
2025-11-22 23:19:35 [INFO]: 🔗 Relationship stored {
  "from": "SAMPLE_PROGRAM_modern_Java",
  "to": "SAMPLE_PROGRAM_validation_1763833775582",
  "type": "validated_by"
}
2025-11-22 23:19:35 [INFO]: ✅ Embedding generated {
  "textLength": 3157,
  "vectorLength": 1536,
  "nonZeroValues": 851
}
2025-11-22 23:19:35 [INFO]: 🔍 Vector store attempting to store {
  "id": "1e5070d1-cf83-481e-965a-0eb75e7e9dab:ValidatorAgent-1763833775600",
  "vectorType": "object",
  "isArray": true,
  "vectorLength": 1536,
  "expectedDimension": 1536,
  "firstFewValues": [
    0,
    0.009237505774164528,
    0.018475011548329055,
    0,
    0.03695002309665811
  ]
}
2025-11-22 23:19:35 [INFO]: 📦 Vector stored {
  "id": "1e5070d1-cf83-481e-965a-0eb75e7e9dab:ValidatorAgent-1763833775600",
  "dimension": 1536,
  "metadata": [
    "conversationId",
    "messageId",
    "content",
    "role",
    "type"
  ]
}
2025-11-22 23:19:35 [INFO]: 💬 Conversation context stored {
  "conversationId": "1e5070d1-cf83-481e-965a-0eb75e7e9dab",
  "messageId": "ValidatorAgent-1763833775600",
  "role": "assistant",
  "contentLength": 3157
}
2025-11-22 23:19:35 [INFO]: ✅ ValidatorAgent completed successfully {
  "agent": "ValidatorAgent",
  "confidence": 0.7999999999999998,
  "outputSize": 3157
}
2025-11-22 23:19:35 [INFO]: 🔧 Workflow step: validation_concerns {
  "workflowId": "workflow_1763833771628_beyr2ntnw",
  "score": 60
}
2025-11-22 23:19:35 [INFO]: 🔧 Workflow step: explain_step {
  "workflowId": "workflow_1763833771628_beyr2ntnw"
}
2025-11-22 23:19:35 [INFO]: 🚀 Starting ExplainerAgent {
  "agent": "ExplainerAgent",
  "inputSize": 7155
}
2025-11-22 23:19:35 [INFO]: ✅ Embedding generated {
  "textLength": 7045,
  "vectorLength": 1536,
  "nonZeroValues": 1005
}
2025-11-22 23:19:35 [INFO]: 🔍 Vector store search query {
  "vectorType": "object",
  "isArray": true,
  "vectorLength": 1536,
  "expectedDimension": 1536,
  "firstFewValues": [
    0,
    0,
    0.004167752160150411,
    0.02500651296090247,
    0.02500651296090247
  ]
}
2025-11-22 23:19:35 [INFO]: 🔍 Vector search completed {
  "queryDimension": 1536,
  "totalVectors": 12,
  "resultsFound": 0,
  "threshold": 0.7
}
2025-11-22 23:19:35 [INFO]: 🔍 Vector store search query {
  "vectorType": "object",
  "isArray": true,
  "vectorLength": 1536,
  "expectedDimension": 1536,
  "firstFewValues": [
    0,
    0,
    0.004167752160150411,
    0.02500651296090247,
    0.02500651296090247
  ]
}
2025-11-22 23:19:35 [INFO]: 🔍 Vector search completed {
  "queryDimension": 1536,
  "totalVectors": 12,
  "resultsFound": 0,
  "threshold": 0.7
}
2025-11-22 23:19:35 [INFO]: 🔍 Vector store search query {
  "vectorType": "object",
  "isArray": true,
  "vectorLength": 1536,
  "expectedDimension": 1536,
  "firstFewValues": [
    0,
    0,
    0.004167752160150411,
    0.02500651296090247,
    0.02500651296090247
  ]
}
2025-11-22 23:19:35 [INFO]: 🔍 Vector search completed {
  "queryDimension": 1536,
  "totalVectors": 12,
  "resultsFound": 0,
  "threshold": 0.7
}
2025-11-22 23:19:35 [INFO]: 🎯 Retrieved relevant context {
  "conversationId": "1e5070d1-cf83-481e-965a-0eb75e7e9dab",
  "conversationItems": 0,
  "codePatterns": 0,
  "entities": 0
}
2025-11-22 23:19:35 [INFO]: 🤖 Generating AI content {
  "provider": "gemini",
  "mockMode": false,
  "promptLength": 9209,
  "temperature": 0.5,
  "maxTokens": 6000
}
2025-11-22 23:19:35 [ERROR]: ❌ AI generation failed {
  "error": "Not Found (404): Incorrect API endpoint URL - Not Found"
}
2025-11-22 23:19:35 [WARN]: 🔄 Falling back to mock response due to API failure 
2025-11-22 23:19:36 [INFO]: 🎭 Generating mock response {
  "promptType": "parser",
  "promptLength": 9209
}
2025-11-22 23:19:36 [INFO]: ✅ Embedding generated {
  "textLength": 5004,
  "vectorLength": 1536,
  "nonZeroValues": 834
}
2025-11-22 23:19:36 [INFO]: 🔍 Vector store attempting to store {
  "id": "explanation_1763833776503",
  "vectorType": "object",
  "isArray": true,
  "vectorLength": 1536,
  "expectedDimension": 1536,
  "firstFewValues": [
    0.00516625144589273,
    0.00516625144589273,
    0.02066500578357092,
    0,
    0
  ]
}
2025-11-22 23:19:36 [INFO]: 📦 Vector stored {
  "id": "explanation_1763833776503",
  "dimension": 1536,
  "metadata": [
    "entityType",
    "code",
    "language",
    "explanationType",
    "targetAudience",
    "sectionCount",
    "insightCount",
    "createdAt"
  ]
}
2025-11-22 23:19:36 [INFO]: 🔗 Node added to graph {
  "id": "explanation_1763833776503",
  "type": "explanation",
  "propertiesCount": 6
}
2025-11-22 23:19:36 [INFO]: 💾 COBOL entity stored {
  "entityId": "explanation_1763833776503",
  "entityType": "explanation",
  "codeLength": 5004
}
2025-11-22 23:19:36 [INFO]: ✅ Embedding generated {
  "textLength": 5004,
  "vectorLength": 1536,
  "nonZeroValues": 834
}
2025-11-22 23:19:36 [INFO]: 🔍 Vector store attempting to store {
  "id": "1e5070d1-cf83-481e-965a-0eb75e7e9dab:ExplainerAgent-1763833776519",
  "vectorType": "object",
  "isArray": true,
  "vectorLength": 1536,
  "expectedDimension": 1536,
  "firstFewValues": [
    0.00516625144589273,
    0.00516625144589273,
    0.02066500578357092,
    0,
    0
  ]
}
2025-11-22 23:19:36 [INFO]: 📦 Vector stored {
  "id": "1e5070d1-cf83-481e-965a-0eb75e7e9dab:ExplainerAgent-1763833776519",
  "dimension": 1536,
  "metadata": [
    "conversationId",
    "messageId",
    "content",
    "role",
    "type"
  ]
}
2025-11-22 23:19:36 [INFO]: 💬 Conversation context stored {
  "conversationId": "1e5070d1-cf83-481e-965a-0eb75e7e9dab",
  "messageId": "ExplainerAgent-1763833776519",
  "role": "assistant",
  "contentLength": 5004
}
2025-11-22 23:19:36 [INFO]: ✅ ExplainerAgent completed successfully {
  "agent": "ExplainerAgent",
  "confidence": 0.8999999999999999,
  "outputSize": 5004
}
2025-11-22 23:19:36 [INFO]: 🔧 Workflow step: workflow_completed {
  "workflowId": "workflow_1763833771628_beyr2ntnw",
  "workflowType": "full_modernization",
  "duration": 4897,
  "success": true
}
2025-11-22 23:19:36 [INFO]: Job 1e5070d1-cf83-481e-965a-0eb75e7e9dab: Pipeline completed 
2025-11-22 23:19:36 [INFO]: Job 1e5070d1-cf83-481e-965a-0eb75e7e9dab: Processing completed successfully 
2025-11-22 23:19:36 [INFO]: ✅ Job 1e5070d1-cf83-481e-965a-0eb75e7e9dab completed successfully - processed 2 files 
2025-11-22 23:36:23 [INFO]: 🔄 Received SIGINT, shutting down gracefully... 
2025-11-22 23:39:14 [INFO]: 🚀 Initializing AI Modernization Assistant... 
2025-11-22 23:39:14 [INFO]: 🤖 AI Client initialized {
  "provider": "gemini",
  "mockMode": false,
  "hasApiKey": true
}
2025-11-22 23:39:14 [INFO]: ✅ AI system initialized successfully 
2025-11-22 23:39:14 [INFO]: 🌟 AI Modernization Assistant server running on port 3001 
2025-11-22 23:39:14 [INFO]: 📁 Upload directory: D:\mumbaiHack\404-KILLERS\engine\uploads 
2025-11-22 23:39:14 [INFO]: 🔧 Environment: development 
2025-11-22 23:39:14 [INFO]: 🤖 AI Provider: gemini 
2025-11-22 23:39:14 [INFO]: 🔑 API Key configured: true 
2025-11-22 23:40:28 [INFO]: 🚀 Initializing AI Modernization Assistant... 
2025-11-22 23:40:28 [INFO]: 🤖 AI Client initialized {
  "provider": "gemini",
  "mockMode": false,
  "hasApiKey": true
}
2025-11-22 23:40:28 [INFO]: ✅ AI system initialized successfully 
2025-11-22 23:40:28 [INFO]: 🌟 AI Modernization Assistant server running on port 3001 
2025-11-22 23:40:28 [INFO]: 📁 Upload directory: D:\mumbaiHack\404-KILLERS\engine\uploads 
2025-11-22 23:40:28 [INFO]: 🔧 Environment: development 
2025-11-22 23:40:28 [INFO]: 🤖 AI Provider: gemini 
2025-11-22 23:40:28 [INFO]: 🔑 API Key configured: true 
2025-11-22 23:41:33 [INFO]: 📁 File upload received: 2 file(s) 
2025-11-22 23:41:33 [INFO]:   - sample.dat (741 bytes) 
2025-11-22 23:41:33 [INFO]:   - sample.cpy (524 bytes) 
2025-11-22 23:41:33 [INFO]: Job 63bdd84c-910b-4467-ae2a-5a106513113b: Starting analysis of 2 files... 
2025-11-22 23:41:33 [INFO]: 📊 File breakdown: 1 .cpy, 1 .dat, 0 other 
2025-11-22 23:41:33 [INFO]: Job 63bdd84c-910b-4467-ae2a-5a106513113b: Processing sample.dat... 
2025-11-22 23:41:33 [INFO]: 📄 Starting file chunking {
  "filePath": "files-1763835093693-126970116.dat",
  "maxChunkSize": 4000,
  "overlap": 200,
  "strategy": "auto"
}
2025-11-22 23:41:33 [INFO]: Job 63bdd84c-910b-4467-ae2a-5a106513113b: Processing sample.cpy... 
2025-11-22 23:41:33 [INFO]: 📄 Starting file chunking {
  "filePath": "files-1763835093698-736820364.cpy",
  "maxChunkSize": 4000,
  "overlap": 200,
  "strategy": "auto"
}
2025-11-22 23:41:33 [INFO]: Job 63bdd84c-910b-4467-ae2a-5a106513113b: Combined 2 chunks from 2 files 
2025-11-22 23:41:33 [INFO]: Job 63bdd84c-910b-4467-ae2a-5a106513113b: Starting modernization pipeline... 
2025-11-22 23:41:33 [INFO]: 🔧 Workflow step: workflow_started {
  "workflowId": "workflow_1763835093916_ostdhlzwt",
  "workflowType": "full_modernization",
  "input": "object"
}
2025-11-22 23:41:33 [INFO]: 🔧 Workflow step: parse_step {
  "workflowId": "workflow_1763835093916_ostdhlzwt"
}
2025-11-22 23:41:34 [INFO]: 🚀 Starting ParserAgent {
  "agent": "ParserAgent",
  "inputSize": 3245
}
2025-11-22 23:41:35 [INFO]: 🤖 Generating AI content {
  "provider": "gemini",
  "mockMode": false,
  "promptLength": 1551,
  "temperature": 0.3,
  "maxTokens": 4000
}
2025-11-22 23:41:38 [ERROR]: ❌ AI generation failed {
  "error": "Not Found (404): Incorrect API endpoint URL - Not Found"
}
2025-11-22 23:41:38 [WARN]: 🔄 Falling back to mock response due to API failure 
2025-11-22 23:41:39 [INFO]: 🎭 Generating mock response {
  "promptType": "parser",
  "promptLength": 1551
}
2025-11-22 23:41:39 [INFO]: ✅ Embedding generated {
  "textLength": 1211,
  "vectorLength": 1536,
  "nonZeroValues": 495
}
2025-11-22 23:41:39 [INFO]: 🔍 Vector store attempting to store {
  "id": "SAMPLE_PROGRAM",
  "vectorType": "object",
  "isArray": true,
  "vectorLength": 1536,
  "expectedDimension": 1536,
  "firstFewValues": [
    0.020084532931834747,
    0,
    0,
    0,
    0
  ]
}
2025-11-22 23:41:39 [INFO]: 📦 Vector stored {
  "id": "SAMPLE_PROGRAM",
  "dimension": 1536,
  "metadata": [
    "entityType",
    "code",
    "language",
    "analysisResult",
    "qualityMetrics",
    "lastAnalyzed"
  ]
}
2025-11-22 23:41:39 [INFO]: 🔗 Node added to graph {
  "id": "SAMPLE_PROGRAM",
  "type": "cobol_program",
  "propertiesCount": 5
}
2025-11-22 23:41:39 [INFO]: 💾 COBOL entity stored {
  "entityId": "SAMPLE_PROGRAM",
  "entityType": "program",
  "codeLength": 1331
}
2025-11-22 23:41:39 [ERROR]: ❌ Failed to add edge {
  "fromId": "SAMPLE_PROGRAM",
  "toId": "COPYLIB1",
  "relationType": "copy",
  "error": "Source or target node not found: SAMPLE_PROGRAM -> COPYLIB1"
}
2025-11-22 23:41:39 [ERROR]: ❌ Failed to store relationship {
  "fromEntity": "SAMPLE_PROGRAM",
  "toEntity": "COPYLIB1",
  "relationType": "copy",
  "error": "Source or target node not found: SAMPLE_PROGRAM -> COPYLIB1"
}
2025-11-22 23:41:39 [INFO]: ✅ Embedding generated {
  "textLength": 1211,
  "vectorLength": 1536,
  "nonZeroValues": 495
}
2025-11-22 23:41:40 [INFO]: 🔍 Vector store attempting to store {
  "id": "63bdd84c-910b-4467-ae2a-5a106513113b:ParserAgent-1763835100087",
  "vectorType": "object",
  "isArray": true,
  "vectorLength": 1536,
  "expectedDimension": 1536,
  "firstFewValues": [
    0.020084532931834747,
    0,
    0,
    0,
    0
  ]
}
2025-11-22 23:41:40 [INFO]: 📦 Vector stored {
  "id": "63bdd84c-910b-4467-ae2a-5a106513113b:ParserAgent-1763835100087",
  "dimension": 1536,
  "metadata": [
    "conversationId",
    "messageId",
    "content",
    "role",
    "type"
  ]
}
2025-11-22 23:41:40 [INFO]: 💬 Conversation context stored {
  "conversationId": "63bdd84c-910b-4467-ae2a-5a106513113b",
  "messageId": "ParserAgent-1763835100087",
  "role": "assistant",
  "contentLength": 1211
}
2025-11-22 23:41:40 [INFO]: ✅ ParserAgent completed successfully {
  "agent": "ParserAgent",
  "confidence": 0.95,
  "outputSize": 1211
}
2025-11-22 23:41:40 [INFO]: 🔧 Workflow step: modernize_step {
  "workflowId": "workflow_1763835093916_ostdhlzwt"
}
2025-11-22 23:41:41 [INFO]: 🚀 Starting ModernizerAgent {
  "agent": "ModernizerAgent",
  "inputSize": 2702
}
2025-11-22 23:41:41 [INFO]: ✅ Embedding generated {
  "textLength": 1211,
  "vectorLength": 1536,
  "nonZeroValues": 495
}
2025-11-22 23:41:41 [INFO]: 🔍 Vector store search query {
  "vectorType": "object",
  "isArray": true,
  "vectorLength": 1536,
  "expectedDimension": 1536,
  "firstFewValues": [
    0.020084532931834747,
    0,
    0,
    0,
    0
  ]
}
2025-11-22 23:41:41 [INFO]: 🔍 Vector search completed {
  "queryDimension": 1536,
  "totalVectors": 2,
  "resultsFound": 1,
  "threshold": 0.7
}
2025-11-22 23:41:41 [INFO]: 🔍 Vector store search query {
  "vectorType": "object",
  "isArray": true,
  "vectorLength": 1536,
  "expectedDimension": 1536,
  "firstFewValues": [
    0.020084532931834747,
    0,
    0,
    0,
    0
  ]
}
2025-11-22 23:41:41 [INFO]: 🔍 Vector search completed {
  "queryDimension": 1536,
  "totalVectors": 2,
  "resultsFound": 0,
  "threshold": 0.7
}
2025-11-22 23:41:42 [INFO]: 🔍 Vector store search query {
  "vectorType": "object",
  "isArray": true,
  "vectorLength": 1536,
  "expectedDimension": 1536,
  "firstFewValues": [
    0.020084532931834747,
    0,
    0,
    0,
    0
  ]
}
2025-11-22 23:41:42 [INFO]: 🔍 Vector search completed {
  "queryDimension": 1536,
  "totalVectors": 2,
  "resultsFound": 1,
  "threshold": 0.7
}
2025-11-22 23:41:42 [INFO]: 🎯 Retrieved relevant context {
  "conversationId": "63bdd84c-910b-4467-ae2a-5a106513113b",
  "conversationItems": 1,
  "codePatterns": 0,
  "entities": 1
}
2025-11-22 23:41:42 [INFO]: 🤖 Generating AI content {
  "provider": "gemini",
  "mockMode": false,
  "promptLength": 3807,
  "temperature": 0.4,
  "maxTokens": 6000
}
2025-11-22 23:41:43 [ERROR]: ❌ AI generation failed {
  "error": "Not Found (404): Incorrect API endpoint URL - Not Found"
}
2025-11-22 23:41:43 [WARN]: 🔄 Falling back to mock response due to API failure 
2025-11-22 23:41:44 [INFO]: 🎭 Generating mock response {
  "promptType": "parser",
  "promptLength": 3807
}
2025-11-22 23:41:44 [INFO]: ✅ Embedding generated {
  "textLength": 2634,
  "vectorLength": 1536,
  "nonZeroValues": 735
}
2025-11-22 23:41:44 [INFO]: 🔍 Vector store attempting to store {
  "id": "SAMPLE_PROGRAM_modern_Java",
  "vectorType": "object",
  "isArray": true,
  "vectorLength": 1536,
  "expectedDimension": 1536,
  "firstFewValues": [
    0,
    0,
    0.01022860686553701,
    0,
    0.01022860686553701
  ]
}
2025-11-22 23:41:44 [INFO]: 📦 Vector stored {
  "id": "SAMPLE_PROGRAM_modern_Java",
  "dimension": 1536,
  "metadata": [
    "entityType",
    "code",
    "language",
    "originalProgram",
    "targetLanguage",
    "targetFramework",
    "modernizationMetrics",
    "migrationPlan",
    "lastModernized"
  ]
}
2025-11-22 23:41:44 [INFO]: 🔗 Node added to graph {
  "id": "SAMPLE_PROGRAM_modern_Java",
  "type": "modernized_program",
  "propertiesCount": 7
}
2025-11-22 23:41:44 [INFO]: 💾 COBOL entity stored {
  "entityId": "SAMPLE_PROGRAM_modern_Java",
  "entityType": "modernized_program",
  "codeLength": 117
}
2025-11-22 23:41:44 [INFO]: ➡️ Edge added to graph {
  "from": "SAMPLE_PROGRAM",
  "to": "SAMPLE_PROGRAM_modern_Java",
  "type": "modernized_to"
}
2025-11-22 23:41:44 [INFO]: 🔗 Relationship stored {
  "from": "SAMPLE_PROGRAM",
  "to": "SAMPLE_PROGRAM_modern_Java",
  "type": "modernized_to"
}
2025-11-22 23:41:44 [INFO]: ✅ Embedding generated {
  "textLength": 2634,
  "vectorLength": 1536,
  "nonZeroValues": 735
}
2025-11-22 23:41:44 [INFO]: 🔍 Vector store attempting to store {
  "id": "63bdd84c-910b-4467-ae2a-5a106513113b:ModernizerAgent-1763835104629",
  "vectorType": "object",
  "isArray": true,
  "vectorLength": 1536,
  "expectedDimension": 1536,
  "firstFewValues": [
    0,
    0,
    0.01022860686553701,
    0,
    0.01022860686553701
  ]
}
2025-11-22 23:41:44 [INFO]: 📦 Vector stored {
  "id": "63bdd84c-910b-4467-ae2a-5a106513113b:ModernizerAgent-1763835104629",
  "dimension": 1536,
  "metadata": [
    "conversationId",
    "messageId",
    "content",
    "role",
    "type"
  ]
}
2025-11-22 23:41:44 [INFO]: 💬 Conversation context stored {
  "conversationId": "63bdd84c-910b-4467-ae2a-5a106513113b",
  "messageId": "ModernizerAgent-1763835104629",
  "role": "assistant",
  "contentLength": 2634
}
2025-11-22 23:41:44 [INFO]: ✅ ModernizerAgent completed successfully {
  "agent": "ModernizerAgent",
  "confidence": 0.7,
  "outputSize": 2634
}
2025-11-22 23:41:45 [INFO]: 🔧 Workflow step: validate_step {
  "workflowId": "workflow_1763835093916_ostdhlzwt"
}
2025-11-22 23:41:45 [INFO]: 🚀 Starting ValidatorAgent {
  "agent": "ValidatorAgent",
  "inputSize": 3935
}
2025-11-22 23:41:45 [INFO]: ✅ Embedding generated {
  "textLength": 2634,
  "vectorLength": 1536,
  "nonZeroValues": 735
}
2025-11-22 23:41:45 [INFO]: 🔍 Vector store search query {
  "vectorType": "object",
  "isArray": true,
  "vectorLength": 1536,
  "expectedDimension": 1536,
  "firstFewValues": [
    0,
    0,
    0.01022860686553701,
    0,
    0.01022860686553701
  ]
}
2025-11-22 23:41:45 [INFO]: 🔍 Vector search completed {
  "queryDimension": 1536,
  "totalVectors": 4,
  "resultsFound": 1,
  "threshold": 0.7
}
2025-11-22 23:41:45 [INFO]: 🔍 Vector store search query {
  "vectorType": "object",
  "isArray": true,
  "vectorLength": 1536,
  "expectedDimension": 1536,
  "firstFewValues": [
    0,
    0,
    0.01022860686553701,
    0,
    0.01022860686553701
  ]
}
2025-11-22 23:41:45 [INFO]: 🔍 Vector search completed {
  "queryDimension": 1536,
  "totalVectors": 4,
  "resultsFound": 0,
  "threshold": 0.7
}
2025-11-22 23:41:46 [INFO]: 🔍 Vector store search query {
  "vectorType": "object",
  "isArray": true,
  "vectorLength": 1536,
  "expectedDimension": 1536,
  "firstFewValues": [
    0,
    0,
    0.01022860686553701,
    0,
    0.01022860686553701
  ]
}
2025-11-22 23:41:46 [INFO]: 🔍 Vector search completed {
  "queryDimension": 1536,
  "totalVectors": 4,
  "resultsFound": 1,
  "threshold": 0.7
}
2025-11-22 23:41:46 [INFO]: 🎯 Retrieved relevant context {
  "conversationId": "63bdd84c-910b-4467-ae2a-5a106513113b",
  "conversationItems": 1,
  "codePatterns": 0,
  "entities": 1
}
2025-11-22 23:41:46 [INFO]: 🤖 Generating AI content {
  "provider": "gemini",
  "mockMode": false,
  "promptLength": 5759,
  "temperature": 0.2,
  "maxTokens": 5000
}
2025-11-22 23:41:48 [ERROR]: ❌ AI generation failed {
  "error": "Not Found (404): Incorrect API endpoint URL - Not Found"
}
2025-11-22 23:41:48 [WARN]: 🔄 Falling back to mock response due to API failure 
2025-11-22 23:41:49 [INFO]: 🎭 Generating mock response {
  "promptType": "parser",
  "promptLength": 5759
}
2025-11-22 23:41:49 [INFO]: ✅ Embedding generated {
  "textLength": 3157,
  "vectorLength": 1536,
  "nonZeroValues": 848
}
2025-11-22 23:41:49 [INFO]: 🔍 Vector store attempting to store {
  "id": "SAMPLE_PROGRAM_validation_1763835109640",
  "vectorType": "object",
  "isArray": true,
  "vectorLength": 1536,
  "expectedDimension": 1536,
  "firstFewValues": [
    0,
    0,
    0.00923592967693855,
    0.00923592967693855,
    0
  ]
}
2025-11-22 23:41:49 [INFO]: 📦 Vector stored {
  "id": "SAMPLE_PROGRAM_validation_1763835109640",
  "dimension": 1536,
  "metadata": [
    "entityType",
    "code",
    "language",
    "originalProgram",
    "overallScore",
    "status",
    "issueCount",
    "validatedAt"
  ]
}
2025-11-22 23:41:49 [INFO]: 🔗 Node added to graph {
  "id": "SAMPLE_PROGRAM_validation_1763835109640",
  "type": "validation_result",
  "propertiesCount": 6
}
2025-11-22 23:41:49 [INFO]: 💾 COBOL entity stored {
  "entityId": "SAMPLE_PROGRAM_validation_1763835109640",
  "entityType": "validation_result",
  "codeLength": 3157
}
2025-11-22 23:41:49 [INFO]: ➡️ Edge added to graph {
  "from": "SAMPLE_PROGRAM_modern_Java",
  "to": "SAMPLE_PROGRAM_validation_1763835109640",
  "type": "validated_by"
}
2025-11-22 23:41:49 [INFO]: 🔗 Relationship stored {
  "from": "SAMPLE_PROGRAM_modern_Java",
  "to": "SAMPLE_PROGRAM_validation_1763835109640",
  "type": "validated_by"
}
2025-11-22 23:41:49 [INFO]: ✅ Embedding generated {
  "textLength": 3157,
  "vectorLength": 1536,
  "nonZeroValues": 848
}
2025-11-22 23:41:49 [INFO]: 🔍 Vector store attempting to store {
  "id": "63bdd84c-910b-4467-ae2a-5a106513113b:ValidatorAgent-1763835109694",
  "vectorType": "object",
  "isArray": true,
  "vectorLength": 1536,
  "expectedDimension": 1536,
  "firstFewValues": [
    0,
    0,
    0.00923592967693855,
    0.00923592967693855,
    0
  ]
}
2025-11-22 23:41:49 [INFO]: 📦 Vector stored {
  "id": "63bdd84c-910b-4467-ae2a-5a106513113b:ValidatorAgent-1763835109694",
  "dimension": 1536,
  "metadata": [
    "conversationId",
    "messageId",
    "content",
    "role",
    "type"
  ]
}
2025-11-22 23:41:49 [INFO]: 💬 Conversation context stored {
  "conversationId": "63bdd84c-910b-4467-ae2a-5a106513113b",
  "messageId": "ValidatorAgent-1763835109694",
  "role": "assistant",
  "contentLength": 3157
}
2025-11-22 23:41:49 [INFO]: ✅ ValidatorAgent completed successfully {
  "agent": "ValidatorAgent",
  "confidence": 0.7999999999999998,
  "outputSize": 3157
}
2025-11-22 23:41:49 [INFO]: 🔧 Workflow step: validation_concerns {
  "workflowId": "workflow_1763835093916_ostdhlzwt",
  "score": 60
}
2025-11-22 23:41:49 [INFO]: 🔧 Workflow step: explain_step {
  "workflowId": "workflow_1763835093916_ostdhlzwt"
}
2025-11-22 23:41:49 [INFO]: 🚀 Starting ExplainerAgent {
  "agent": "ExplainerAgent",
  "inputSize": 7155
}
2025-11-22 23:41:49 [INFO]: ✅ Embedding generated {
  "textLength": 7045,
  "vectorLength": 1536,
  "nonZeroValues": 1006
}
2025-11-22 23:41:49 [INFO]: 🔍 Vector store search query {
  "vectorType": "object",
  "isArray": true,
  "vectorLength": 1536,
  "expectedDimension": 1536,
  "firstFewValues": [
    0.0041617563787777895,
    0,
    0.016647025515111158,
    0.016647025515111158,
    0
  ]
}
2025-11-22 23:41:49 [INFO]: 🔍 Vector search completed {
  "queryDimension": 1536,
  "totalVectors": 6,
  "resultsFound": 0,
  "threshold": 0.7
}
2025-11-22 23:41:49 [INFO]: 🔍 Vector store search query {
  "vectorType": "object",
  "isArray": true,
  "vectorLength": 1536,
  "expectedDimension": 1536,
  "firstFewValues": [
    0.0041617563787777895,
    0,
    0.016647025515111158,
    0.016647025515111158,
    0
  ]
}
2025-11-22 23:41:49 [INFO]: 🔍 Vector search completed {
  "queryDimension": 1536,
  "totalVectors": 6,
  "resultsFound": 0,
  "threshold": 0.7
}
2025-11-22 23:41:49 [INFO]: 🔍 Vector store search query {
  "vectorType": "object",
  "isArray": true,
  "vectorLength": 1536,
  "expectedDimension": 1536,
  "firstFewValues": [
    0.0041617563787777895,
    0,
    0.016647025515111158,
    0.016647025515111158,
    0
  ]
}
2025-11-22 23:41:49 [INFO]: 🔍 Vector search completed {
  "queryDimension": 1536,
  "totalVectors": 6,
  "resultsFound": 0,
  "threshold": 0.7
}
2025-11-22 23:41:49 [INFO]: 🎯 Retrieved relevant context {
  "conversationId": "63bdd84c-910b-4467-ae2a-5a106513113b",
  "conversationItems": 0,
  "codePatterns": 0,
  "entities": 0
}
2025-11-22 23:41:49 [INFO]: 🤖 Generating AI content {
  "provider": "gemini",
  "mockMode": false,
  "promptLength": 9209,
  "temperature": 0.5,
  "maxTokens": 6000
}
2025-11-22 23:41:50 [ERROR]: ❌ AI generation failed {
  "error": "Not Found (404): Incorrect API endpoint URL - Not Found"
}
2025-11-22 23:41:50 [WARN]: 🔄 Falling back to mock response due to API failure 
2025-11-22 23:41:51 [INFO]: 🎭 Generating mock response {
  "promptType": "parser",
  "promptLength": 9209
}
2025-11-22 23:41:51 [INFO]: ✅ Embedding generated {
  "textLength": 5004,
  "vectorLength": 1536,
  "nonZeroValues": 836
}
2025-11-22 23:41:51 [INFO]: 🔍 Vector store attempting to store {
  "id": "explanation_1763835111185",
  "vectorType": "object",
  "isArray": true,
  "vectorLength": 1536,
  "expectedDimension": 1536,
  "firstFewValues": [
    0.01550454888364595,
    0,
    0.010336365922430632,
    0.020672731844861264,
    0
  ]
}
2025-11-22 23:41:51 [INFO]: 📦 Vector stored {
  "id": "explanation_1763835111185",
  "dimension": 1536,
  "metadata": [
    "entityType",
    "code",
    "language",
    "explanationType",
    "targetAudience",
    "sectionCount",
    "insightCount",
    "createdAt"
  ]
}
2025-11-22 23:41:51 [INFO]: 🔗 Node added to graph {
  "id": "explanation_1763835111185",
  "type": "explanation",
  "propertiesCount": 6
}
2025-11-22 23:41:51 [INFO]: 💾 COBOL entity stored {
  "entityId": "explanation_1763835111185",
  "entityType": "explanation",
  "codeLength": 5004
}
2025-11-22 23:41:51 [INFO]: ✅ Embedding generated {
  "textLength": 5004,
  "vectorLength": 1536,
  "nonZeroValues": 836
}
2025-11-22 23:41:51 [INFO]: 🔍 Vector store attempting to store {
  "id": "63bdd84c-910b-4467-ae2a-5a106513113b:ExplainerAgent-1763835111195",
  "vectorType": "object",
  "isArray": true,
  "vectorLength": 1536,
  "expectedDimension": 1536,
  "firstFewValues": [
    0.01550454888364595,
    0,
    0.010336365922430632,
    0.020672731844861264,
    0
  ]
}
2025-11-22 23:41:51 [INFO]: 📦 Vector stored {
  "id": "63bdd84c-910b-4467-ae2a-5a106513113b:ExplainerAgent-1763835111195",
  "dimension": 1536,
  "metadata": [
    "conversationId",
    "messageId",
    "content",
    "role",
    "type"
  ]
}
2025-11-22 23:41:51 [INFO]: 💬 Conversation context stored {
  "conversationId": "63bdd84c-910b-4467-ae2a-5a106513113b",
  "messageId": "ExplainerAgent-1763835111195",
  "role": "assistant",
  "contentLength": 5004
}
2025-11-22 23:41:51 [INFO]: ✅ ExplainerAgent completed successfully {
  "agent": "ExplainerAgent",
  "confidence": 0.8999999999999999,
  "outputSize": 5004
}
2025-11-22 23:41:51 [INFO]: 🔧 Workflow step: workflow_completed {
  "workflowId": "workflow_1763835093916_ostdhlzwt",
  "workflowType": "full_modernization",
  "duration": 17295,
  "success": true
}
2025-11-22 23:41:51 [INFO]: Job 63bdd84c-910b-4467-ae2a-5a106513113b: Pipeline completed 
2025-11-22 23:41:51 [INFO]: Job 63bdd84c-910b-4467-ae2a-5a106513113b: Processing completed successfully 
2025-11-22 23:41:51 [INFO]: ✅ Job 63bdd84c-910b-4467-ae2a-5a106513113b completed successfully - processed 2 files 
2025-11-22 23:46:53 [INFO]: 🔄 Received SIGINT, shutting down gracefully... 
2025-11-22 23:47:16 [INFO]: 🚀 Initializing AI Modernization Assistant... 
2025-11-22 23:47:16 [INFO]: 🤖 AI Client initialized {
  "provider": "gemini",
  "mockMode": false,
  "hasApiKey": true
}
2025-11-22 23:47:16 [INFO]: ✅ AI system initialized successfully 
2025-11-22 23:47:16 [INFO]: 🌟 AI Modernization Assistant server running on port 3001 
2025-11-22 23:47:16 [INFO]: 📁 Upload directory: D:\mumbaiHack\404-KILLERS\engine\uploads 
2025-11-22 23:47:16 [INFO]: 🔧 Environment: development 
2025-11-22 23:47:16 [INFO]: 🤖 AI Provider: gemini 
2025-11-22 23:47:16 [INFO]: 🔑 API Key configured: true 
2025-11-22 23:48:01 [INFO]: 📁 File upload received: 2 file(s) 
2025-11-22 23:48:01 [INFO]:   - sample.dat (741 bytes) 
2025-11-22 23:48:01 [INFO]:   - sample.cpy (524 bytes) 
2025-11-22 23:48:01 [INFO]: Job cf040ad0-2388-4164-86d5-37218d3fbe21: Starting analysis of 2 files... 
2025-11-22 23:48:01 [INFO]: 📊 File breakdown: 1 .cpy, 1 .dat, 0 other 
2025-11-22 23:48:01 [INFO]: Job cf040ad0-2388-4164-86d5-37218d3fbe21: Processing sample.dat... 
2025-11-22 23:48:01 [INFO]: 📄 Starting file chunking {
  "filePath": "files-1763835481141-828468040.dat",
  "maxChunkSize": 4000,
  "overlap": 200,
  "strategy": "auto"
}
2025-11-22 23:48:01 [INFO]: Job cf040ad0-2388-4164-86d5-37218d3fbe21: Processing sample.cpy... 
2025-11-22 23:48:01 [INFO]: 📄 Starting file chunking {
  "filePath": "files-1763835481147-738106410.cpy",
  "maxChunkSize": 4000,
  "overlap": 200,
  "strategy": "auto"
}
2025-11-22 23:48:01 [INFO]: Job cf040ad0-2388-4164-86d5-37218d3fbe21: Combined 2 chunks from 2 files 
2025-11-22 23:48:01 [INFO]: Job cf040ad0-2388-4164-86d5-37218d3fbe21: Starting modernization pipeline... 
2025-11-22 23:48:01 [INFO]: 🔧 Workflow step: workflow_started {
  "workflowId": "workflow_1763835481837_xwxmslkzn",
  "workflowType": "full_modernization",
  "input": "object"
}
2025-11-22 23:48:01 [INFO]: 🔧 Workflow step: parse_step {
  "workflowId": "workflow_1763835481837_xwxmslkzn"
}
2025-11-22 23:48:02 [INFO]: 🚀 Starting ParserAgent {
  "agent": "ParserAgent",
  "inputSize": 3245
}
2025-11-22 23:48:02 [INFO]: 🤖 Generating AI content {
  "provider": "gemini",
  "mockMode": false,
  "promptLength": 1551,
  "temperature": 0.3,
  "maxTokens": 4000
}
2025-11-22 23:48:05 [ERROR]: ❌ AI generation failed {
  "error": "Not Found (404): Incorrect API endpoint URL - Not Found"
}
2025-11-22 23:48:05 [WARN]: 🔄 Falling back to mock response due to API failure 
2025-11-22 23:48:06 [INFO]: 🎭 Generating mock response {
  "promptType": "parser",
  "promptLength": 1551
}
2025-11-22 23:48:06 [INFO]: ✅ Embedding generated {
  "textLength": 1211,
  "vectorLength": 1536,
  "nonZeroValues": 494
}
2025-11-22 23:48:06 [INFO]: 🔍 Vector store attempting to store {
  "id": "SAMPLE_PROGRAM",
  "vectorType": "object",
  "isArray": true,
  "vectorLength": 1536,
  "expectedDimension": 1536,
  "firstFewValues": [
    0.020084532931834747,
    0,
    0,
    0,
    0
  ]
}
2025-11-22 23:48:06 [INFO]: 📦 Vector stored {
  "id": "SAMPLE_PROGRAM",
  "dimension": 1536,
  "metadata": [
    "entityType",
    "code",
    "language",
    "analysisResult",
    "qualityMetrics",
    "lastAnalyzed"
  ]
}
2025-11-22 23:48:06 [INFO]: 🔗 Node added to graph {
  "id": "SAMPLE_PROGRAM",
  "type": "cobol_program",
  "propertiesCount": 5
}
2025-11-22 23:48:06 [INFO]: 💾 COBOL entity stored {
  "entityId": "SAMPLE_PROGRAM",
  "entityType": "program",
  "codeLength": 1331
}
2025-11-22 23:48:06 [ERROR]: ❌ Failed to add edge {
  "fromId": "SAMPLE_PROGRAM",
  "toId": "COPYLIB1",
  "relationType": "copy",
  "error": "Source or target node not found: SAMPLE_PROGRAM -> COPYLIB1"
}
2025-11-22 23:48:06 [ERROR]: ❌ Failed to store relationship {
  "fromEntity": "SAMPLE_PROGRAM",
  "toEntity": "COPYLIB1",
  "relationType": "copy",
  "error": "Source or target node not found: SAMPLE_PROGRAM -> COPYLIB1"
}
2025-11-22 23:48:06 [INFO]: ✅ Embedding generated {
  "textLength": 1211,
  "vectorLength": 1536,
  "nonZeroValues": 494
}
2025-11-22 23:48:06 [INFO]: 🔍 Vector store attempting to store {
  "id": "cf040ad0-2388-4164-86d5-37218d3fbe21:ParserAgent-1763835486363",
  "vectorType": "object",
  "isArray": true,
  "vectorLength": 1536,
  "expectedDimension": 1536,
  "firstFewValues": [
    0.020084532931834747,
    0,
    0,
    0,
    0
  ]
}
2025-11-22 23:48:06 [INFO]: 📦 Vector stored {
  "id": "cf040ad0-2388-4164-86d5-37218d3fbe21:ParserAgent-1763835486363",
  "dimension": 1536,
  "metadata": [
    "conversationId",
    "messageId",
    "content",
    "role",
    "type"
  ]
}
2025-11-22 23:48:06 [INFO]: 💬 Conversation context stored {
  "conversationId": "cf040ad0-2388-4164-86d5-37218d3fbe21",
  "messageId": "ParserAgent-1763835486363",
  "role": "assistant",
  "contentLength": 1211
}
2025-11-22 23:48:06 [INFO]: ✅ ParserAgent completed successfully {
  "agent": "ParserAgent",
  "confidence": 0.95,
  "outputSize": 1211
}
2025-11-22 23:48:06 [INFO]: 🔧 Workflow step: modernize_step {
  "workflowId": "workflow_1763835481837_xwxmslkzn"
}
2025-11-22 23:48:06 [INFO]: 🚀 Starting ModernizerAgent {
  "agent": "ModernizerAgent",
  "inputSize": 2702
}
2025-11-22 23:48:06 [INFO]: ✅ Embedding generated {
  "textLength": 1211,
  "vectorLength": 1536,
  "nonZeroValues": 494
}
2025-11-22 23:48:06 [INFO]: 🔍 Vector store search query {
  "vectorType": "object",
  "isArray": true,
  "vectorLength": 1536,
  "expectedDimension": 1536,
  "firstFewValues": [
    0.020084532931834747,
    0,
    0,
    0,
    0
  ]
}
2025-11-22 23:48:06 [INFO]: 🔍 Vector search completed {
  "queryDimension": 1536,
  "totalVectors": 2,
  "resultsFound": 1,
  "threshold": 0.7
}
2025-11-22 23:48:06 [INFO]: 🔍 Vector store search query {
  "vectorType": "object",
  "isArray": true,
  "vectorLength": 1536,
  "expectedDimension": 1536,
  "firstFewValues": [
    0.020084532931834747,
    0,
    0,
    0,
    0
  ]
}
2025-11-22 23:48:06 [INFO]: 🔍 Vector search completed {
  "queryDimension": 1536,
  "totalVectors": 2,
  "resultsFound": 0,
  "threshold": 0.7
}
2025-11-22 23:48:07 [INFO]: 🔍 Vector store search query {
  "vectorType": "object",
  "isArray": true,
  "vectorLength": 1536,
  "expectedDimension": 1536,
  "firstFewValues": [
    0.020084532931834747,
    0,
    0,
    0,
    0
  ]
}
2025-11-22 23:48:07 [INFO]: 🔍 Vector search completed {
  "queryDimension": 1536,
  "totalVectors": 2,
  "resultsFound": 1,
  "threshold": 0.7
}
2025-11-22 23:48:07 [INFO]: 🎯 Retrieved relevant context {
  "conversationId": "cf040ad0-2388-4164-86d5-37218d3fbe21",
  "conversationItems": 1,
  "codePatterns": 0,
  "entities": 1
}
2025-11-22 23:48:07 [INFO]: 🤖 Generating AI content {
  "provider": "gemini",
  "mockMode": false,
  "promptLength": 3807,
  "temperature": 0.4,
  "maxTokens": 6000
}
2025-11-22 23:48:07 [ERROR]: ❌ AI generation failed {
  "error": "Not Found (404): Incorrect API endpoint URL - Not Found"
}
2025-11-22 23:48:07 [WARN]: 🔄 Falling back to mock response due to API failure 
2025-11-22 23:48:09 [INFO]: 🎭 Generating mock response {
  "promptType": "parser",
  "promptLength": 3807
}
2025-11-22 23:48:09 [INFO]: ✅ Embedding generated {
  "textLength": 2634,
  "vectorLength": 1536,
  "nonZeroValues": 738
}
2025-11-22 23:48:09 [INFO]: 🔍 Vector store attempting to store {
  "id": "SAMPLE_PROGRAM_modern_Java",
  "vectorType": "object",
  "isArray": true,
  "vectorLength": 1536,
  "expectedDimension": 1536,
  "firstFewValues": [
    0,
    0,
    0.010229677195353738,
    0,
    0.010229677195353738
  ]
}
2025-11-22 23:48:09 [INFO]: 📦 Vector stored {
  "id": "SAMPLE_PROGRAM_modern_Java",
  "dimension": 1536,
  "metadata": [
    "entityType",
    "code",
    "language",
    "originalProgram",
    "targetLanguage",
    "targetFramework",
    "modernizationMetrics",
    "migrationPlan",
    "lastModernized"
  ]
}
2025-11-22 23:48:09 [INFO]: 🔗 Node added to graph {
  "id": "SAMPLE_PROGRAM_modern_Java",
  "type": "modernized_program",
  "propertiesCount": 7
}
2025-11-22 23:48:09 [INFO]: 💾 COBOL entity stored {
  "entityId": "SAMPLE_PROGRAM_modern_Java",
  "entityType": "modernized_program",
  "codeLength": 117
}
2025-11-22 23:48:09 [INFO]: ➡️ Edge added to graph {
  "from": "SAMPLE_PROGRAM",
  "to": "SAMPLE_PROGRAM_modern_Java",
  "type": "modernized_to"
}
2025-11-22 23:48:09 [INFO]: 🔗 Relationship stored {
  "from": "SAMPLE_PROGRAM",
  "to": "SAMPLE_PROGRAM_modern_Java",
  "type": "modernized_to"
}
2025-11-22 23:48:09 [INFO]: ✅ Embedding generated {
  "textLength": 2634,
  "vectorLength": 1536,
  "nonZeroValues": 738
}
2025-11-22 23:48:09 [INFO]: 🔍 Vector store attempting to store {
  "id": "cf040ad0-2388-4164-86d5-37218d3fbe21:ModernizerAgent-1763835489683",
  "vectorType": "object",
  "isArray": true,
  "vectorLength": 1536,
  "expectedDimension": 1536,
  "firstFewValues": [
    0,
    0,
    0.010229677195353738,
    0,
    0.010229677195353738
  ]
}
2025-11-22 23:48:09 [INFO]: 📦 Vector stored {
  "id": "cf040ad0-2388-4164-86d5-37218d3fbe21:ModernizerAgent-1763835489683",
  "dimension": 1536,
  "metadata": [
    "conversationId",
    "messageId",
    "content",
    "role",
    "type"
  ]
}
2025-11-22 23:48:09 [INFO]: 💬 Conversation context stored {
  "conversationId": "cf040ad0-2388-4164-86d5-37218d3fbe21",
  "messageId": "ModernizerAgent-1763835489683",
  "role": "assistant",
  "contentLength": 2634
}
2025-11-22 23:48:09 [INFO]: ✅ ModernizerAgent completed successfully {
  "agent": "ModernizerAgent",
  "confidence": 0.7,
  "outputSize": 2634
}
2025-11-22 23:48:09 [INFO]: 🔧 Workflow step: validate_step {
  "workflowId": "workflow_1763835481837_xwxmslkzn"
}
2025-11-22 23:48:09 [INFO]: 🚀 Starting ValidatorAgent {
  "agent": "ValidatorAgent",
  "inputSize": 3935
}
2025-11-22 23:48:09 [INFO]: ✅ Embedding generated {
  "textLength": 2634,
  "vectorLength": 1536,
  "nonZeroValues": 738
}
2025-11-22 23:48:09 [INFO]: 🔍 Vector store search query {
  "vectorType": "object",
  "isArray": true,
  "vectorLength": 1536,
  "expectedDimension": 1536,
  "firstFewValues": [
    0,
    0,
    0.010229677195353738,
    0,
    0.010229677195353738
  ]
}
2025-11-22 23:48:09 [INFO]: 🔍 Vector search completed {
  "queryDimension": 1536,
  "totalVectors": 4,
  "resultsFound": 1,
  "threshold": 0.7
}
2025-11-22 23:48:09 [INFO]: 🔍 Vector store search query {
  "vectorType": "object",
  "isArray": true,
  "vectorLength": 1536,
  "expectedDimension": 1536,
  "firstFewValues": [
    0,
    0,
    0.010229677195353738,
    0,
    0.010229677195353738
  ]
}
2025-11-22 23:48:09 [INFO]: 🔍 Vector search completed {
  "queryDimension": 1536,
  "totalVectors": 4,
  "resultsFound": 0,
  "threshold": 0.7
}
2025-11-22 23:48:09 [INFO]: 🔍 Vector store search query {
  "vectorType": "object",
  "isArray": true,
  "vectorLength": 1536,
  "expectedDimension": 1536,
  "firstFewValues": [
    0,
    0,
    0.010229677195353738,
    0,
    0.010229677195353738
  ]
}
2025-11-22 23:48:09 [INFO]: 🔍 Vector search completed {
  "queryDimension": 1536,
  "totalVectors": 4,
  "resultsFound": 1,
  "threshold": 0.7
}
2025-11-22 23:48:09 [INFO]: 🎯 Retrieved relevant context {
  "conversationId": "cf040ad0-2388-4164-86d5-37218d3fbe21",
  "conversationItems": 1,
  "codePatterns": 0,
  "entities": 1
}
2025-11-22 23:48:09 [INFO]: 🤖 Generating AI content {
  "provider": "gemini",
  "mockMode": false,
  "promptLength": 5759,
  "temperature": 0.2,
  "maxTokens": 5000
}
2025-11-22 23:48:09 [ERROR]: ❌ AI generation failed {
  "error": "Not Found (404): Incorrect API endpoint URL - Not Found"
}
2025-11-22 23:48:09 [WARN]: 🔄 Falling back to mock response due to API failure 
2025-11-22 23:48:10 [INFO]: 🎭 Generating mock response {
  "promptType": "parser",
  "promptLength": 5759
}
2025-11-22 23:48:10 [INFO]: ✅ Embedding generated {
  "textLength": 3157,
  "vectorLength": 1536,
  "nonZeroValues": 850
}
2025-11-22 23:48:10 [INFO]: 🔍 Vector store attempting to store {
  "id": "SAMPLE_PROGRAM_validation_1763835490551",
  "vectorType": "object",
  "isArray": true,
  "vectorLength": 1536,
  "expectedDimension": 1536,
  "firstFewValues": [
    0,
    0.009241449550023727,
    0.018482899100047454,
    0,
    0.03696579820009491
  ]
}
2025-11-22 23:48:10 [INFO]: 📦 Vector stored {
  "id": "SAMPLE_PROGRAM_validation_1763835490551",
  "dimension": 1536,
  "metadata": [
    "entityType",
    "code",
    "language",
    "originalProgram",
    "overallScore",
    "status",
    "issueCount",
    "validatedAt"
  ]
}
2025-11-22 23:48:10 [INFO]: 🔗 Node added to graph {
  "id": "SAMPLE_PROGRAM_validation_1763835490551",
  "type": "validation_result",
  "propertiesCount": 6
}
2025-11-22 23:48:10 [INFO]: 💾 COBOL entity stored {
  "entityId": "SAMPLE_PROGRAM_validation_1763835490551",
  "entityType": "validation_result",
  "codeLength": 3157
}
2025-11-22 23:48:10 [INFO]: ➡️ Edge added to graph {
  "from": "SAMPLE_PROGRAM_modern_Java",
  "to": "SAMPLE_PROGRAM_validation_1763835490551",
  "type": "validated_by"
}
2025-11-22 23:48:10 [INFO]: 🔗 Relationship stored {
  "from": "SAMPLE_PROGRAM_modern_Java",
  "to": "SAMPLE_PROGRAM_validation_1763835490551",
  "type": "validated_by"
}
2025-11-22 23:48:10 [INFO]: ✅ Embedding generated {
  "textLength": 3157,
  "vectorLength": 1536,
  "nonZeroValues": 850
}
2025-11-22 23:48:10 [INFO]: 🔍 Vector store attempting to store {
  "id": "cf040ad0-2388-4164-86d5-37218d3fbe21:ValidatorAgent-1763835490560",
  "vectorType": "object",
  "isArray": true,
  "vectorLength": 1536,
  "expectedDimension": 1536,
  "firstFewValues": [
    0,
    0.009241449550023727,
    0.018482899100047454,
    0,
    0.03696579820009491
  ]
}
2025-11-22 23:48:10 [INFO]: 📦 Vector stored {
  "id": "cf040ad0-2388-4164-86d5-37218d3fbe21:ValidatorAgent-1763835490560",
  "dimension": 1536,
  "metadata": [
    "conversationId",
    "messageId",
    "content",
    "role",
    "type"
  ]
}
2025-11-22 23:48:10 [INFO]: 💬 Conversation context stored {
  "conversationId": "cf040ad0-2388-4164-86d5-37218d3fbe21",
  "messageId": "ValidatorAgent-1763835490560",
  "role": "assistant",
  "contentLength": 3157
}
2025-11-22 23:48:10 [INFO]: ✅ ValidatorAgent completed successfully {
  "agent": "ValidatorAgent",
  "confidence": 0.7999999999999998,
  "outputSize": 3157
}
2025-11-22 23:48:10 [INFO]: 🔧 Workflow step: validation_concerns {
  "workflowId": "workflow_1763835481837_xwxmslkzn",
  "score": 60
}
2025-11-22 23:48:10 [INFO]: 🔧 Workflow step: explain_step {
  "workflowId": "workflow_1763835481837_xwxmslkzn"
}
2025-11-22 23:48:10 [INFO]: 🚀 Starting ExplainerAgent {
  "agent": "ExplainerAgent",
  "inputSize": 7155
}
2025-11-22 23:48:10 [INFO]: ✅ Embedding generated {
  "textLength": 7045,
  "vectorLength": 1536,
  "nonZeroValues": 1001
}
2025-11-22 23:48:10 [INFO]: 🔍 Vector store search query {
  "vectorType": "object",
  "isArray": true,
  "vectorLength": 1536,
  "expectedDimension": 1536,
  "firstFewValues": [
    0,
    0,
    0.04626915930313127,
    0.004206287209375569,
    0
  ]
}
2025-11-22 23:48:10 [INFO]: 🔍 Vector search completed {
  "queryDimension": 1536,
  "totalVectors": 6,
  "resultsFound": 0,
  "threshold": 0.7
}
2025-11-22 23:48:10 [INFO]: 🔍 Vector store search query {
  "vectorType": "object",
  "isArray": true,
  "vectorLength": 1536,
  "expectedDimension": 1536,
  "firstFewValues": [
    0,
    0,
    0.04626915930313127,
    0.004206287209375569,
    0
  ]
}
2025-11-22 23:48:10 [INFO]: 🔍 Vector search completed {
  "queryDimension": 1536,
  "totalVectors": 6,
  "resultsFound": 0,
  "threshold": 0.7
}
2025-11-22 23:48:10 [INFO]: 🔍 Vector store search query {
  "vectorType": "object",
  "isArray": true,
  "vectorLength": 1536,
  "expectedDimension": 1536,
  "firstFewValues": [
    0,
    0,
    0.04626915930313127,
    0.004206287209375569,
    0
  ]
}
2025-11-22 23:48:10 [INFO]: 🔍 Vector search completed {
  "queryDimension": 1536,
  "totalVectors": 6,
  "resultsFound": 0,
  "threshold": 0.7
}
2025-11-22 23:48:10 [INFO]: 🎯 Retrieved relevant context {
  "conversationId": "cf040ad0-2388-4164-86d5-37218d3fbe21",
  "conversationItems": 0,
  "codePatterns": 0,
  "entities": 0
}
2025-11-22 23:48:10 [INFO]: 🤖 Generating AI content {
  "provider": "gemini",
  "mockMode": false,
  "promptLength": 9209,
  "temperature": 0.5,
  "maxTokens": 6000
}
2025-11-22 23:48:10 [ERROR]: ❌ AI generation failed {
  "error": "Not Found (404): Incorrect API endpoint URL - Not Found"
}
2025-11-22 23:48:10 [WARN]: 🔄 Falling back to mock response due to API failure 
2025-11-22 23:48:11 [INFO]: 🎭 Generating mock response {
  "promptType": "parser",
  "promptLength": 9209
}
2025-11-22 23:48:11 [INFO]: ✅ Embedding generated {
  "textLength": 5004,
  "vectorLength": 1536,
  "nonZeroValues": 837
}
2025-11-22 23:48:12 [INFO]: 🔍 Vector store attempting to store {
  "id": "explanation_1763835491988",
  "vectorType": "object",
  "isArray": true,
  "vectorLength": 1536,
  "expectedDimension": 1536,
  "firstFewValues": [
    0.015507448594912349,
    0,
    0.0103382990632749,
    0.0206765981265498,
    0
  ]
}
2025-11-22 23:48:12 [INFO]: 📦 Vector stored {
  "id": "explanation_1763835491988",
  "dimension": 1536,
  "metadata": [
    "entityType",
    "code",
    "language",
    "explanationType",
    "targetAudience",
    "sectionCount",
    "insightCount",
    "createdAt"
  ]
}
2025-11-22 23:48:12 [INFO]: 🔗 Node added to graph {
  "id": "explanation_1763835491988",
  "type": "explanation",
  "propertiesCount": 6
}
2025-11-22 23:48:12 [INFO]: 💾 COBOL entity stored {
  "entityId": "explanation_1763835491988",
  "entityType": "explanation",
  "codeLength": 5004
}
2025-11-22 23:48:12 [INFO]: ✅ Embedding generated {
  "textLength": 5004,
  "vectorLength": 1536,
  "nonZeroValues": 837
}
2025-11-22 23:48:12 [INFO]: 🔍 Vector store attempting to store {
  "id": "cf040ad0-2388-4164-86d5-37218d3fbe21:ExplainerAgent-1763835492047",
  "vectorType": "object",
  "isArray": true,
  "vectorLength": 1536,
  "expectedDimension": 1536,
  "firstFewValues": [
    0.015507448594912349,
    0,
    0.0103382990632749,
    0.0206765981265498,
    0
  ]
}
2025-11-22 23:48:12 [INFO]: 📦 Vector stored {
  "id": "cf040ad0-2388-4164-86d5-37218d3fbe21:ExplainerAgent-1763835492047",
  "dimension": 1536,
  "metadata": [
    "conversationId",
    "messageId",
    "content",
    "role",
    "type"
  ]
}
2025-11-22 23:48:12 [INFO]: 💬 Conversation context stored {
  "conversationId": "cf040ad0-2388-4164-86d5-37218d3fbe21",
  "messageId": "ExplainerAgent-1763835492047",
  "role": "assistant",
  "contentLength": 5004
}
2025-11-22 23:48:12 [INFO]: ✅ ExplainerAgent completed successfully {
  "agent": "ExplainerAgent",
  "confidence": 0.8999999999999999,
  "outputSize": 5004
}
2025-11-22 23:48:12 [INFO]: 🔧 Workflow step: workflow_completed {
  "workflowId": "workflow_1763835481837_xwxmslkzn",
  "workflowType": "full_modernization",
  "duration": 10235,
  "success": true
}
2025-11-22 23:48:12 [INFO]: Job cf040ad0-2388-4164-86d5-37218d3fbe21: Pipeline completed 
2025-11-22 23:48:12 [INFO]: Job cf040ad0-2388-4164-86d5-37218d3fbe21: Processing completed successfully 
2025-11-22 23:48:12 [INFO]: ✅ Job cf040ad0-2388-4164-86d5-37218d3fbe21 completed successfully - processed 2 files 
2025-11-22 23:49:31 [INFO]: 🔄 Received SIGINT, shutting down gracefully... 
2025-11-22 23:51:17 [INFO]: 🚀 Initializing AI Modernization Assistant... 
2025-11-22 23:51:17 [INFO]: 🤖 AI Client initialized {
  "provider": "gemini",
  "mockMode": false,
  "hasApiKey": true
}
2025-11-22 23:51:17 [INFO]: ✅ AI system initialized successfully 
2025-11-22 23:51:17 [INFO]: 🌟 AI Modernization Assistant server running on port 3001 
2025-11-22 23:51:17 [INFO]: 📁 Upload directory: D:\mumbaiHack\404-KILLERS\engine\uploads 
2025-11-22 23:51:17 [INFO]: 🔧 Environment: development 
2025-11-22 23:51:17 [INFO]: 🤖 AI Provider: gemini 
2025-11-22 23:51:17 [INFO]: 🔑 API Key configured: true 
2025-11-23 00:12:57 [INFO]: 📁 File upload received: 2 file(s) 
2025-11-23 00:12:57 [INFO]:   - INVENTORY.CPY (506 bytes) 
2025-11-23 00:12:57 [INFO]:   - INVENTORY.DAT (340 bytes) 
2025-11-23 00:12:57 [INFO]: Job 481c7a84-d333-4806-9aa2-2ece0fcd69d4: Starting analysis of 2 files... 
2025-11-23 00:12:57 [INFO]: 📊 File breakdown: 1 .cpy, 1 .dat, 0 other 
2025-11-23 00:12:57 [INFO]: Job 481c7a84-d333-4806-9aa2-2ece0fcd69d4: Processing INVENTORY.CPY... 
2025-11-23 00:12:57 [INFO]: 📄 Starting file chunking {
  "filePath": "files-1763836977512-578661249.CPY",
  "maxChunkSize": 4000,
  "overlap": 200,
  "strategy": "auto"
}
2025-11-23 00:12:57 [INFO]: Job 481c7a84-d333-4806-9aa2-2ece0fcd69d4: Processing INVENTORY.DAT... 
2025-11-23 00:12:57 [INFO]: 📄 Starting file chunking {
  "filePath": "files-1763836977518-481397579.DAT",
  "maxChunkSize": 4000,
  "overlap": 200,
  "strategy": "auto"
}
2025-11-23 00:12:57 [INFO]: Job 481c7a84-d333-4806-9aa2-2ece0fcd69d4: Combined 2 chunks from 2 files 
2025-11-23 00:12:57 [INFO]: Job 481c7a84-d333-4806-9aa2-2ece0fcd69d4: Starting modernization pipeline... 
2025-11-23 00:12:57 [INFO]: 🔧 Workflow step: workflow_started {
  "workflowId": "workflow_1763836977768_raeq1t80f",
  "workflowType": "full_modernization",
  "input": "object"
}
2025-11-23 00:12:57 [INFO]: 🔧 Workflow step: parse_step {
  "workflowId": "workflow_1763836977768_raeq1t80f"
}
2025-11-23 00:12:57 [INFO]: 🚀 Starting ParserAgent {
  "agent": "ParserAgent",
  "inputSize": 2427
}
2025-11-23 00:12:57 [INFO]: 🤖 Generating AI content {
  "provider": "gemini",
  "mockMode": false,
  "promptLength": 1144,
  "temperature": 0.3,
  "maxTokens": 4000
}
2025-11-23 00:12:58 [ERROR]: ❌ AI generation failed {
  "error": "Not Found (404): Incorrect API endpoint URL - Not Found"
}
2025-11-23 00:12:58 [WARN]: 🔄 Falling back to mock response due to API failure 
2025-11-23 00:12:59 [INFO]: 🎭 Generating mock response {
  "promptType": "parser",
  "promptLength": 1144
}
2025-11-23 00:12:59 [INFO]: ✅ Embedding generated {
  "textLength": 1211,
  "vectorLength": 1536,
  "nonZeroValues": 496
}
2025-11-23 00:12:59 [INFO]: 🔍 Vector store attempting to store {
  "id": "SAMPLE_PROGRAM",
  "vectorType": "object",
  "isArray": true,
  "vectorLength": 1536,
  "expectedDimension": 1536,
  "firstFewValues": [
    0,
    0,
    0,
    0.02010075630518421,
    0
  ]
}
2025-11-23 00:12:59 [INFO]: 📦 Vector stored {
  "id": "SAMPLE_PROGRAM",
  "dimension": 1536,
  "metadata": [
    "entityType",
    "code",
    "language",
    "analysisResult",
    "qualityMetrics",
    "lastAnalyzed"
  ]
}
2025-11-23 00:12:59 [INFO]: 🔗 Node added to graph {
  "id": "SAMPLE_PROGRAM",
  "type": "cobol_program",
  "propertiesCount": 5
}
2025-11-23 00:12:59 [INFO]: 💾 COBOL entity stored {
  "entityId": "SAMPLE_PROGRAM",
  "entityType": "program",
  "codeLength": 918
}
2025-11-23 00:12:59 [ERROR]: ❌ Failed to add edge {
  "fromId": "SAMPLE_PROGRAM",
  "toId": "COPYLIB1",
  "relationType": "copy",
  "error": "Source or target node not found: SAMPLE_PROGRAM -> COPYLIB1"
}
2025-11-23 00:12:59 [ERROR]: ❌ Failed to store relationship {
  "fromEntity": "SAMPLE_PROGRAM",
  "toEntity": "COPYLIB1",
  "relationType": "copy",
  "error": "Source or target node not found: SAMPLE_PROGRAM -> COPYLIB1"
}
2025-11-23 00:12:59 [INFO]: ✅ Embedding generated {
  "textLength": 1211,
  "vectorLength": 1536,
  "nonZeroValues": 496
}
2025-11-23 00:12:59 [INFO]: 🔍 Vector store attempting to store {
  "id": "481c7a84-d333-4806-9aa2-2ece0fcd69d4:ParserAgent-1763836979449",
  "vectorType": "object",
  "isArray": true,
  "vectorLength": 1536,
  "expectedDimension": 1536,
  "firstFewValues": [
    0,
    0,
    0,
    0.02010075630518421,
    0
  ]
}
2025-11-23 00:12:59 [INFO]: 📦 Vector stored {
  "id": "481c7a84-d333-4806-9aa2-2ece0fcd69d4:ParserAgent-1763836979449",
  "dimension": 1536,
  "metadata": [
    "conversationId",
    "messageId",
    "content",
    "role",
    "type"
  ]
}
2025-11-23 00:12:59 [INFO]: 💬 Conversation context stored {
  "conversationId": "481c7a84-d333-4806-9aa2-2ece0fcd69d4",
  "messageId": "ParserAgent-1763836979449",
  "role": "assistant",
  "contentLength": 1211
}
2025-11-23 00:12:59 [INFO]: ✅ ParserAgent completed successfully {
  "agent": "ParserAgent",
  "confidence": 0.95,
  "outputSize": 1211
}
2025-11-23 00:12:59 [INFO]: 🔧 Workflow step: modernize_step {
  "workflowId": "workflow_1763836977768_raeq1t80f"
}
2025-11-23 00:12:59 [INFO]: 🚀 Starting ModernizerAgent {
  "agent": "ModernizerAgent",
  "inputSize": 2287
}
2025-11-23 00:12:59 [INFO]: ✅ Embedding generated {
  "textLength": 1211,
  "vectorLength": 1536,
  "nonZeroValues": 496
}
2025-11-23 00:12:59 [INFO]: 🔍 Vector store search query {
  "vectorType": "object",
  "isArray": true,
  "vectorLength": 1536,
  "expectedDimension": 1536,
  "firstFewValues": [
    0,
    0,
    0,
    0.02010075630518421,
    0
  ]
}
2025-11-23 00:12:59 [INFO]: 🔍 Vector search completed {
  "queryDimension": 1536,
  "totalVectors": 2,
  "resultsFound": 1,
  "threshold": 0.7
}
2025-11-23 00:12:59 [INFO]: 🔍 Vector store search query {
  "vectorType": "object",
  "isArray": true,
  "vectorLength": 1536,
  "expectedDimension": 1536,
  "firstFewValues": [
    0,
    0,
    0,
    0.02010075630518421,
    0
  ]
}
2025-11-23 00:12:59 [INFO]: 🔍 Vector search completed {
  "queryDimension": 1536,
  "totalVectors": 2,
  "resultsFound": 0,
  "threshold": 0.7
}
2025-11-23 00:12:59 [INFO]: 🔍 Vector store search query {
  "vectorType": "object",
  "isArray": true,
  "vectorLength": 1536,
  "expectedDimension": 1536,
  "firstFewValues": [
    0,
    0,
    0,
    0.02010075630518421,
    0
  ]
}
2025-11-23 00:12:59 [INFO]: 🔍 Vector search completed {
  "queryDimension": 1536,
  "totalVectors": 2,
  "resultsFound": 1,
  "threshold": 0.7
}
2025-11-23 00:12:59 [INFO]: 🎯 Retrieved relevant context {
  "conversationId": "481c7a84-d333-4806-9aa2-2ece0fcd69d4",
  "conversationItems": 1,
  "codePatterns": 0,
  "entities": 1
}
2025-11-23 00:12:59 [INFO]: 🤖 Generating AI content {
  "provider": "gemini",
  "mockMode": false,
  "promptLength": 3394,
  "temperature": 0.4,
  "maxTokens": 6000
}
2025-11-23 00:12:59 [ERROR]: ❌ AI generation failed {
  "error": "Not Found (404): Incorrect API endpoint URL - Not Found"
}
2025-11-23 00:12:59 [WARN]: 🔄 Falling back to mock response due to API failure 
2025-11-23 00:13:00 [INFO]: 🎭 Generating mock response {
  "promptType": "parser",
  "promptLength": 3394
}
2025-11-23 00:13:00 [INFO]: ✅ Embedding generated {
  "textLength": 2634,
  "vectorLength": 1536,
  "nonZeroValues": 738
}
2025-11-23 00:13:00 [INFO]: 🔍 Vector store attempting to store {
  "id": "SAMPLE_PROGRAM_modern_Java",
  "vectorType": "object",
  "isArray": true,
  "vectorLength": 1536,
  "expectedDimension": 1536,
  "firstFewValues": [
    0,
    0,
    0.010229677195353738,
    0,
    0.010229677195353738
  ]
}
2025-11-23 00:13:00 [INFO]: 📦 Vector stored {
  "id": "SAMPLE_PROGRAM_modern_Java",
  "dimension": 1536,
  "metadata": [
    "entityType",
    "code",
    "language",
    "originalProgram",
    "targetLanguage",
    "targetFramework",
    "modernizationMetrics",
    "migrationPlan",
    "lastModernized"
  ]
}
2025-11-23 00:13:00 [INFO]: 🔗 Node added to graph {
  "id": "SAMPLE_PROGRAM_modern_Java",
  "type": "modernized_program",
  "propertiesCount": 7
}
2025-11-23 00:13:00 [INFO]: 💾 COBOL entity stored {
  "entityId": "SAMPLE_PROGRAM_modern_Java",
  "entityType": "modernized_program",
  "codeLength": 117
}
2025-11-23 00:13:00 [INFO]: ➡️ Edge added to graph {
  "from": "SAMPLE_PROGRAM",
  "to": "SAMPLE_PROGRAM_modern_Java",
  "type": "modernized_to"
}
2025-11-23 00:13:00 [INFO]: 🔗 Relationship stored {
  "from": "SAMPLE_PROGRAM",
  "to": "SAMPLE_PROGRAM_modern_Java",
  "type": "modernized_to"
}
2025-11-23 00:13:00 [INFO]: ✅ Embedding generated {
  "textLength": 2634,
  "vectorLength": 1536,
  "nonZeroValues": 738
}
2025-11-23 00:13:00 [INFO]: 🔍 Vector store attempting to store {
  "id": "481c7a84-d333-4806-9aa2-2ece0fcd69d4:ModernizerAgent-1763836980702",
  "vectorType": "object",
  "isArray": true,
  "vectorLength": 1536,
  "expectedDimension": 1536,
  "firstFewValues": [
    0,
    0,
    0.010229677195353738,
    0,
    0.010229677195353738
  ]
}
2025-11-23 00:13:00 [INFO]: 📦 Vector stored {
  "id": "481c7a84-d333-4806-9aa2-2ece0fcd69d4:ModernizerAgent-1763836980702",
  "dimension": 1536,
  "metadata": [
    "conversationId",
    "messageId",
    "content",
    "role",
    "type"
  ]
}
2025-11-23 00:13:00 [INFO]: 💬 Conversation context stored {
  "conversationId": "481c7a84-d333-4806-9aa2-2ece0fcd69d4",
  "messageId": "ModernizerAgent-1763836980702",
  "role": "assistant",
  "contentLength": 2634
}
2025-11-23 00:13:00 [INFO]: ✅ ModernizerAgent completed successfully {
  "agent": "ModernizerAgent",
  "confidence": 0.7,
  "outputSize": 2634
}
2025-11-23 00:13:00 [INFO]: 🔧 Workflow step: validate_step {
  "workflowId": "workflow_1763836977768_raeq1t80f"
}
2025-11-23 00:13:00 [INFO]: 🚀 Starting ValidatorAgent {
  "agent": "ValidatorAgent",
  "inputSize": 3935
}
2025-11-23 00:13:00 [INFO]: ✅ Embedding generated {
  "textLength": 2634,
  "vectorLength": 1536,
  "nonZeroValues": 738
}
2025-11-23 00:13:00 [INFO]: 🔍 Vector store search query {
  "vectorType": "object",
  "isArray": true,
  "vectorLength": 1536,
  "expectedDimension": 1536,
  "firstFewValues": [
    0,
    0,
    0.010229677195353738,
    0,
    0.010229677195353738
  ]
}
2025-11-23 00:13:00 [INFO]: 🔍 Vector search completed {
  "queryDimension": 1536,
  "totalVectors": 4,
  "resultsFound": 1,
  "threshold": 0.7
}
2025-11-23 00:13:00 [INFO]: 🔍 Vector store search query {
  "vectorType": "object",
  "isArray": true,
  "vectorLength": 1536,
  "expectedDimension": 1536,
  "firstFewValues": [
    0,
    0,
    0.010229677195353738,
    0,
    0.010229677195353738
  ]
}
2025-11-23 00:13:00 [INFO]: 🔍 Vector search completed {
  "queryDimension": 1536,
  "totalVectors": 4,
  "resultsFound": 0,
  "threshold": 0.7
}
2025-11-23 00:13:00 [INFO]: 🔍 Vector store search query {
  "vectorType": "object",
  "isArray": true,
  "vectorLength": 1536,
  "expectedDimension": 1536,
  "firstFewValues": [
    0,
    0,
    0.010229677195353738,
    0,
    0.010229677195353738
  ]
}
2025-11-23 00:13:00 [INFO]: 🔍 Vector search completed {
  "queryDimension": 1536,
  "totalVectors": 4,
  "resultsFound": 1,
  "threshold": 0.7
}
2025-11-23 00:13:00 [INFO]: 🎯 Retrieved relevant context {
  "conversationId": "481c7a84-d333-4806-9aa2-2ece0fcd69d4",
  "conversationItems": 1,
  "codePatterns": 0,
  "entities": 1
}
2025-11-23 00:13:00 [INFO]: 🤖 Generating AI content {
  "provider": "gemini",
  "mockMode": false,
  "promptLength": 5759,
  "temperature": 0.2,
  "maxTokens": 5000
}
2025-11-23 00:13:01 [ERROR]: ❌ AI generation failed {
  "error": "Not Found (404): Incorrect API endpoint URL - Not Found"
}
2025-11-23 00:13:01 [WARN]: 🔄 Falling back to mock response due to API failure 
2025-11-23 00:13:02 [INFO]: 🎭 Generating mock response {
  "promptType": "parser",
  "promptLength": 5759
}
2025-11-23 00:13:02 [INFO]: ✅ Embedding generated {
  "textLength": 3157,
  "vectorLength": 1536,
  "nonZeroValues": 841
}
2025-11-23 00:13:02 [INFO]: 🔍 Vector store attempting to store {
  "id": "SAMPLE_PROGRAM_validation_1763836982700",
  "vectorType": "object",
  "isArray": true,
  "vectorLength": 1536,
  "expectedDimension": 1536,
  "firstFewValues": [
    0,
    0,
    0.009148169851547969,
    0.009148169851547969,
    0
  ]
}
2025-11-23 00:13:02 [INFO]: 📦 Vector stored {
  "id": "SAMPLE_PROGRAM_validation_1763836982700",
  "dimension": 1536,
  "metadata": [
    "entityType",
    "code",
    "language",
    "originalProgram",
    "overallScore",
    "status",
    "issueCount",
    "validatedAt"
  ]
}
2025-11-23 00:13:02 [INFO]: 🔗 Node added to graph {
  "id": "SAMPLE_PROGRAM_validation_1763836982700",
  "type": "validation_result",
  "propertiesCount": 6
}
2025-11-23 00:13:02 [INFO]: 💾 COBOL entity stored {
  "entityId": "SAMPLE_PROGRAM_validation_1763836982700",
  "entityType": "validation_result",
  "codeLength": 3157
}
2025-11-23 00:13:02 [INFO]: ➡️ Edge added to graph {
  "from": "SAMPLE_PROGRAM_modern_Java",
  "to": "SAMPLE_PROGRAM_validation_1763836982700",
  "type": "validated_by"
}
2025-11-23 00:13:03 [INFO]: 🔗 Relationship stored {
  "from": "SAMPLE_PROGRAM_modern_Java",
  "to": "SAMPLE_PROGRAM_validation_1763836982700",
  "type": "validated_by"
}
2025-11-23 00:13:03 [INFO]: ✅ Embedding generated {
  "textLength": 3157,
  "vectorLength": 1536,
  "nonZeroValues": 841
}
2025-11-23 00:13:03 [INFO]: 🔍 Vector store attempting to store {
  "id": "481c7a84-d333-4806-9aa2-2ece0fcd69d4:ValidatorAgent-1763836983102",
  "vectorType": "object",
  "isArray": true,
  "vectorLength": 1536,
  "expectedDimension": 1536,
  "firstFewValues": [
    0,
    0,
    0.009148169851547969,
    0.009148169851547969,
    0
  ]
}
2025-11-23 00:13:03 [INFO]: 📦 Vector stored {
  "id": "481c7a84-d333-4806-9aa2-2ece0fcd69d4:ValidatorAgent-1763836983102",
  "dimension": 1536,
  "metadata": [
    "conversationId",
    "messageId",
    "content",
    "role",
    "type"
  ]
}
2025-11-23 00:13:03 [INFO]: 💬 Conversation context stored {
  "conversationId": "481c7a84-d333-4806-9aa2-2ece0fcd69d4",
  "messageId": "ValidatorAgent-1763836983102",
  "role": "assistant",
  "contentLength": 3157
}
2025-11-23 00:13:03 [INFO]: ✅ ValidatorAgent completed successfully {
  "agent": "ValidatorAgent",
  "confidence": 0.7999999999999998,
  "outputSize": 3157
}
2025-11-23 00:13:03 [INFO]: 🔧 Workflow step: validation_concerns {
  "workflowId": "workflow_1763836977768_raeq1t80f",
  "score": 60
}
2025-11-23 00:13:03 [INFO]: 🔧 Workflow step: explain_step {
  "workflowId": "workflow_1763836977768_raeq1t80f"
}
2025-11-23 00:13:03 [INFO]: 🚀 Starting ExplainerAgent {
  "agent": "ExplainerAgent",
  "inputSize": 7155
}
2025-11-23 00:13:03 [INFO]: ✅ Embedding generated {
  "textLength": 7045,
  "vectorLength": 1536,
  "nonZeroValues": 1015
}
2025-11-23 00:13:03 [INFO]: 🔍 Vector store search query {
  "vectorType": "object",
  "isArray": true,
  "vectorLength": 1536,
  "expectedDimension": 1536,
  "firstFewValues": [
    0,
    0,
    0.01672542501543648,
    0.0209067812692956,
    0
  ]
}
2025-11-23 00:13:03 [INFO]: 🔍 Vector search completed {
  "queryDimension": 1536,
  "totalVectors": 6,
  "resultsFound": 0,
  "threshold": 0.7
}
2025-11-23 00:13:03 [INFO]: 🔍 Vector store search query {
  "vectorType": "object",
  "isArray": true,
  "vectorLength": 1536,
  "expectedDimension": 1536,
  "firstFewValues": [
    0,
    0,
    0.01672542501543648,
    0.0209067812692956,
    0
  ]
}
2025-11-23 00:13:03 [INFO]: 🔍 Vector search completed {
  "queryDimension": 1536,
  "totalVectors": 6,
  "resultsFound": 0,
  "threshold": 0.7
}
2025-11-23 00:13:03 [INFO]: 🔍 Vector store search query {
  "vectorType": "object",
  "isArray": true,
  "vectorLength": 1536,
  "expectedDimension": 1536,
  "firstFewValues": [
    0,
    0,
    0.01672542501543648,
    0.0209067812692956,
    0
  ]
}
2025-11-23 00:13:03 [INFO]: 🔍 Vector search completed {
  "queryDimension": 1536,
  "totalVectors": 6,
  "resultsFound": 0,
  "threshold": 0.7
}
2025-11-23 00:13:03 [INFO]: 🎯 Retrieved relevant context {
  "conversationId": "481c7a84-d333-4806-9aa2-2ece0fcd69d4",
  "conversationItems": 0,
  "codePatterns": 0,
  "entities": 0
}
2025-11-23 00:13:03 [INFO]: 🤖 Generating AI content {
  "provider": "gemini",
  "mockMode": false,
  "promptLength": 9209,
  "temperature": 0.5,
  "maxTokens": 6000
}
2025-11-23 00:13:03 [ERROR]: ❌ AI generation failed {
  "error": "Not Found (404): Incorrect API endpoint URL - Not Found"
}
2025-11-23 00:13:03 [WARN]: 🔄 Falling back to mock response due to API failure 
2025-11-23 00:13:05 [INFO]: 🎭 Generating mock response {
  "promptType": "parser",
  "promptLength": 9209
}
2025-11-23 00:13:05 [INFO]: ✅ Embedding generated {
  "textLength": 5004,
  "vectorLength": 1536,
  "nonZeroValues": 826
}
2025-11-23 00:13:05 [INFO]: 🔍 Vector store attempting to store {
  "id": "explanation_1763836985093",
  "vectorType": "object",
  "isArray": true,
  "vectorLength": 1536,
  "expectedDimension": 1536,
  "firstFewValues": [
    0.020632540869134644,
    0,
    0.015474405651850983,
    0.020632540869134644,
    0
  ]
}
2025-11-23 00:13:05 [INFO]: 📦 Vector stored {
  "id": "explanation_1763836985093",
  "dimension": 1536,
  "metadata": [
    "entityType",
    "code",
    "language",
    "explanationType",
    "targetAudience",
    "sectionCount",
    "insightCount",
    "createdAt"
  ]
}
2025-11-23 00:13:05 [INFO]: 🔗 Node added to graph {
  "id": "explanation_1763836985093",
  "type": "explanation",
  "propertiesCount": 6
}
2025-11-23 00:13:05 [INFO]: 💾 COBOL entity stored {
  "entityId": "explanation_1763836985093",
  "entityType": "explanation",
  "codeLength": 5004
}
2025-11-23 00:13:05 [INFO]: ✅ Embedding generated {
  "textLength": 5004,
  "vectorLength": 1536,
  "nonZeroValues": 826
}
2025-11-23 00:13:05 [INFO]: 🔍 Vector store attempting to store {
  "id": "481c7a84-d333-4806-9aa2-2ece0fcd69d4:ExplainerAgent-1763836985101",
  "vectorType": "object",
  "isArray": true,
  "vectorLength": 1536,
  "expectedDimension": 1536,
  "firstFewValues": [
    0.020632540869134644,
    0,
    0.015474405651850983,
    0.020632540869134644,
    0
  ]
}
2025-11-23 00:13:05 [INFO]: 📦 Vector stored {
  "id": "481c7a84-d333-4806-9aa2-2ece0fcd69d4:ExplainerAgent-1763836985101",
  "dimension": 1536,
  "metadata": [
    "conversationId",
    "messageId",
    "content",
    "role",
    "type"
  ]
}
2025-11-23 00:13:05 [INFO]: 💬 Conversation context stored {
  "conversationId": "481c7a84-d333-4806-9aa2-2ece0fcd69d4",
  "messageId": "ExplainerAgent-1763836985101",
  "role": "assistant",
  "contentLength": 5004
}
2025-11-23 00:13:05 [INFO]: ✅ ExplainerAgent completed successfully {
  "agent": "ExplainerAgent",
  "confidence": 0.8999999999999999,
  "outputSize": 5004
}
2025-11-23 00:13:05 [INFO]: 🔧 Workflow step: workflow_completed {
  "workflowId": "workflow_1763836977768_raeq1t80f",
  "workflowType": "full_modernization",
  "duration": 7345,
  "success": true
}
2025-11-23 00:13:05 [INFO]: Job 481c7a84-d333-4806-9aa2-2ece0fcd69d4: Pipeline completed 
2025-11-23 00:13:05 [INFO]: Job 481c7a84-d333-4806-9aa2-2ece0fcd69d4: Processing completed successfully 
2025-11-23 00:13:05 [INFO]: ✅ Job 481c7a84-d333-4806-9aa2-2ece0fcd69d4 completed successfully - processed 2 files 
2025-11-23 00:29:08 [INFO]: 🚀 Initializing AI Modernization Assistant... 
2025-11-23 00:29:08 [INFO]: 🤖 AI Client initialized {
  "provider": "gemini",
  "mockMode": false,
  "hasApiKey": true
}
2025-11-23 00:29:08 [INFO]: ✅ AI system initialized successfully 
2025-11-23 00:29:08 [INFO]: 🌟 AI Modernization Assistant server running on port 3001 
2025-11-23 00:29:08 [INFO]: 📁 Upload directory: D:\mumbaiHack\404-KILLERS\engine\uploads 
2025-11-23 00:29:08 [INFO]: 🔧 Environment: development 
2025-11-23 00:29:08 [INFO]: 🤖 AI Provider: gemini 
2025-11-23 00:29:08 [INFO]: 🔑 API Key configured: true 
2025-11-23 00:30:00 [INFO]: 🔄 Received SIGINT, shutting down gracefully... 
2025-11-23 00:30:49 [INFO]: 🚀 Initializing AI Modernization Assistant... 
2025-11-23 00:30:49 [INFO]: 🤖 AI Client initialized {
  "provider": "gemini",
  "mockMode": false,
  "hasApiKey": true
}
2025-11-23 00:30:49 [INFO]: ✅ AI system initialized successfully 
2025-11-23 00:30:49 [INFO]: 🌟 AI Modernization Assistant server running on port 3001 
2025-11-23 00:30:49 [INFO]: 📁 Upload directory: D:\mumbaiHack\404-KILLERS\engine\uploads 
2025-11-23 00:30:49 [INFO]: 🔧 Environment: development 
2025-11-23 00:30:49 [INFO]: 🤖 AI Provider: gemini 
2025-11-23 00:30:49 [INFO]: 🔑 API Key configured: true 
2025-11-23 00:31:19 [INFO]: 📁 File upload received: 2 file(s) 
2025-11-23 00:31:19 [INFO]:   - CLAIMS.DAT (340 bytes) 
2025-11-23 00:31:19 [INFO]:   - CLAIMS.CPY (644 bytes) 
2025-11-23 00:31:19 [INFO]: Job e80faf3a-b311-4565-ba50-f73a069fbc6b: Starting analysis of 2 files... 
2025-11-23 00:31:19 [INFO]: 📊 File breakdown: 1 .cpy, 1 .dat, 0 other 
2025-11-23 00:31:19 [INFO]: Job e80faf3a-b311-4565-ba50-f73a069fbc6b: Processing CLAIMS.DAT... 
2025-11-23 00:31:20 [INFO]: 📄 Starting file chunking {
  "filePath": "files-1763838079837-96180818.DAT",
  "maxChunkSize": 4000,
  "overlap": 200,
  "strategy": "auto"
}
2025-11-23 00:31:20 [INFO]: Job e80faf3a-b311-4565-ba50-f73a069fbc6b: Processing CLAIMS.CPY... 
2025-11-23 00:31:20 [INFO]: 📄 Starting file chunking {
  "filePath": "files-1763838079840-154576900.CPY",
  "maxChunkSize": 4000,
  "overlap": 200,
  "strategy": "auto"
}
2025-11-23 00:31:20 [INFO]: Job e80faf3a-b311-4565-ba50-f73a069fbc6b: Combined 2 chunks from 2 files 
2025-11-23 00:31:20 [INFO]: Job e80faf3a-b311-4565-ba50-f73a069fbc6b: Starting modernization pipeline... 
2025-11-23 00:31:20 [INFO]: 🔧 Workflow step: workflow_started {
  "workflowId": "workflow_1763838080089_9dynia3k3",
  "workflowType": "full_modernization",
  "input": "object"
}
2025-11-23 00:31:20 [INFO]: 🔧 Workflow step: parse_step {
  "workflowId": "workflow_1763838080089_9dynia3k3"
}
2025-11-23 00:31:20 [INFO]: 🚀 Starting ParserAgent {
  "agent": "ParserAgent",
  "inputSize": 2690
}
2025-11-23 00:31:20 [INFO]: 🤖 Generating AI content {
  "provider": "gemini",
  "mockMode": false,
  "promptLength": 1270,
  "temperature": 0.3,
  "maxTokens": 4000
}
2025-11-23 00:31:21 [ERROR]: ❌ AI generation failed {
  "error": "Not Found (404): Incorrect API endpoint URL - Not Found"
}
2025-11-23 00:31:21 [WARN]: 🔄 Falling back to mock response due to API failure 
2025-11-23 00:31:21 [INFO]: 🎭 Generating mock response {
  "promptType": "parser",
  "promptLength": 1270
}
2025-11-23 00:31:22 [INFO]: ✅ Embedding generated {
  "textLength": 1211,
  "vectorLength": 1536,
  "nonZeroValues": 495
}
2025-11-23 00:31:22 [INFO]: 🔍 Vector store attempting to store {
  "id": "SAMPLE_PROGRAM",
  "vectorType": "object",
  "isArray": true,
  "vectorLength": 1536,
  "expectedDimension": 1536,
  "firstFewValues": [
    0.02009263970630486,
    0,
    0,
    0,
    0
  ]
}
2025-11-23 00:31:22 [INFO]: 📦 Vector stored {
  "id": "SAMPLE_PROGRAM",
  "dimension": 1536,
  "metadata": [
    "entityType",
    "code",
    "language",
    "analysisResult",
    "qualityMetrics",
    "lastAnalyzed"
  ]
}
2025-11-23 00:31:22 [INFO]: 🔗 Node added to graph {
  "id": "SAMPLE_PROGRAM",
  "type": "cobol_program",
  "propertiesCount": 5
}
2025-11-23 00:31:22 [INFO]: 💾 COBOL entity stored {
  "entityId": "SAMPLE_PROGRAM",
  "entityType": "program",
  "codeLength": 1050
}
2025-11-23 00:31:22 [ERROR]: ❌ Failed to add edge {
  "fromId": "SAMPLE_PROGRAM",
  "toId": "COPYLIB1",
  "relationType": "copy",
  "error": "Source or target node not found: SAMPLE_PROGRAM -> COPYLIB1"
}
2025-11-23 00:31:22 [ERROR]: ❌ Failed to store relationship {
  "fromEntity": "SAMPLE_PROGRAM",
  "toEntity": "COPYLIB1",
  "relationType": "copy",
  "error": "Source or target node not found: SAMPLE_PROGRAM -> COPYLIB1"
}
2025-11-23 00:31:22 [INFO]: ✅ Embedding generated {
  "textLength": 1211,
  "vectorLength": 1536,
  "nonZeroValues": 495
}
2025-11-23 00:31:22 [INFO]: 🔍 Vector store attempting to store {
  "id": "e80faf3a-b311-4565-ba50-f73a069fbc6b:ParserAgent-1763838082125",
  "vectorType": "object",
  "isArray": true,
  "vectorLength": 1536,
  "expectedDimension": 1536,
  "firstFewValues": [
    0.02009263970630486,
    0,
    0,
    0,
    0
  ]
}
2025-11-23 00:31:22 [INFO]: 📦 Vector stored {
  "id": "e80faf3a-b311-4565-ba50-f73a069fbc6b:ParserAgent-1763838082125",
  "dimension": 1536,
  "metadata": [
    "conversationId",
    "messageId",
    "content",
    "role",
    "type"
  ]
}
2025-11-23 00:31:22 [INFO]: 💬 Conversation context stored {
  "conversationId": "e80faf3a-b311-4565-ba50-f73a069fbc6b",
  "messageId": "ParserAgent-1763838082125",
  "role": "assistant",
  "contentLength": 1211
}
2025-11-23 00:31:22 [INFO]: ✅ ParserAgent completed successfully {
  "agent": "ParserAgent",
  "confidence": 0.95,
  "outputSize": 1211
}
2025-11-23 00:31:22 [INFO]: 🔧 Workflow step: modernize_step {
  "workflowId": "workflow_1763838080089_9dynia3k3"
}
2025-11-23 00:31:22 [INFO]: 🚀 Starting ModernizerAgent {
  "agent": "ModernizerAgent",
  "inputSize": 2425
}
2025-11-23 00:31:22 [INFO]: ✅ Embedding generated {
  "textLength": 1211,
  "vectorLength": 1536,
  "nonZeroValues": 495
}
2025-11-23 00:31:22 [INFO]: 🔍 Vector store search query {
  "vectorType": "object",
  "isArray": true,
  "vectorLength": 1536,
  "expectedDimension": 1536,
  "firstFewValues": [
    0.02009263970630486,
    0,
    0,
    0,
    0
  ]
}
2025-11-23 00:31:22 [INFO]: 🔍 Vector search completed {
  "queryDimension": 1536,
  "totalVectors": 2,
  "resultsFound": 1,
  "threshold": 0.7
}
2025-11-23 00:31:22 [INFO]: 🔍 Vector store search query {
  "vectorType": "object",
  "isArray": true,
  "vectorLength": 1536,
  "expectedDimension": 1536,
  "firstFewValues": [
    0.02009263970630486,
    0,
    0,
    0,
    0
  ]
}
2025-11-23 00:31:22 [INFO]: 🔍 Vector search completed {
  "queryDimension": 1536,
  "totalVectors": 2,
  "resultsFound": 0,
  "threshold": 0.7
}
2025-11-23 00:31:22 [INFO]: 🔍 Vector store search query {
  "vectorType": "object",
  "isArray": true,
  "vectorLength": 1536,
  "expectedDimension": 1536,
  "firstFewValues": [
    0.02009263970630486,
    0,
    0,
    0,
    0
  ]
}
2025-11-23 00:31:22 [INFO]: 🔍 Vector search completed {
  "queryDimension": 1536,
  "totalVectors": 2,
  "resultsFound": 1,
  "threshold": 0.7
}
2025-11-23 00:31:22 [INFO]: 🎯 Retrieved relevant context {
  "conversationId": "e80faf3a-b311-4565-ba50-f73a069fbc6b",
  "conversationItems": 1,
  "codePatterns": 0,
  "entities": 1
}
2025-11-23 00:31:22 [INFO]: 🤖 Generating AI content {
  "provider": "gemini",
  "mockMode": false,
  "promptLength": 3526,
  "temperature": 0.4,
  "maxTokens": 6000
}
2025-11-23 00:31:22 [ERROR]: ❌ AI generation failed {
  "error": "Not Found (404): Incorrect API endpoint URL - Not Found"
}
2025-11-23 00:31:22 [WARN]: 🔄 Falling back to mock response due to API failure 
2025-11-23 00:31:23 [INFO]: 🎭 Generating mock response {
  "promptType": "parser",
  "promptLength": 3526
}
2025-11-23 00:31:23 [INFO]: ✅ Embedding generated {
  "textLength": 2634,
  "vectorLength": 1536,
  "nonZeroValues": 736
}
2025-11-23 00:31:23 [INFO]: 🔍 Vector store attempting to store {
  "id": "SAMPLE_PROGRAM_modern_Java",
  "vectorType": "object",
  "isArray": true,
  "vectorLength": 1536,
  "expectedDimension": 1536,
  "firstFewValues": [
    0,
    0,
    0.01023181886337581,
    0,
    0.01023181886337581
  ]
}
2025-11-23 00:31:23 [INFO]: 📦 Vector stored {
  "id": "SAMPLE_PROGRAM_modern_Java",
  "dimension": 1536,
  "metadata": [
    "entityType",
    "code",
    "language",
    "originalProgram",
    "targetLanguage",
    "targetFramework",
    "modernizationMetrics",
    "migrationPlan",
    "lastModernized"
  ]
}
2025-11-23 00:31:23 [INFO]: 🔗 Node added to graph {
  "id": "SAMPLE_PROGRAM_modern_Java",
  "type": "modernized_program",
  "propertiesCount": 7
}
2025-11-23 00:31:23 [INFO]: 💾 COBOL entity stored {
  "entityId": "SAMPLE_PROGRAM_modern_Java",
  "entityType": "modernized_program",
  "codeLength": 117
}
2025-11-23 00:31:23 [INFO]: ➡️ Edge added to graph {
  "from": "SAMPLE_PROGRAM",
  "to": "SAMPLE_PROGRAM_modern_Java",
  "type": "modernized_to"
}
2025-11-23 00:31:23 [INFO]: 🔗 Relationship stored {
  "from": "SAMPLE_PROGRAM",
  "to": "SAMPLE_PROGRAM_modern_Java",
  "type": "modernized_to"
}
2025-11-23 00:31:23 [INFO]: ✅ Embedding generated {
  "textLength": 2634,
  "vectorLength": 1536,
  "nonZeroValues": 736
}
2025-11-23 00:31:23 [INFO]: 🔍 Vector store attempting to store {
  "id": "e80faf3a-b311-4565-ba50-f73a069fbc6b:ModernizerAgent-1763838083593",
  "vectorType": "object",
  "isArray": true,
  "vectorLength": 1536,
  "expectedDimension": 1536,
  "firstFewValues": [
    0,
    0,
    0.01023181886337581,
    0,
    0.01023181886337581
  ]
}
2025-11-23 00:31:23 [INFO]: 📦 Vector stored {
  "id": "e80faf3a-b311-4565-ba50-f73a069fbc6b:ModernizerAgent-1763838083593",
  "dimension": 1536,
  "metadata": [
    "conversationId",
    "messageId",
    "content",
    "role",
    "type"
  ]
}
2025-11-23 00:31:23 [INFO]: 💬 Conversation context stored {
  "conversationId": "e80faf3a-b311-4565-ba50-f73a069fbc6b",
  "messageId": "ModernizerAgent-1763838083593",
  "role": "assistant",
  "contentLength": 2634
}
2025-11-23 00:31:23 [INFO]: ✅ ModernizerAgent completed successfully {
  "agent": "ModernizerAgent",
  "confidence": 0.7,
  "outputSize": 2634
}
2025-11-23 00:31:23 [INFO]: 🔧 Workflow step: validate_step {
  "workflowId": "workflow_1763838080089_9dynia3k3"
}
2025-11-23 00:31:23 [INFO]: 🚀 Starting ValidatorAgent {
  "agent": "ValidatorAgent",
  "inputSize": 3935
}
2025-11-23 00:31:23 [INFO]: ✅ Embedding generated {
  "textLength": 2634,
  "vectorLength": 1536,
  "nonZeroValues": 736
}
2025-11-23 00:31:23 [INFO]: 🔍 Vector store search query {
  "vectorType": "object",
  "isArray": true,
  "vectorLength": 1536,
  "expectedDimension": 1536,
  "firstFewValues": [
    0,
    0,
    0.01023181886337581,
    0,
    0.01023181886337581
  ]
}
2025-11-23 00:31:23 [INFO]: 🔍 Vector search completed {
  "queryDimension": 1536,
  "totalVectors": 4,
  "resultsFound": 1,
  "threshold": 0.7
}
2025-11-23 00:31:23 [INFO]: 🔍 Vector store search query {
  "vectorType": "object",
  "isArray": true,
  "vectorLength": 1536,
  "expectedDimension": 1536,
  "firstFewValues": [
    0,
    0,
    0.01023181886337581,
    0,
    0.01023181886337581
  ]
}
2025-11-23 00:31:23 [INFO]: 🔍 Vector search completed {
  "queryDimension": 1536,
  "totalVectors": 4,
  "resultsFound": 0,
  "threshold": 0.7
}
2025-11-23 00:31:23 [INFO]: 🔍 Vector store search query {
  "vectorType": "object",
  "isArray": true,
  "vectorLength": 1536,
  "expectedDimension": 1536,
  "firstFewValues": [
    0,
    0,
    0.01023181886337581,
    0,
    0.01023181886337581
  ]
}
2025-11-23 00:31:23 [INFO]: 🔍 Vector search completed {
  "queryDimension": 1536,
  "totalVectors": 4,
  "resultsFound": 1,
  "threshold": 0.7
}
2025-11-23 00:31:23 [INFO]: 🎯 Retrieved relevant context {
  "conversationId": "e80faf3a-b311-4565-ba50-f73a069fbc6b",
  "conversationItems": 1,
  "codePatterns": 0,
  "entities": 1
}
2025-11-23 00:31:23 [INFO]: 🤖 Generating AI content {
  "provider": "gemini",
  "mockMode": false,
  "promptLength": 5759,
  "temperature": 0.2,
  "maxTokens": 5000
}
2025-11-23 00:31:23 [ERROR]: ❌ AI generation failed {
  "error": "Not Found (404): Incorrect API endpoint URL - Not Found"
}
2025-11-23 00:31:23 [WARN]: 🔄 Falling back to mock response due to API failure 
2025-11-23 00:31:24 [INFO]: 🎭 Generating mock response {
  "promptType": "parser",
  "promptLength": 5759
}
2025-11-23 00:31:24 [INFO]: ✅ Embedding generated {
  "textLength": 3157,
  "vectorLength": 1536,
  "nonZeroValues": 848
}
2025-11-23 00:31:24 [INFO]: 🔍 Vector store attempting to store {
  "id": "SAMPLE_PROGRAM_validation_1763838084526",
  "vectorType": "object",
  "isArray": true,
  "vectorLength": 1536,
  "expectedDimension": 1536,
  "firstFewValues": [
    0,
    0,
    0.009234354386175439,
    0.009234354386175439,
    0
  ]
}
2025-11-23 00:31:24 [INFO]: 📦 Vector stored {
  "id": "SAMPLE_PROGRAM_validation_1763838084526",
  "dimension": 1536,
  "metadata": [
    "entityType",
    "code",
    "language",
    "originalProgram",
    "overallScore",
    "status",
    "issueCount",
    "validatedAt"
  ]
}
2025-11-23 00:31:24 [INFO]: 🔗 Node added to graph {
  "id": "SAMPLE_PROGRAM_validation_1763838084526",
  "type": "validation_result",
  "propertiesCount": 6
}
2025-11-23 00:31:24 [INFO]: 💾 COBOL entity stored {
  "entityId": "SAMPLE_PROGRAM_validation_1763838084526",
  "entityType": "validation_result",
  "codeLength": 3157
}
2025-11-23 00:31:24 [INFO]: ➡️ Edge added to graph {
  "from": "SAMPLE_PROGRAM_modern_Java",
  "to": "SAMPLE_PROGRAM_validation_1763838084526",
  "type": "validated_by"
}
2025-11-23 00:31:24 [INFO]: 🔗 Relationship stored {
  "from": "SAMPLE_PROGRAM_modern_Java",
  "to": "SAMPLE_PROGRAM_validation_1763838084526",
  "type": "validated_by"
}
2025-11-23 00:31:24 [INFO]: ✅ Embedding generated {
  "textLength": 3157,
  "vectorLength": 1536,
  "nonZeroValues": 848
}
2025-11-23 00:31:24 [INFO]: 🔍 Vector store attempting to store {
  "id": "e80faf3a-b311-4565-ba50-f73a069fbc6b:ValidatorAgent-1763838084609",
  "vectorType": "object",
  "isArray": true,
  "vectorLength": 1536,
  "expectedDimension": 1536,
  "firstFewValues": [
    0,
    0,
    0.009234354386175439,
    0.009234354386175439,
    0
  ]
}
2025-11-23 00:31:24 [INFO]: 📦 Vector stored {
  "id": "e80faf3a-b311-4565-ba50-f73a069fbc6b:ValidatorAgent-1763838084609",
  "dimension": 1536,
  "metadata": [
    "conversationId",
    "messageId",
    "content",
    "role",
    "type"
  ]
}
2025-11-23 00:31:24 [INFO]: 💬 Conversation context stored {
  "conversationId": "e80faf3a-b311-4565-ba50-f73a069fbc6b",
  "messageId": "ValidatorAgent-1763838084609",
  "role": "assistant",
  "contentLength": 3157
}
2025-11-23 00:31:24 [INFO]: ✅ ValidatorAgent completed successfully {
  "agent": "ValidatorAgent",
  "confidence": 0.7999999999999998,
  "outputSize": 3157
}
2025-11-23 00:31:24 [INFO]: 🔧 Workflow step: validation_concerns {
  "workflowId": "workflow_1763838080089_9dynia3k3",
  "score": 60
}
2025-11-23 00:31:24 [INFO]: 🔧 Workflow step: explain_step {
  "workflowId": "workflow_1763838080089_9dynia3k3"
}
2025-11-23 00:31:24 [INFO]: 🚀 Starting ExplainerAgent {
  "agent": "ExplainerAgent",
  "inputSize": 7155
}
2025-11-23 00:31:24 [INFO]: ✅ Embedding generated {
  "textLength": 7045,
  "vectorLength": 1536,
  "nonZeroValues": 1011
}
2025-11-23 00:31:24 [INFO]: 🔍 Vector store search query {
  "vectorType": "object",
  "isArray": true,
  "vectorLength": 1536,
  "expectedDimension": 1536,
  "firstFewValues": [
    0.004166377344952141,
    0,
    0.016665509379808565,
    0.016665509379808565,
    0
  ]
}
2025-11-23 00:31:24 [INFO]: 🔍 Vector search completed {
  "queryDimension": 1536,
  "totalVectors": 6,
  "resultsFound": 0,
  "threshold": 0.7
}
2025-11-23 00:31:24 [INFO]: 🔍 Vector store search query {
  "vectorType": "object",
  "isArray": true,
  "vectorLength": 1536,
  "expectedDimension": 1536,
  "firstFewValues": [
    0.004166377344952141,
    0,
    0.016665509379808565,
    0.016665509379808565,
    0
  ]
}
2025-11-23 00:31:24 [INFO]: 🔍 Vector search completed {
  "queryDimension": 1536,
  "totalVectors": 6,
  "resultsFound": 0,
  "threshold": 0.7
}
2025-11-23 00:31:24 [INFO]: 🔍 Vector store search query {
  "vectorType": "object",
  "isArray": true,
  "vectorLength": 1536,
  "expectedDimension": 1536,
  "firstFewValues": [
    0.004166377344952141,
    0,
    0.016665509379808565,
    0.016665509379808565,
    0
  ]
}
2025-11-23 00:31:24 [INFO]: 🔍 Vector search completed {
  "queryDimension": 1536,
  "totalVectors": 6,
  "resultsFound": 0,
  "threshold": 0.7
}
2025-11-23 00:31:24 [INFO]: 🎯 Retrieved relevant context {
  "conversationId": "e80faf3a-b311-4565-ba50-f73a069fbc6b",
  "conversationItems": 0,
  "codePatterns": 0,
  "entities": 0
}
2025-11-23 00:31:24 [INFO]: 🤖 Generating AI content {
  "provider": "gemini",
  "mockMode": false,
  "promptLength": 9209,
  "temperature": 0.5,
  "maxTokens": 6000
}
2025-11-23 00:31:24 [ERROR]: ❌ AI generation failed {
  "error": "Not Found (404): Incorrect API endpoint URL - Not Found"
}
2025-11-23 00:31:24 [WARN]: 🔄 Falling back to mock response due to API failure 
2025-11-23 00:31:25 [INFO]: 🎭 Generating mock response {
  "promptType": "parser",
  "promptLength": 9209
}
2025-11-23 00:31:25 [INFO]: ✅ Embedding generated {
  "textLength": 5004,
  "vectorLength": 1536,
  "nonZeroValues": 835
}
2025-11-23 00:31:25 [INFO]: 🔍 Vector store attempting to store {
  "id": "explanation_1763838085671",
  "vectorType": "object",
  "isArray": true,
  "vectorLength": 1536,
  "expectedDimension": 1536,
  "firstFewValues": [
    0,
    0,
    0.005166941024166455,
    0.01033388204833291,
    0.015500823072499365
  ]
}
2025-11-23 00:31:25 [INFO]: 📦 Vector stored {
  "id": "explanation_1763838085671",
  "dimension": 1536,
  "metadata": [
    "entityType",
    "code",
    "language",
    "explanationType",
    "targetAudience",
    "sectionCount",
    "insightCount",
    "createdAt"
  ]
}
2025-11-23 00:31:25 [INFO]: 🔗 Node added to graph {
  "id": "explanation_1763838085671",
  "type": "explanation",
  "propertiesCount": 6
}
2025-11-23 00:31:25 [INFO]: 💾 COBOL entity stored {
  "entityId": "explanation_1763838085671",
  "entityType": "explanation",
  "codeLength": 5004
}
2025-11-23 00:31:25 [INFO]: ✅ Embedding generated {
  "textLength": 5004,
  "vectorLength": 1536,
  "nonZeroValues": 835
}
2025-11-23 00:31:25 [INFO]: 🔍 Vector store attempting to store {
  "id": "e80faf3a-b311-4565-ba50-f73a069fbc6b:ExplainerAgent-1763838085687",
  "vectorType": "object",
  "isArray": true,
  "vectorLength": 1536,
  "expectedDimension": 1536,
  "firstFewValues": [
    0,
    0,
    0.005166941024166455,
    0.01033388204833291,
    0.015500823072499365
  ]
}
2025-11-23 00:31:25 [INFO]: 📦 Vector stored {
  "id": "e80faf3a-b311-4565-ba50-f73a069fbc6b:ExplainerAgent-1763838085687",
  "dimension": 1536,
  "metadata": [
    "conversationId",
    "messageId",
    "content",
    "role",
    "type"
  ]
}
2025-11-23 00:31:25 [INFO]: 💬 Conversation context stored {
  "conversationId": "e80faf3a-b311-4565-ba50-f73a069fbc6b",
  "messageId": "ExplainerAgent-1763838085687",
  "role": "assistant",
  "contentLength": 5004
}
2025-11-23 00:31:25 [INFO]: ✅ ExplainerAgent completed successfully {
  "agent": "ExplainerAgent",
  "confidence": 0.8999999999999999,
  "outputSize": 5004
}
2025-11-23 00:31:25 [INFO]: 🔧 Workflow step: workflow_completed {
  "workflowId": "workflow_1763838080089_9dynia3k3",
  "workflowType": "full_modernization",
  "duration": 5615,
  "success": true
}
2025-11-23 00:31:25 [INFO]: Job e80faf3a-b311-4565-ba50-f73a069fbc6b: Pipeline completed 
2025-11-23 00:31:25 [INFO]: Job e80faf3a-b311-4565-ba50-f73a069fbc6b: Processing completed successfully 
2025-11-23 00:31:25 [INFO]: ✅ Job e80faf3a-b311-4565-ba50-f73a069fbc6b completed successfully - processed 2 files 
2025-11-23 00:34:30 [INFO]: 🚀 Initializing AI Modernization Assistant... 
2025-11-23 00:34:30 [INFO]: 🤖 AI Client initialized {
  "provider": "gemini",
  "mockMode": false,
  "hasApiKey": true
}
2025-11-23 00:34:30 [INFO]: ✅ AI system initialized successfully 
2025-11-23 00:34:30 [INFO]: 🌟 AI Modernization Assistant server running on port 3001 
2025-11-23 00:34:30 [INFO]: 📁 Upload directory: D:\mumbaiHack\404-KILLERS\engine\uploads 
2025-11-23 00:34:30 [INFO]: 🔧 Environment: development 
2025-11-23 00:34:30 [INFO]: 🤖 AI Provider: gemini 
2025-11-23 00:34:30 [INFO]: 🔑 API Key configured: true 
2025-11-23 00:36:40 [INFO]: 🔄 Received SIGINT, shutting down gracefully... 
2025-11-23 00:37:55 [INFO]: 🚀 Initializing AI Modernization Assistant... 
2025-11-23 00:37:55 [INFO]: 🤖 AI Client initialized {
  "provider": "gemini",
  "mockMode": false,
  "hasApiKey": true
}
2025-11-23 00:37:55 [INFO]: ✅ AI system initialized successfully 
2025-11-23 00:37:55 [INFO]: 🌟 AI Modernization Assistant server running on port 3001 
2025-11-23 00:37:55 [INFO]: 📁 Upload directory: D:\mumbaiHack\404-KILLERS\engine\uploads 
2025-11-23 00:37:55 [INFO]: 🔧 Environment: development 
2025-11-23 00:37:55 [INFO]: 🤖 AI Provider: gemini 
2025-11-23 00:37:55 [INFO]: 🔑 API Key configured: true 
2025-11-23 00:41:06 [INFO]: 📁 File upload received: 2 file(s) 
2025-11-23 00:41:06 [INFO]:   - INVENTORY.CPY (506 bytes) 
2025-11-23 00:41:06 [INFO]:   - INVENTORY.DAT (340 bytes) 
2025-11-23 00:41:06 [INFO]: Job c5c15fc9-457e-4ab7-80ba-1af007bdf6ac: Starting analysis of 2 files... 
2025-11-23 00:41:06 [INFO]: 📊 File breakdown: 1 .cpy, 1 .dat, 0 other 
2025-11-23 00:41:06 [INFO]: Job c5c15fc9-457e-4ab7-80ba-1af007bdf6ac: Processing INVENTORY.CPY... 
2025-11-23 00:41:06 [INFO]: 📄 Starting file chunking {
  "filePath": "files-1763838666834-669075704.CPY",
  "maxChunkSize": 4000,
  "overlap": 200,
  "strategy": "auto"
}
2025-11-23 00:41:06 [INFO]: Job c5c15fc9-457e-4ab7-80ba-1af007bdf6ac: Processing INVENTORY.DAT... 
2025-11-23 00:41:06 [INFO]: 📄 Starting file chunking {
  "filePath": "files-1763838666841-869358996.DAT",
  "maxChunkSize": 4000,
  "overlap": 200,
  "strategy": "auto"
}
2025-11-23 00:41:07 [INFO]: Job c5c15fc9-457e-4ab7-80ba-1af007bdf6ac: Combined 2 chunks from 2 files 
2025-11-23 00:41:07 [INFO]: Job c5c15fc9-457e-4ab7-80ba-1af007bdf6ac: Starting modernization pipeline... 
2025-11-23 00:41:07 [INFO]: 🔧 Workflow step: workflow_started {
  "workflowId": "workflow_1763838667011_cncwuffnq",
  "workflowType": "full_modernization",
  "input": "object"
}
2025-11-23 00:41:07 [INFO]: 🔧 Workflow step: parse_step {
  "workflowId": "workflow_1763838667011_cncwuffnq"
}
2025-11-23 00:41:07 [INFO]: 🚀 Starting ParserAgent {
  "agent": "ParserAgent",
  "inputSize": 2427
}
2025-11-23 00:41:07 [INFO]: 🤖 Generating AI content {
  "provider": "gemini",
  "mockMode": false,
  "promptLength": 1144,
  "temperature": 0.3,
  "maxTokens": 4000
}
2025-11-23 00:41:07 [ERROR]: ❌ AI generation failed {
  "error": "Not Found (404): Incorrect API endpoint URL - Not Found"
}
2025-11-23 00:41:07 [WARN]: 🔄 Falling back to mock response due to API failure 
2025-11-23 00:41:09 [INFO]: 🎭 Generating mock response {
  "promptType": "parser",
  "promptLength": 1144
}
2025-11-23 00:41:09 [INFO]: ✅ Embedding generated {
  "textLength": 1211,
  "vectorLength": 1536,
  "nonZeroValues": 491
}
2025-11-23 00:41:09 [INFO]: 🔍 Vector store attempting to store {
  "id": "SAMPLE_PROGRAM",
  "vectorType": "object",
  "isArray": true,
  "vectorLength": 1536,
  "expectedDimension": 1536,
  "firstFewValues": [
    0.0200360974925215,
    0,
    0.0200360974925215,
    0.1402526824476505,
    0.0200360974925215
  ]
}
2025-11-23 00:41:09 [INFO]: 📦 Vector stored {
  "id": "SAMPLE_PROGRAM",
  "dimension": 1536,
  "metadata": [
    "entityType",
    "code",
    "language",
    "analysisResult",
    "qualityMetrics",
    "lastAnalyzed"
  ]
}
2025-11-23 00:41:09 [INFO]: 🔗 Node added to graph {
  "id": "SAMPLE_PROGRAM",
  "type": "cobol_program",
  "propertiesCount": 5
}
2025-11-23 00:41:09 [INFO]: 💾 COBOL entity stored {
  "entityId": "SAMPLE_PROGRAM",
  "entityType": "program",
  "codeLength": 918
}
2025-11-23 00:41:09 [ERROR]: ❌ Failed to add edge {
  "fromId": "SAMPLE_PROGRAM",
  "toId": "COPYLIB1",
  "relationType": "copy",
  "error": "Source or target node not found: SAMPLE_PROGRAM -> COPYLIB1"
}
2025-11-23 00:41:09 [ERROR]: ❌ Failed to store relationship {
  "fromEntity": "SAMPLE_PROGRAM",
  "toEntity": "COPYLIB1",
  "relationType": "copy",
  "error": "Source or target node not found: SAMPLE_PROGRAM -> COPYLIB1"
}
2025-11-23 00:41:09 [INFO]: ✅ Embedding generated {
  "textLength": 1211,
  "vectorLength": 1536,
  "nonZeroValues": 491
}
2025-11-23 00:41:09 [INFO]: 🔍 Vector store attempting to store {
  "id": "c5c15fc9-457e-4ab7-80ba-1af007bdf6ac:ParserAgent-1763838669380",
  "vectorType": "object",
  "isArray": true,
  "vectorLength": 1536,
  "expectedDimension": 1536,
  "firstFewValues": [
    0.0200360974925215,
    0,
    0.0200360974925215,
    0.1402526824476505,
    0.0200360974925215
  ]
}
2025-11-23 00:41:09 [INFO]: 📦 Vector stored {
  "id": "c5c15fc9-457e-4ab7-80ba-1af007bdf6ac:ParserAgent-1763838669380",
  "dimension": 1536,
  "metadata": [
    "conversationId",
    "messageId",
    "content",
    "role",
    "type"
  ]
}
2025-11-23 00:41:09 [INFO]: 💬 Conversation context stored {
  "conversationId": "c5c15fc9-457e-4ab7-80ba-1af007bdf6ac",
  "messageId": "ParserAgent-1763838669380",
  "role": "assistant",
  "contentLength": 1211
}
2025-11-23 00:41:09 [INFO]: ✅ ParserAgent completed successfully {
  "agent": "ParserAgent",
  "confidence": 0.95,
  "outputSize": 1211
}
2025-11-23 00:41:09 [INFO]: 🔧 Workflow step: modernize_step {
  "workflowId": "workflow_1763838667011_cncwuffnq"
}
2025-11-23 00:41:09 [INFO]: 🚀 Starting ModernizerAgent {
  "agent": "ModernizerAgent",
  "inputSize": 2287
}
2025-11-23 00:41:09 [INFO]: ✅ Embedding generated {
  "textLength": 1211,
  "vectorLength": 1536,
  "nonZeroValues": 491
}
2025-11-23 00:41:09 [INFO]: 🔍 Vector store search query {
  "vectorType": "object",
  "isArray": true,
  "vectorLength": 1536,
  "expectedDimension": 1536,
  "firstFewValues": [
    0.0200360974925215,
    0,
    0.0200360974925215,
    0.1402526824476505,
    0.0200360974925215
  ]
}
2025-11-23 00:41:09 [INFO]: 🔍 Vector search completed {
  "queryDimension": 1536,
  "totalVectors": 2,
  "resultsFound": 1,
  "threshold": 0.7
}
2025-11-23 00:41:09 [INFO]: 🔍 Vector store search query {
  "vectorType": "object",
  "isArray": true,
  "vectorLength": 1536,
  "expectedDimension": 1536,
  "firstFewValues": [
    0.0200360974925215,
    0,
    0.0200360974925215,
    0.1402526824476505,
    0.0200360974925215
  ]
}
2025-11-23 00:41:09 [INFO]: 🔍 Vector search completed {
  "queryDimension": 1536,
  "totalVectors": 2,
  "resultsFound": 0,
  "threshold": 0.7
}
2025-11-23 00:41:09 [INFO]: 🔍 Vector store search query {
  "vectorType": "object",
  "isArray": true,
  "vectorLength": 1536,
  "expectedDimension": 1536,
  "firstFewValues": [
    0.0200360974925215,
    0,
    0.0200360974925215,
    0.1402526824476505,
    0.0200360974925215
  ]
}
2025-11-23 00:41:09 [INFO]: 🔍 Vector search completed {
  "queryDimension": 1536,
  "totalVectors": 2,
  "resultsFound": 1,
  "threshold": 0.7
}
2025-11-23 00:41:09 [INFO]: 🎯 Retrieved relevant context {
  "conversationId": "c5c15fc9-457e-4ab7-80ba-1af007bdf6ac",
  "conversationItems": 1,
  "codePatterns": 0,
  "entities": 1
}
2025-11-23 00:41:09 [INFO]: 🤖 Generating AI content {
  "provider": "gemini",
  "mockMode": false,
  "promptLength": 3394,
  "temperature": 0.4,
  "maxTokens": 6000
}
2025-11-23 00:41:09 [ERROR]: ❌ AI generation failed {
  "error": "Not Found (404): Incorrect API endpoint URL - Not Found"
}
2025-11-23 00:41:09 [WARN]: 🔄 Falling back to mock response due to API failure 
2025-11-23 00:41:10 [INFO]: 🎭 Generating mock response {
  "promptType": "parser",
  "promptLength": 3394
}
2025-11-23 00:41:10 [INFO]: ✅ Embedding generated {
  "textLength": 2634,
  "vectorLength": 1536,
  "nonZeroValues": 736
}
2025-11-23 00:41:10 [INFO]: 🔍 Vector store attempting to store {
  "id": "SAMPLE_PROGRAM_modern_Java",
  "vectorType": "object",
  "isArray": true,
  "vectorLength": 1536,
  "expectedDimension": 1536,
  "firstFewValues": [
    0,
    0,
    0.01023610623790437,
    0,
    0.01023610623790437
  ]
}
2025-11-23 00:41:11 [INFO]: 📦 Vector stored {
  "id": "SAMPLE_PROGRAM_modern_Java",
  "dimension": 1536,
  "metadata": [
    "entityType",
    "code",
    "language",
    "originalProgram",
    "targetLanguage",
    "targetFramework",
    "modernizationMetrics",
    "migrationPlan",
    "lastModernized"
  ]
}
2025-11-23 00:41:11 [INFO]: 🔗 Node added to graph {
  "id": "SAMPLE_PROGRAM_modern_Java",
  "type": "modernized_program",
  "propertiesCount": 7
}
2025-11-23 00:41:11 [INFO]: 💾 COBOL entity stored {
  "entityId": "SAMPLE_PROGRAM_modern_Java",
  "entityType": "modernized_program",
  "codeLength": 117
}
2025-11-23 00:41:11 [INFO]: ➡️ Edge added to graph {
  "from": "SAMPLE_PROGRAM",
  "to": "SAMPLE_PROGRAM_modern_Java",
  "type": "modernized_to"
}
2025-11-23 00:41:11 [INFO]: 🔗 Relationship stored {
  "from": "SAMPLE_PROGRAM",
  "to": "SAMPLE_PROGRAM_modern_Java",
  "type": "modernized_to"
}
2025-11-23 00:41:11 [INFO]: ✅ Embedding generated {
  "textLength": 2634,
  "vectorLength": 1536,
  "nonZeroValues": 736
}
2025-11-23 00:41:11 [INFO]: 🔍 Vector store attempting to store {
  "id": "c5c15fc9-457e-4ab7-80ba-1af007bdf6ac:ModernizerAgent-1763838671126",
  "vectorType": "object",
  "isArray": true,
  "vectorLength": 1536,
  "expectedDimension": 1536,
  "firstFewValues": [
    0,
    0,
    0.01023610623790437,
    0,
    0.01023610623790437
  ]
}
2025-11-23 00:41:11 [INFO]: 📦 Vector stored {
  "id": "c5c15fc9-457e-4ab7-80ba-1af007bdf6ac:ModernizerAgent-1763838671126",
  "dimension": 1536,
  "metadata": [
    "conversationId",
    "messageId",
    "content",
    "role",
    "type"
  ]
}
2025-11-23 00:41:11 [INFO]: 💬 Conversation context stored {
  "conversationId": "c5c15fc9-457e-4ab7-80ba-1af007bdf6ac",
  "messageId": "ModernizerAgent-1763838671126",
  "role": "assistant",
  "contentLength": 2634
}
2025-11-23 00:41:11 [INFO]: ✅ ModernizerAgent completed successfully {
  "agent": "ModernizerAgent",
  "confidence": 0.7,
  "outputSize": 2634
}
2025-11-23 00:41:11 [INFO]: 🔧 Workflow step: validate_step {
  "workflowId": "workflow_1763838667011_cncwuffnq"
}
2025-11-23 00:41:11 [INFO]: 🚀 Starting ValidatorAgent {
  "agent": "ValidatorAgent",
  "inputSize": 3935
}
2025-11-23 00:41:11 [INFO]: ✅ Embedding generated {
  "textLength": 2634,
  "vectorLength": 1536,
  "nonZeroValues": 736
}
2025-11-23 00:41:11 [INFO]: 🔍 Vector store search query {
  "vectorType": "object",
  "isArray": true,
  "vectorLength": 1536,
  "expectedDimension": 1536,
  "firstFewValues": [
    0,
    0,
    0.01023610623790437,
    0,
    0.01023610623790437
  ]
}
2025-11-23 00:41:11 [INFO]: 🔍 Vector search completed {
  "queryDimension": 1536,
  "totalVectors": 4,
  "resultsFound": 1,
  "threshold": 0.7
}
2025-11-23 00:41:11 [INFO]: 🔍 Vector store search query {
  "vectorType": "object",
  "isArray": true,
  "vectorLength": 1536,
  "expectedDimension": 1536,
  "firstFewValues": [
    0,
    0,
    0.01023610623790437,
    0,
    0.01023610623790437
  ]
}
2025-11-23 00:41:11 [INFO]: 🔍 Vector search completed {
  "queryDimension": 1536,
  "totalVectors": 4,
  "resultsFound": 0,
  "threshold": 0.7
}
2025-11-23 00:41:11 [INFO]: 🔍 Vector store search query {
  "vectorType": "object",
  "isArray": true,
  "vectorLength": 1536,
  "expectedDimension": 1536,
  "firstFewValues": [
    0,
    0,
    0.01023610623790437,
    0,
    0.01023610623790437
  ]
}
2025-11-23 00:41:11 [INFO]: 🔍 Vector search completed {
  "queryDimension": 1536,
  "totalVectors": 4,
  "resultsFound": 1,
  "threshold": 0.7
}
2025-11-23 00:41:11 [INFO]: 🎯 Retrieved relevant context {
  "conversationId": "c5c15fc9-457e-4ab7-80ba-1af007bdf6ac",
  "conversationItems": 1,
  "codePatterns": 0,
  "entities": 1
}
2025-11-23 00:41:11 [INFO]: 🤖 Generating AI content {
  "provider": "gemini",
  "mockMode": false,
  "promptLength": 5759,
  "temperature": 0.2,
  "maxTokens": 5000
}
2025-11-23 00:41:11 [ERROR]: ❌ AI generation failed {
  "error": "Not Found (404): Incorrect API endpoint URL - Not Found"
}
2025-11-23 00:41:11 [WARN]: 🔄 Falling back to mock response due to API failure 
2025-11-23 00:41:13 [INFO]: 🎭 Generating mock response {
  "promptType": "parser",
  "promptLength": 5759
}
2025-11-23 00:41:13 [INFO]: ✅ Embedding generated {
  "textLength": 3157,
  "vectorLength": 1536,
  "nonZeroValues": 849
}
2025-11-23 00:41:13 [INFO]: 🔍 Vector store attempting to store {
  "id": "SAMPLE_PROGRAM_validation_1763838673124",
  "vectorType": "object",
  "isArray": true,
  "vectorLength": 1536,
  "expectedDimension": 1536,
  "firstFewValues": [
    0,
    0,
    0.009239871433627303,
    0.009239871433627303,
    0
  ]
}
2025-11-23 00:41:13 [INFO]: 📦 Vector stored {
  "id": "SAMPLE_PROGRAM_validation_1763838673124",
  "dimension": 1536,
  "metadata": [
    "entityType",
    "code",
    "language",
    "originalProgram",
    "overallScore",
    "status",
    "issueCount",
    "validatedAt"
  ]
}
2025-11-23 00:41:13 [INFO]: 🔗 Node added to graph {
  "id": "SAMPLE_PROGRAM_validation_1763838673124",
  "type": "validation_result",
  "propertiesCount": 6
}
2025-11-23 00:41:13 [INFO]: 💾 COBOL entity stored {
  "entityId": "SAMPLE_PROGRAM_validation_1763838673124",
  "entityType": "validation_result",
  "codeLength": 3157
}
2025-11-23 00:41:13 [INFO]: ➡️ Edge added to graph {
  "from": "SAMPLE_PROGRAM_modern_Java",
  "to": "SAMPLE_PROGRAM_validation_1763838673124",
  "type": "validated_by"
}
2025-11-23 00:41:13 [INFO]: 🔗 Relationship stored {
  "from": "SAMPLE_PROGRAM_modern_Java",
  "to": "SAMPLE_PROGRAM_validation_1763838673124",
  "type": "validated_by"
}
2025-11-23 00:41:13 [INFO]: ✅ Embedding generated {
  "textLength": 3157,
  "vectorLength": 1536,
  "nonZeroValues": 849
}
2025-11-23 00:41:13 [INFO]: 🔍 Vector store attempting to store {
  "id": "c5c15fc9-457e-4ab7-80ba-1af007bdf6ac:ValidatorAgent-1763838673131",
  "vectorType": "object",
  "isArray": true,
  "vectorLength": 1536,
  "expectedDimension": 1536,
  "firstFewValues": [
    0,
    0,
    0.009239871433627303,
    0.009239871433627303,
    0
  ]
}
2025-11-23 00:41:13 [INFO]: 📦 Vector stored {
  "id": "c5c15fc9-457e-4ab7-80ba-1af007bdf6ac:ValidatorAgent-1763838673131",
  "dimension": 1536,
  "metadata": [
    "conversationId",
    "messageId",
    "content",
    "role",
    "type"
  ]
}
2025-11-23 00:41:13 [INFO]: 💬 Conversation context stored {
  "conversationId": "c5c15fc9-457e-4ab7-80ba-1af007bdf6ac",
  "messageId": "ValidatorAgent-1763838673131",
  "role": "assistant",
  "contentLength": 3157
}
2025-11-23 00:41:13 [INFO]: ✅ ValidatorAgent completed successfully {
  "agent": "ValidatorAgent",
  "confidence": 0.7999999999999998,
  "outputSize": 3157
}
2025-11-23 00:41:13 [INFO]: 🔧 Workflow step: validation_concerns {
  "workflowId": "workflow_1763838667011_cncwuffnq",
  "score": 60
}
2025-11-23 00:41:13 [INFO]: 🔧 Workflow step: explain_step {
  "workflowId": "workflow_1763838667011_cncwuffnq"
}
2025-11-23 00:41:13 [INFO]: 🚀 Starting ExplainerAgent {
  "agent": "ExplainerAgent",
  "inputSize": 7155
}
2025-11-23 00:41:13 [INFO]: ✅ Embedding generated {
  "textLength": 7045,
  "vectorLength": 1536,
  "nonZeroValues": 1007
}
2025-11-23 00:41:13 [INFO]: 🔍 Vector store search query {
  "vectorType": "object",
  "isArray": true,
  "vectorLength": 1536,
  "expectedDimension": 1536,
  "firstFewValues": [
    0.004218245406095974,
    0,
    0.04218245406095975,
    0.004218245406095974,
    0
  ]
}
2025-11-23 00:41:13 [INFO]: 🔍 Vector search completed {
  "queryDimension": 1536,
  "totalVectors": 6,
  "resultsFound": 0,
  "threshold": 0.7
}
2025-11-23 00:41:13 [INFO]: 🔍 Vector store search query {
  "vectorType": "object",
  "isArray": true,
  "vectorLength": 1536,
  "expectedDimension": 1536,
  "firstFewValues": [
    0.004218245406095974,
    0,
    0.04218245406095975,
    0.004218245406095974,
    0
  ]
}
2025-11-23 00:41:13 [INFO]: 🔍 Vector search completed {
  "queryDimension": 1536,
  "totalVectors": 6,
  "resultsFound": 0,
  "threshold": 0.7
}
2025-11-23 00:41:13 [INFO]: 🔍 Vector store search query {
  "vectorType": "object",
  "isArray": true,
  "vectorLength": 1536,
  "expectedDimension": 1536,
  "firstFewValues": [
    0.004218245406095974,
    0,
    0.04218245406095975,
    0.004218245406095974,
    0
  ]
}
2025-11-23 00:41:13 [INFO]: 🔍 Vector search completed {
  "queryDimension": 1536,
  "totalVectors": 6,
  "resultsFound": 0,
  "threshold": 0.7
}
2025-11-23 00:41:13 [INFO]: 🎯 Retrieved relevant context {
  "conversationId": "c5c15fc9-457e-4ab7-80ba-1af007bdf6ac",
  "conversationItems": 0,
  "codePatterns": 0,
  "entities": 0
}
2025-11-23 00:41:13 [INFO]: 🤖 Generating AI content {
  "provider": "gemini",
  "mockMode": false,
  "promptLength": 9209,
  "temperature": 0.5,
  "maxTokens": 6000
}
2025-11-23 00:41:13 [ERROR]: ❌ AI generation failed {
  "error": "Not Found (404): Incorrect API endpoint URL - Not Found"
}
2025-11-23 00:41:13 [WARN]: 🔄 Falling back to mock response due to API failure 
2025-11-23 00:41:14 [INFO]: 🎭 Generating mock response {
  "promptType": "parser",
  "promptLength": 9209
}
2025-11-23 00:41:14 [INFO]: ✅ Embedding generated {
  "textLength": 5004,
  "vectorLength": 1536,
  "nonZeroValues": 838
}
2025-11-23 00:41:14 [INFO]: 🔍 Vector store attempting to store {
  "id": "explanation_1763838674530",
  "vectorType": "object",
  "isArray": true,
  "vectorLength": 1536,
  "expectedDimension": 1536,
  "firstFewValues": [
    0.015508691826452802,
    0,
    0.010339127884301868,
    0.020678255768603736,
    0
  ]
}
2025-11-23 00:41:14 [INFO]: 📦 Vector stored {
  "id": "explanation_1763838674530",
  "dimension": 1536,
  "metadata": [
    "entityType",
    "code",
    "language",
    "explanationType",
    "targetAudience",
    "sectionCount",
    "insightCount",
    "createdAt"
  ]
}
2025-11-23 00:41:14 [INFO]: 🔗 Node added to graph {
  "id": "explanation_1763838674530",
  "type": "explanation",
  "propertiesCount": 6
}
2025-11-23 00:41:14 [INFO]: 💾 COBOL entity stored {
  "entityId": "explanation_1763838674530",
  "entityType": "explanation",
  "codeLength": 5004
}
2025-11-23 00:41:14 [INFO]: ✅ Embedding generated {
  "textLength": 5004,
  "vectorLength": 1536,
  "nonZeroValues": 838
}
2025-11-23 00:41:14 [INFO]: 🔍 Vector store attempting to store {
  "id": "c5c15fc9-457e-4ab7-80ba-1af007bdf6ac:ExplainerAgent-1763838674574",
  "vectorType": "object",
  "isArray": true,
  "vectorLength": 1536,
  "expectedDimension": 1536,
  "firstFewValues": [
    0.015508691826452802,
    0,
    0.010339127884301868,
    0.020678255768603736,
    0
  ]
}
2025-11-23 00:41:14 [INFO]: 📦 Vector stored {
  "id": "c5c15fc9-457e-4ab7-80ba-1af007bdf6ac:ExplainerAgent-1763838674574",
  "dimension": 1536,
  "metadata": [
    "conversationId",
    "messageId",
    "content",
    "role",
    "type"
  ]
}
2025-11-23 00:41:14 [INFO]: 💬 Conversation context stored {
  "conversationId": "c5c15fc9-457e-4ab7-80ba-1af007bdf6ac",
  "messageId": "ExplainerAgent-1763838674574",
  "role": "assistant",
  "contentLength": 5004
}
2025-11-23 00:41:14 [INFO]: ✅ ExplainerAgent completed successfully {
  "agent": "ExplainerAgent",
  "confidence": 0.8999999999999999,
  "outputSize": 5004
}
2025-11-23 00:41:14 [INFO]: 🔧 Workflow step: workflow_completed {
  "workflowId": "workflow_1763838667011_cncwuffnq",
  "workflowType": "full_modernization",
  "duration": 7586,
  "success": true
}
2025-11-23 00:41:14 [INFO]: Job c5c15fc9-457e-4ab7-80ba-1af007bdf6ac: Pipeline completed 
2025-11-23 00:41:14 [INFO]: Job c5c15fc9-457e-4ab7-80ba-1af007bdf6ac: Processing completed successfully 
2025-11-23 00:41:14 [INFO]: ✅ Job c5c15fc9-457e-4ab7-80ba-1af007bdf6ac completed successfully - processed 2 files 
2025-11-23 00:42:28 [INFO]: 🔄 Received SIGINT, shutting down gracefully... 
2025-11-23 00:45:48 [INFO]: 🚀 Initializing AI Modernization Assistant... 
2025-11-23 00:45:48 [INFO]: 🤖 AI Client initialized {
  "provider": "gemini",
  "mockMode": false,
  "hasApiKey": true
}
2025-11-23 00:45:48 [INFO]: ✅ AI system initialized successfully 
2025-11-23 00:45:48 [INFO]: 🌟 AI Modernization Assistant server running on port 3001 
2025-11-23 00:45:48 [INFO]: 📁 Upload directory: D:\mumbaiHack\404-KILLERS\engine\uploads 
2025-11-23 00:45:48 [INFO]: 🔧 Environment: development 
2025-11-23 00:45:48 [INFO]: 🤖 AI Provider: gemini 
2025-11-23 00:45:48 [INFO]: 🔑 API Key configured: true 
2025-11-23 00:46:01 [INFO]: 📁 File upload received: 2 file(s) 
2025-11-23 00:46:01 [INFO]:   - CLAIMS.DAT (340 bytes) 
2025-11-23 00:46:01 [INFO]:   - CLAIMS.CPY (644 bytes) 
2025-11-23 00:46:01 [INFO]: Job 0f8fe3b0-15a1-4549-b92c-b782d6580dcf: Starting analysis of 2 files... 
2025-11-23 00:46:01 [INFO]: 📊 File breakdown: 1 .cpy, 1 .dat, 0 other 
2025-11-23 00:46:01 [INFO]: Job 0f8fe3b0-15a1-4549-b92c-b782d6580dcf: Processing CLAIMS.DAT... 
2025-11-23 00:46:01 [INFO]: 📄 Starting file chunking {
  "filePath": "files-1763838961745-931416002.DAT",
  "maxChunkSize": 4000,
  "overlap": 200,
  "strategy": "auto"
}
2025-11-23 00:46:01 [INFO]: Job 0f8fe3b0-15a1-4549-b92c-b782d6580dcf: Processing CLAIMS.CPY... 
2025-11-23 00:46:01 [INFO]: 📄 Starting file chunking {
  "filePath": "files-1763838961747-690049293.CPY",
  "maxChunkSize": 4000,
  "overlap": 200,
  "strategy": "auto"
}
2025-11-23 00:46:01 [INFO]: Job 0f8fe3b0-15a1-4549-b92c-b782d6580dcf: Combined 2 chunks from 2 files 
2025-11-23 00:46:01 [INFO]: Job 0f8fe3b0-15a1-4549-b92c-b782d6580dcf: Starting modernization pipeline... 
2025-11-23 00:46:01 [INFO]: 🔧 Workflow step: workflow_started {
  "workflowId": "workflow_1763838961945_i7nbcptup",
  "workflowType": "full_modernization",
  "input": "object"
}
2025-11-23 00:46:01 [INFO]: 🔧 Workflow step: parse_step {
  "workflowId": "workflow_1763838961945_i7nbcptup"
}
2025-11-23 00:46:01 [INFO]: 🚀 Starting ParserAgent {
  "agent": "ParserAgent",
  "inputSize": 2691
}
2025-11-23 00:46:01 [INFO]: 🤖 Generating AI content {
  "provider": "gemini",
  "mockMode": false,
  "promptLength": 1270,
  "temperature": 0.3,
  "maxTokens": 4000
}
2025-11-23 00:46:02 [ERROR]: ❌ AI generation failed {
  "error": "Not Found (404): Incorrect API endpoint URL - Not Found"
}
2025-11-23 00:46:02 [WARN]: 🔄 Falling back to mock response due to API failure 
2025-11-23 00:46:03 [INFO]: 🎭 Generating mock response {
  "promptType": "parser",
  "promptLength": 1270
}
2025-11-23 00:46:03 [INFO]: ✅ Embedding generated {
  "textLength": 1211,
  "vectorLength": 1536,
  "nonZeroValues": 493
}
2025-11-23 00:46:03 [INFO]: 🔍 Vector store attempting to store {
  "id": "SAMPLE_PROGRAM",
  "vectorType": "object",
  "isArray": true,
  "vectorLength": 1536,
  "expectedDimension": 1536,
  "firstFewValues": [
    0.020076435961970583,
    0,
    0,
    0,
    0
  ]
}
2025-11-23 00:46:03 [INFO]: 📦 Vector stored {
  "id": "SAMPLE_PROGRAM",
  "dimension": 1536,
  "metadata": [
    "entityType",
    "code",
    "language",
    "analysisResult",
    "qualityMetrics",
    "lastAnalyzed"
  ]
}
2025-11-23 00:46:03 [INFO]: 🔗 Node added to graph {
  "id": "SAMPLE_PROGRAM",
  "type": "cobol_program",
  "propertiesCount": 5
}
2025-11-23 00:46:03 [INFO]: 💾 COBOL entity stored {
  "entityId": "SAMPLE_PROGRAM",
  "entityType": "program",
  "codeLength": 1050
}
2025-11-23 00:46:03 [ERROR]: ❌ Failed to add edge {
  "fromId": "SAMPLE_PROGRAM",
  "toId": "COPYLIB1",
  "relationType": "copy",
  "error": "Source or target node not found: SAMPLE_PROGRAM -> COPYLIB1"
}
2025-11-23 00:46:03 [ERROR]: ❌ Failed to store relationship {
  "fromEntity": "SAMPLE_PROGRAM",
  "toEntity": "COPYLIB1",
  "relationType": "copy",
  "error": "Source or target node not found: SAMPLE_PROGRAM -> COPYLIB1"
}
2025-11-23 00:46:03 [INFO]: ✅ Embedding generated {
  "textLength": 1211,
  "vectorLength": 1536,
  "nonZeroValues": 493
}
2025-11-23 00:46:03 [INFO]: 🔍 Vector store attempting to store {
  "id": "0f8fe3b0-15a1-4549-b92c-b782d6580dcf:ParserAgent-1763838963078",
  "vectorType": "object",
  "isArray": true,
  "vectorLength": 1536,
  "expectedDimension": 1536,
  "firstFewValues": [
    0.020076435961970583,
    0,
    0,
    0,
    0
  ]
}
2025-11-23 00:46:03 [INFO]: 📦 Vector stored {
  "id": "0f8fe3b0-15a1-4549-b92c-b782d6580dcf:ParserAgent-1763838963078",
  "dimension": 1536,
  "metadata": [
    "conversationId",
    "messageId",
    "content",
    "role",
    "type"
  ]
}
2025-11-23 00:46:03 [INFO]: 💬 Conversation context stored {
  "conversationId": "0f8fe3b0-15a1-4549-b92c-b782d6580dcf",
  "messageId": "ParserAgent-1763838963078",
  "role": "assistant",
  "contentLength": 1211
}
2025-11-23 00:46:03 [INFO]: ✅ ParserAgent completed successfully {
  "agent": "ParserAgent",
  "confidence": 0.95,
  "outputSize": 1211
}
2025-11-23 00:46:03 [INFO]: 🔧 Workflow step: modernize_step {
  "workflowId": "workflow_1763838961945_i7nbcptup"
}
2025-11-23 00:46:03 [INFO]: 🚀 Starting ModernizerAgent {
  "agent": "ModernizerAgent",
  "inputSize": 2425
}
2025-11-23 00:46:03 [INFO]: ✅ Embedding generated {
  "textLength": 1211,
  "vectorLength": 1536,
  "nonZeroValues": 493
}
2025-11-23 00:46:03 [INFO]: 🔍 Vector store search query {
  "vectorType": "object",
  "isArray": true,
  "vectorLength": 1536,
  "expectedDimension": 1536,
  "firstFewValues": [
    0.020076435961970583,
    0,
    0,
    0,
    0
  ]
}
2025-11-23 00:46:03 [INFO]: 🔍 Vector search completed {
  "queryDimension": 1536,
  "totalVectors": 2,
  "resultsFound": 1,
  "threshold": 0.7
}
2025-11-23 00:46:03 [INFO]: 🔍 Vector store search query {
  "vectorType": "object",
  "isArray": true,
  "vectorLength": 1536,
  "expectedDimension": 1536,
  "firstFewValues": [
    0.020076435961970583,
    0,
    0,
    0,
    0
  ]
}
2025-11-23 00:46:03 [INFO]: 🔍 Vector search completed {
  "queryDimension": 1536,
  "totalVectors": 2,
  "resultsFound": 0,
  "threshold": 0.7
}
2025-11-23 00:46:03 [INFO]: 🔍 Vector store search query {
  "vectorType": "object",
  "isArray": true,
  "vectorLength": 1536,
  "expectedDimension": 1536,
  "firstFewValues": [
    0.020076435961970583,
    0,
    0,
    0,
    0
  ]
}
2025-11-23 00:46:03 [INFO]: 🔍 Vector search completed {
  "queryDimension": 1536,
  "totalVectors": 2,
  "resultsFound": 1,
  "threshold": 0.7
}
2025-11-23 00:46:03 [INFO]: 🎯 Retrieved relevant context {
  "conversationId": "0f8fe3b0-15a1-4549-b92c-b782d6580dcf",
  "conversationItems": 1,
  "codePatterns": 0,
  "entities": 1
}
2025-11-23 00:46:03 [INFO]: 🤖 Generating AI content {
  "provider": "gemini",
  "mockMode": false,
  "promptLength": 3526,
  "temperature": 0.4,
  "maxTokens": 6000
}
2025-11-23 00:46:03 [ERROR]: ❌ AI generation failed {
  "error": "Not Found (404): Incorrect API endpoint URL - Not Found"
}
2025-11-23 00:46:03 [WARN]: 🔄 Falling back to mock response due to API failure 
2025-11-23 00:46:04 [INFO]: 🎭 Generating mock response {
  "promptType": "parser",
  "promptLength": 3526
}
2025-11-23 00:46:04 [INFO]: ✅ Embedding generated {
  "textLength": 2634,
  "vectorLength": 1536,
  "nonZeroValues": 739
}
2025-11-23 00:46:04 [INFO]: 🔍 Vector store attempting to store {
  "id": "SAMPLE_PROGRAM_modern_Java",
  "vectorType": "object",
  "isArray": true,
  "vectorLength": 1536,
  "expectedDimension": 1536,
  "firstFewValues": [
    0,
    0,
    0.010231818863375812,
    0,
    0.010231818863375812
  ]
}
2025-11-23 00:46:04 [INFO]: 📦 Vector stored {
  "id": "SAMPLE_PROGRAM_modern_Java",
  "dimension": 1536,
  "metadata": [
    "entityType",
    "code",
    "language",
    "originalProgram",
    "targetLanguage",
    "targetFramework",
    "modernizationMetrics",
    "migrationPlan",
    "lastModernized"
  ]
}
2025-11-23 00:46:04 [INFO]: 🔗 Node added to graph {
  "id": "SAMPLE_PROGRAM_modern_Java",
  "type": "modernized_program",
  "propertiesCount": 7
}
2025-11-23 00:46:04 [INFO]: 💾 COBOL entity stored {
  "entityId": "SAMPLE_PROGRAM_modern_Java",
  "entityType": "modernized_program",
  "codeLength": 117
}
2025-11-23 00:46:04 [INFO]: ➡️ Edge added to graph {
  "from": "SAMPLE_PROGRAM",
  "to": "SAMPLE_PROGRAM_modern_Java",
  "type": "modernized_to"
}
2025-11-23 00:46:04 [INFO]: 🔗 Relationship stored {
  "from": "SAMPLE_PROGRAM",
  "to": "SAMPLE_PROGRAM_modern_Java",
  "type": "modernized_to"
}
2025-11-23 00:46:04 [INFO]: ✅ Embedding generated {
  "textLength": 2634,
  "vectorLength": 1536,
  "nonZeroValues": 739
}
2025-11-23 00:46:04 [INFO]: 🔍 Vector store attempting to store {
  "id": "0f8fe3b0-15a1-4549-b92c-b782d6580dcf:ModernizerAgent-1763838964957",
  "vectorType": "object",
  "isArray": true,
  "vectorLength": 1536,
  "expectedDimension": 1536,
  "firstFewValues": [
    0,
    0,
    0.010231818863375812,
    0,
    0.010231818863375812
  ]
}
2025-11-23 00:46:04 [INFO]: 📦 Vector stored {
  "id": "0f8fe3b0-15a1-4549-b92c-b782d6580dcf:ModernizerAgent-1763838964957",
  "dimension": 1536,
  "metadata": [
    "conversationId",
    "messageId",
    "content",
    "role",
    "type"
  ]
}
2025-11-23 00:46:04 [INFO]: 💬 Conversation context stored {
  "conversationId": "0f8fe3b0-15a1-4549-b92c-b782d6580dcf",
  "messageId": "ModernizerAgent-1763838964957",
  "role": "assistant",
  "contentLength": 2634
}
2025-11-23 00:46:04 [INFO]: ✅ ModernizerAgent completed successfully {
  "agent": "ModernizerAgent",
  "confidence": 0.7,
  "outputSize": 2634
}
2025-11-23 00:46:04 [INFO]: 🔧 Workflow step: validate_step {
  "workflowId": "workflow_1763838961945_i7nbcptup"
}
2025-11-23 00:46:04 [INFO]: 🚀 Starting ValidatorAgent {
  "agent": "ValidatorAgent",
  "inputSize": 3935
}
2025-11-23 00:46:04 [INFO]: ✅ Embedding generated {
  "textLength": 2634,
  "vectorLength": 1536,
  "nonZeroValues": 739
}
2025-11-23 00:46:04 [INFO]: 🔍 Vector store search query {
  "vectorType": "object",
  "isArray": true,
  "vectorLength": 1536,
  "expectedDimension": 1536,
  "firstFewValues": [
    0,
    0,
    0.010231818863375812,
    0,
    0.010231818863375812
  ]
}
2025-11-23 00:46:05 [INFO]: 🔍 Vector search completed {
  "queryDimension": 1536,
  "totalVectors": 4,
  "resultsFound": 1,
  "threshold": 0.7
}
2025-11-23 00:46:05 [INFO]: 🔍 Vector store search query {
  "vectorType": "object",
  "isArray": true,
  "vectorLength": 1536,
  "expectedDimension": 1536,
  "firstFewValues": [
    0,
    0,
    0.010231818863375812,
    0,
    0.010231818863375812
  ]
}
2025-11-23 00:46:05 [INFO]: 🔍 Vector search completed {
  "queryDimension": 1536,
  "totalVectors": 4,
  "resultsFound": 0,
  "threshold": 0.7
}
2025-11-23 00:46:05 [INFO]: 🔍 Vector store search query {
  "vectorType": "object",
  "isArray": true,
  "vectorLength": 1536,
  "expectedDimension": 1536,
  "firstFewValues": [
    0,
    0,
    0.010231818863375812,
    0,
    0.010231818863375812
  ]
}
2025-11-23 00:46:05 [INFO]: 🔍 Vector search completed {
  "queryDimension": 1536,
  "totalVectors": 4,
  "resultsFound": 1,
  "threshold": 0.7
}
2025-11-23 00:46:05 [INFO]: 🎯 Retrieved relevant context {
  "conversationId": "0f8fe3b0-15a1-4549-b92c-b782d6580dcf",
  "conversationItems": 1,
  "codePatterns": 0,
  "entities": 1
}
2025-11-23 00:46:05 [INFO]: 🤖 Generating AI content {
  "provider": "gemini",
  "mockMode": false,
  "promptLength": 5759,
  "temperature": 0.2,
  "maxTokens": 5000
}
2025-11-23 00:46:05 [ERROR]: ❌ AI generation failed {
  "error": "Not Found (404): Incorrect API endpoint URL - Not Found"
}
2025-11-23 00:46:05 [WARN]: 🔄 Falling back to mock response due to API failure 
2025-11-23 00:46:06 [INFO]: 🎭 Generating mock response {
  "promptType": "parser",
  "promptLength": 5759
}
2025-11-23 00:46:06 [INFO]: ✅ Embedding generated {
  "textLength": 3157,
  "vectorLength": 1536,
  "nonZeroValues": 842
}
2025-11-23 00:46:06 [INFO]: 🔍 Vector store attempting to store {
  "id": "SAMPLE_PROGRAM_validation_1763838966836",
  "vectorType": "object",
  "isArray": true,
  "vectorLength": 1536,
  "expectedDimension": 1536,
  "firstFewValues": [
    0,
    0,
    0.009150467520767057,
    0.009150467520767057,
    0
  ]
}
2025-11-23 00:46:06 [INFO]: 📦 Vector stored {
  "id": "SAMPLE_PROGRAM_validation_1763838966836",
  "dimension": 1536,
  "metadata": [
    "entityType",
    "code",
    "language",
    "originalProgram",
    "overallScore",
    "status",
    "issueCount",
    "validatedAt"
  ]
}
2025-11-23 00:46:06 [INFO]: 🔗 Node added to graph {
  "id": "SAMPLE_PROGRAM_validation_1763838966836",
  "type": "validation_result",
  "propertiesCount": 6
}
2025-11-23 00:46:06 [INFO]: 💾 COBOL entity stored {
  "entityId": "SAMPLE_PROGRAM_validation_1763838966836",
  "entityType": "validation_result",
  "codeLength": 3157
}
2025-11-23 00:46:06 [INFO]: ➡️ Edge added to graph {
  "from": "SAMPLE_PROGRAM_modern_Java",
  "to": "SAMPLE_PROGRAM_validation_1763838966836",
  "type": "validated_by"
}
2025-11-23 00:46:06 [INFO]: 🔗 Relationship stored {
  "from": "SAMPLE_PROGRAM_modern_Java",
  "to": "SAMPLE_PROGRAM_validation_1763838966836",
  "type": "validated_by"
}
2025-11-23 00:46:06 [INFO]: ✅ Embedding generated {
  "textLength": 3157,
  "vectorLength": 1536,
  "nonZeroValues": 842
}
2025-11-23 00:46:06 [INFO]: 🔍 Vector store attempting to store {
  "id": "0f8fe3b0-15a1-4549-b92c-b782d6580dcf:ValidatorAgent-1763838966991",
  "vectorType": "object",
  "isArray": true,
  "vectorLength": 1536,
  "expectedDimension": 1536,
  "firstFewValues": [
    0,
    0,
    0.009150467520767057,
    0.009150467520767057,
    0
  ]
}
2025-11-23 00:46:06 [INFO]: 📦 Vector stored {
  "id": "0f8fe3b0-15a1-4549-b92c-b782d6580dcf:ValidatorAgent-1763838966991",
  "dimension": 1536,
  "metadata": [
    "conversationId",
    "messageId",
    "content",
    "role",
    "type"
  ]
}
2025-11-23 00:46:06 [INFO]: 💬 Conversation context stored {
  "conversationId": "0f8fe3b0-15a1-4549-b92c-b782d6580dcf",
  "messageId": "ValidatorAgent-1763838966991",
  "role": "assistant",
  "contentLength": 3157
}
2025-11-23 00:46:07 [INFO]: ✅ ValidatorAgent completed successfully {
  "agent": "ValidatorAgent",
  "confidence": 0.7999999999999998,
  "outputSize": 3157
}
2025-11-23 00:46:07 [INFO]: 🔧 Workflow step: validation_concerns {
  "workflowId": "workflow_1763838961945_i7nbcptup",
  "score": 60
}
2025-11-23 00:46:07 [INFO]: 🔧 Workflow step: explain_step {
  "workflowId": "workflow_1763838961945_i7nbcptup"
}
2025-11-23 00:46:07 [INFO]: 🚀 Starting ExplainerAgent {
  "agent": "ExplainerAgent",
  "inputSize": 7155
}
2025-11-23 00:46:07 [INFO]: ✅ Embedding generated {
  "textLength": 7045,
  "vectorLength": 1536,
  "nonZeroValues": 1009
}
2025-11-23 00:46:07 [INFO]: 🔍 Vector store search query {
  "vectorType": "object",
  "isArray": true,
  "vectorLength": 1536,
  "expectedDimension": 1536,
  "firstFewValues": [
    0.004212029380051973,
    0.016848117520207893,
    0.008424058760103947,
    0,
    0.02106014690025987
  ]
}
2025-11-23 00:46:07 [INFO]: 🔍 Vector search completed {
  "queryDimension": 1536,
  "totalVectors": 6,
  "resultsFound": 0,
  "threshold": 0.7
}
2025-11-23 00:46:07 [INFO]: 🔍 Vector store search query {
  "vectorType": "object",
  "isArray": true,
  "vectorLength": 1536,
  "expectedDimension": 1536,
  "firstFewValues": [
    0.004212029380051973,
    0.016848117520207893,
    0.008424058760103947,
    0,
    0.02106014690025987
  ]
}
2025-11-23 00:46:07 [INFO]: 🔍 Vector search completed {
  "queryDimension": 1536,
  "totalVectors": 6,
  "resultsFound": 0,
  "threshold": 0.7
}
2025-11-23 00:46:07 [INFO]: 🔍 Vector store search query {
  "vectorType": "object",
  "isArray": true,
  "vectorLength": 1536,
  "expectedDimension": 1536,
  "firstFewValues": [
    0.004212029380051973,
    0.016848117520207893,
    0.008424058760103947,
    0,
    0.02106014690025987
  ]
}
2025-11-23 00:46:07 [INFO]: 🔍 Vector search completed {
  "queryDimension": 1536,
  "totalVectors": 6,
  "resultsFound": 0,
  "threshold": 0.7
}
2025-11-23 00:46:07 [INFO]: 🎯 Retrieved relevant context {
  "conversationId": "0f8fe3b0-15a1-4549-b92c-b782d6580dcf",
  "conversationItems": 0,
  "codePatterns": 0,
  "entities": 0
}
2025-11-23 00:46:07 [INFO]: 🤖 Generating AI content {
  "provider": "gemini",
  "mockMode": false,
  "promptLength": 9209,
  "temperature": 0.5,
  "maxTokens": 6000
}
2025-11-23 00:46:07 [ERROR]: ❌ AI generation failed {
  "error": "Not Found (404): Incorrect API endpoint URL - Not Found"
}
2025-11-23 00:46:07 [WARN]: 🔄 Falling back to mock response due to API failure 
2025-11-23 00:46:08 [INFO]: 🎭 Generating mock response {
  "promptType": "parser",
  "promptLength": 9209
}
2025-11-23 00:46:08 [INFO]: ✅ Embedding generated {
  "textLength": 5004,
  "vectorLength": 1536,
  "nonZeroValues": 823
}
2025-11-23 00:46:08 [INFO]: 🔍 Vector store attempting to store {
  "id": "explanation_1763838968503",
  "vectorType": "object",
  "isArray": true,
  "vectorLength": 1536,
  "expectedDimension": 1536,
  "firstFewValues": [
    0.020626504994118566,
    0,
    0.015469878745588925,
    0.020626504994118566,
    0
  ]
}
2025-11-23 00:46:08 [INFO]: 📦 Vector stored {
  "id": "explanation_1763838968503",
  "dimension": 1536,
  "metadata": [
    "entityType",
    "code",
    "language",
    "explanationType",
    "targetAudience",
    "sectionCount",
    "insightCount",
    "createdAt"
  ]
}
2025-11-23 00:46:08 [INFO]: 🔗 Node added to graph {
  "id": "explanation_1763838968503",
  "type": "explanation",
  "propertiesCount": 6
}
2025-11-23 00:46:08 [INFO]: 💾 COBOL entity stored {
  "entityId": "explanation_1763838968503",
  "entityType": "explanation",
  "codeLength": 5004
}
2025-11-23 00:46:08 [INFO]: ✅ Embedding generated {
  "textLength": 5004,
  "vectorLength": 1536,
  "nonZeroValues": 823
}
2025-11-23 00:46:08 [INFO]: 🔍 Vector store attempting to store {
  "id": "0f8fe3b0-15a1-4549-b92c-b782d6580dcf:ExplainerAgent-1763838968856",
  "vectorType": "object",
  "isArray": true,
  "vectorLength": 1536,
  "expectedDimension": 1536,
  "firstFewValues": [
    0.020626504994118566,
    0,
    0.015469878745588925,
    0.020626504994118566,
    0
  ]
}
2025-11-23 00:46:08 [INFO]: 📦 Vector stored {
  "id": "0f8fe3b0-15a1-4549-b92c-b782d6580dcf:ExplainerAgent-1763838968856",
  "dimension": 1536,
  "metadata": [
    "conversationId",
    "messageId",
    "content",
    "role",
    "type"
  ]
}
2025-11-23 00:46:08 [INFO]: 💬 Conversation context stored {
  "conversationId": "0f8fe3b0-15a1-4549-b92c-b782d6580dcf",
  "messageId": "ExplainerAgent-1763838968856",
  "role": "assistant",
  "contentLength": 5004
}
2025-11-23 00:46:08 [INFO]: ✅ ExplainerAgent completed successfully {
  "agent": "ExplainerAgent",
  "confidence": 0.8999999999999999,
  "outputSize": 5004
}
2025-11-23 00:46:09 [INFO]: 🔧 Workflow step: workflow_completed {
  "workflowId": "workflow_1763838961945_i7nbcptup",
  "workflowType": "full_modernization",
  "duration": 7149,
  "success": true
}
2025-11-23 00:46:09 [INFO]: Job 0f8fe3b0-15a1-4549-b92c-b782d6580dcf: Pipeline completed 
2025-11-23 00:46:09 [INFO]: Job 0f8fe3b0-15a1-4549-b92c-b782d6580dcf: Processing completed successfully 
2025-11-23 00:46:09 [INFO]: ✅ Job 0f8fe3b0-15a1-4549-b92c-b782d6580dcf completed successfully - processed 2 files 
2025-11-23 00:46:38 [INFO]: 🔄 Received SIGINT, shutting down gracefully... 
2025-11-23 00:53:55 [INFO]: 🚀 Initializing AI Modernization Assistant... 
2025-11-23 00:53:55 [INFO]: 🤖 AI Client initialized {
  "provider": "gemini",
  "mockMode": false,
  "hasApiKey": true
}
2025-11-23 00:53:55 [INFO]: ✅ AI system initialized successfully 
2025-11-23 00:53:55 [INFO]: 🌟 AI Modernization Assistant server running on port 3001 
2025-11-23 00:53:55 [INFO]: 📁 Upload directory: D:\mumbaiHack\404-KILLERS\engine\uploads 
2025-11-23 00:53:55 [INFO]: 🔧 Environment: development 
2025-11-23 00:53:55 [INFO]: 🤖 AI Provider: gemini 
2025-11-23 00:53:55 [INFO]: 🔑 API Key configured: true 
2025-11-23 00:55:07 [INFO]: 🔄 Received SIGINT, shutting down gracefully... 
2025-11-23 00:55:26 [INFO]: 🚀 Initializing AI Modernization Assistant... 
2025-11-23 00:55:26 [INFO]: 🤖 AI Client initialized {
  "provider": "gemini",
  "mockMode": false,
  "hasApiKey": true
}
2025-11-23 00:55:26 [INFO]: ✅ AI system initialized successfully 
2025-11-23 00:55:26 [INFO]: 🌟 AI Modernization Assistant server running on port 3001 
2025-11-23 00:55:26 [INFO]: 📁 Upload directory: D:\mumbaiHack\404-KILLERS\engine\uploads 
2025-11-23 00:55:26 [INFO]: 🔧 Environment: development 
2025-11-23 00:55:26 [INFO]: 🤖 AI Provider: gemini 
2025-11-23 00:55:26 [INFO]: 🔑 API Key configured: true 
2025-11-23 00:55:58 [INFO]: 📁 File upload received: 2 file(s) 
2025-11-23 00:55:59 [INFO]:   - INVENTORY.CPY (506 bytes) 
2025-11-23 00:55:59 [INFO]:   - INVENTORY.DAT (340 bytes) 
2025-11-23 00:55:59 [INFO]: Job 013efa89-37c9-460a-80d7-d9d02dc5dbf1: Starting analysis of 2 files... 
2025-11-23 00:55:59 [INFO]: 📊 File breakdown: 1 .cpy, 1 .dat, 0 other 
2025-11-23 00:55:59 [INFO]: Job 013efa89-37c9-460a-80d7-d9d02dc5dbf1: Processing INVENTORY.CPY... 
2025-11-23 00:55:59 [INFO]: 📄 Starting file chunking {
  "filePath": "files-1763839558983-588126567.CPY",
  "maxChunkSize": 4000,
  "overlap": 200,
  "strategy": "auto"
}
2025-11-23 00:55:59 [INFO]: Job 013efa89-37c9-460a-80d7-d9d02dc5dbf1: Processing INVENTORY.DAT... 
2025-11-23 00:55:59 [INFO]: 📄 Starting file chunking {
  "filePath": "files-1763839558987-725898183.DAT",
  "maxChunkSize": 4000,
  "overlap": 200,
  "strategy": "auto"
}
2025-11-23 00:55:59 [INFO]: Job 013efa89-37c9-460a-80d7-d9d02dc5dbf1: Combined 2 chunks from 2 files 
2025-11-23 00:55:59 [INFO]: Job 013efa89-37c9-460a-80d7-d9d02dc5dbf1: Starting modernization pipeline... 
2025-11-23 00:55:59 [INFO]: 🔧 Workflow step: workflow_started {
  "workflowId": "workflow_1763839559097_cfm3ds49v",
  "workflowType": "full_modernization",
  "input": "object"
}
2025-11-23 00:55:59 [INFO]: 🔧 Workflow step: parse_step {
  "workflowId": "workflow_1763839559097_cfm3ds49v"
}
2025-11-23 00:55:59 [INFO]: 🚀 Starting ParserAgent {
  "agent": "ParserAgent",
  "inputSize": 2427
}
2025-11-23 00:55:59 [INFO]: 🤖 Generating AI content {
  "provider": "gemini",
  "mockMode": false,
  "promptLength": 1144,
  "temperature": 0.3,
  "maxTokens": 4000
}
2025-11-23 00:56:17 [INFO]: ✅ AI content generated successfully {
  "responseLength": 1445
}
2025-11-23 00:56:17 [INFO]: ✅ Embedding generated {
  "textLength": 1302,
  "vectorLength": 1536,
  "nonZeroValues": 600
}
2025-11-23 00:56:17 [INFO]: 🔍 Vector store attempting to store {
  "id": "INVENTORY.CPY",
  "vectorType": "object",
  "isArray": true,
  "vectorLength": 1536,
  "expectedDimension": 1536,
  "firstFewValues": [
    0.020378478648480615,
    0.020378478648480615,
    0,
    0.020378478648480615,
    0
  ]
}
2025-11-23 00:56:17 [INFO]: 📦 Vector stored {
  "id": "INVENTORY.CPY",
  "dimension": 1536,
  "metadata": [
    "entityType",
    "code",
    "language",
    "analysisResult",
    "qualityMetrics",
    "lastAnalyzed"
  ]
}
2025-11-23 00:56:17 [INFO]: 🔗 Node added to graph {
  "id": "INVENTORY.CPY",
  "type": "cobol_program",
  "propertiesCount": 5
}
2025-11-23 00:56:17 [INFO]: 💾 COBOL entity stored {
  "entityId": "INVENTORY.CPY",
  "entityType": "program",
  "codeLength": 918
}
2025-11-23 00:56:17 [INFO]: ✅ Embedding generated {
  "textLength": 235,
  "vectorLength": 1536,
  "nonZeroValues": 114
}
2025-11-23 00:56:17 [INFO]: 🔍 Vector store attempting to store {
  "id": "INVENTORY.CPY_INVENTORY-RECORD",
  "vectorType": "object",
  "isArray": true,
  "vectorLength": 1536,
  "expectedDimension": 1536,
  "firstFewValues": [
    0,
    0,
    0,
    0,
    0
  ]
}
2025-11-23 00:56:17 [INFO]: 📦 Vector stored {
  "id": "INVENTORY.CPY_INVENTORY-RECORD",
  "dimension": 1536,
  "metadata": [
    "entityType",
    "code",
    "language",
    "parentProgram",
    "fields",
    "usage"
  ]
}
2025-11-23 00:56:17 [INFO]: 🔗 Node added to graph {
  "id": "INVENTORY.CPY_INVENTORY-RECORD",
  "type": "data_structure",
  "propertiesCount": 4
}
2025-11-23 00:56:17 [INFO]: 💾 COBOL entity stored {
  "entityId": "INVENTORY.CPY_INVENTORY-RECORD",
  "entityType": "data_structure",
  "codeLength": 235
}
2025-11-23 00:56:17 [INFO]: ➡️ Edge added to graph {
  "from": "INVENTORY.CPY",
  "to": "INVENTORY.CPY_INVENTORY-RECORD",
  "type": "defines_data"
}
2025-11-23 00:56:17 [INFO]: 🔗 Relationship stored {
  "from": "INVENTORY.CPY",
  "to": "INVENTORY.CPY_INVENTORY-RECORD",
  "type": "defines_data"
}
2025-11-23 00:56:17 [INFO]: ✅ Embedding generated {
  "textLength": 1302,
  "vectorLength": 1536,
  "nonZeroValues": 600
}
2025-11-23 00:56:17 [INFO]: 🔍 Vector store attempting to store {
  "id": "013efa89-37c9-460a-80d7-d9d02dc5dbf1:ParserAgent-1763839577175",
  "vectorType": "object",
  "isArray": true,
  "vectorLength": 1536,
  "expectedDimension": 1536,
  "firstFewValues": [
    0.020378478648480615,
    0.020378478648480615,
    0,
    0.020378478648480615,
    0
  ]
}
2025-11-23 00:56:17 [INFO]: 📦 Vector stored {
  "id": "013efa89-37c9-460a-80d7-d9d02dc5dbf1:ParserAgent-1763839577175",
  "dimension": 1536,
  "metadata": [
    "conversationId",
    "messageId",
    "content",
    "role",
    "type"
  ]
}
2025-11-23 00:56:17 [INFO]: 💬 Conversation context stored {
  "conversationId": "013efa89-37c9-460a-80d7-d9d02dc5dbf1",
  "messageId": "ParserAgent-1763839577175",
  "role": "assistant",
  "contentLength": 1302
}
2025-11-23 00:56:17 [INFO]: ✅ ParserAgent completed successfully {
  "agent": "ParserAgent",
  "confidence": 0.95,
  "outputSize": 1302
}
2025-11-23 00:56:17 [INFO]: 🔧 Workflow step: modernize_step {
  "workflowId": "workflow_1763839559097_cfm3ds49v"
}
2025-11-23 00:56:17 [INFO]: 🚀 Starting ModernizerAgent {
  "agent": "ModernizerAgent",
  "inputSize": 2378
}
2025-11-23 00:56:17 [INFO]: ✅ Embedding generated {
  "textLength": 1302,
  "vectorLength": 1536,
  "nonZeroValues": 600
}
2025-11-23 00:56:17 [INFO]: 🔍 Vector store search query {
  "vectorType": "object",
  "isArray": true,
  "vectorLength": 1536,
  "expectedDimension": 1536,
  "firstFewValues": [
    0.020378478648480615,
    0.020378478648480615,
    0,
    0.020378478648480615,
    0
  ]
}
2025-11-23 00:56:17 [INFO]: 🔍 Vector search completed {
  "queryDimension": 1536,
  "totalVectors": 3,
  "resultsFound": 1,
  "threshold": 0.7
}
2025-11-23 00:56:17 [INFO]: 🔍 Vector store search query {
  "vectorType": "object",
  "isArray": true,
  "vectorLength": 1536,
  "expectedDimension": 1536,
  "firstFewValues": [
    0.020378478648480615,
    0.020378478648480615,
    0,
    0.020378478648480615,
    0
  ]
}
2025-11-23 00:56:17 [INFO]: 🔍 Vector search completed {
  "queryDimension": 1536,
  "totalVectors": 3,
  "resultsFound": 0,
  "threshold": 0.7
}
2025-11-23 00:56:17 [INFO]: 🔍 Vector store search query {
  "vectorType": "object",
  "isArray": true,
  "vectorLength": 1536,
  "expectedDimension": 1536,
  "firstFewValues": [
    0.020378478648480615,
    0.020378478648480615,
    0,
    0.020378478648480615,
    0
  ]
}
2025-11-23 00:56:17 [INFO]: 🔍 Vector search completed {
  "queryDimension": 1536,
  "totalVectors": 3,
  "resultsFound": 1,
  "threshold": 0.7
}
2025-11-23 00:56:17 [INFO]: 🎯 Retrieved relevant context {
  "conversationId": "013efa89-37c9-460a-80d7-d9d02dc5dbf1",
  "conversationItems": 1,
  "codePatterns": 0,
  "entities": 1
}
2025-11-23 00:56:17 [INFO]: 🤖 Generating AI content {
  "provider": "gemini",
  "mockMode": false,
  "promptLength": 3254,
  "temperature": 0.4,
  "maxTokens": 6000
}
2025-11-23 00:56:47 [ERROR]: ❌ AI generation failed {
  "error": "Request timeout: Gemini API did not respond within 30 seconds"
}
2025-11-23 00:56:47 [WARN]: 🔄 Falling back to mock response due to API failure 
2025-11-23 00:56:48 [INFO]: 🎭 Generating mock response {
  "promptType": "parser",
  "promptLength": 3254
}
2025-11-23 00:56:48 [INFO]: ✅ Embedding generated {
  "textLength": 2634,
  "vectorLength": 1536,
  "nonZeroValues": 736
}
2025-11-23 00:56:48 [INFO]: 🔍 Vector store attempting to store {
  "id": "INVENTORY.CPY_modern_Java",
  "vectorType": "object",
  "isArray": true,
  "vectorLength": 1536,
  "expectedDimension": 1536,
  "firstFewValues": [
    0,
    0.020474357847832,
    0.010237178923916,
    0.020474357847832,
    0.020474357847832
  ]
}
2025-11-23 00:56:48 [INFO]: 📦 Vector stored {
  "id": "INVENTORY.CPY_modern_Java",
  "dimension": 1536,
  "metadata": [
    "entityType",
    "code",
    "language",
    "originalProgram",
    "targetLanguage",
    "targetFramework",
    "modernizationMetrics",
    "migrationPlan",
    "lastModernized"
  ]
}
2025-11-23 00:56:48 [INFO]: 🔗 Node added to graph {
  "id": "INVENTORY.CPY_modern_Java",
  "type": "modernized_program",
  "propertiesCount": 7
}
2025-11-23 00:56:48 [INFO]: 💾 COBOL entity stored {
  "entityId": "INVENTORY.CPY_modern_Java",
  "entityType": "modernized_program",
  "codeLength": 117
}
2025-11-23 00:56:48 [INFO]: ➡️ Edge added to graph {
  "from": "INVENTORY.CPY",
  "to": "INVENTORY.CPY_modern_Java",
  "type": "modernized_to"
}
2025-11-23 00:56:48 [INFO]: 🔗 Relationship stored {
  "from": "INVENTORY.CPY",
  "to": "INVENTORY.CPY_modern_Java",
  "type": "modernized_to"
}
2025-11-23 00:56:48 [INFO]: ✅ Embedding generated {
  "textLength": 2634,
  "vectorLength": 1536,
  "nonZeroValues": 736
}
2025-11-23 00:56:48 [INFO]: 🔍 Vector store attempting to store {
  "id": "013efa89-37c9-460a-80d7-d9d02dc5dbf1:ModernizerAgent-1763839608726",
  "vectorType": "object",
  "isArray": true,
  "vectorLength": 1536,
  "expectedDimension": 1536,
  "firstFewValues": [
    0,
    0.020474357847832,
    0.010237178923916,
    0.020474357847832,
    0.020474357847832
  ]
}
2025-11-23 00:56:48 [INFO]: 📦 Vector stored {
  "id": "013efa89-37c9-460a-80d7-d9d02dc5dbf1:ModernizerAgent-1763839608726",
  "dimension": 1536,
  "metadata": [
    "conversationId",
    "messageId",
    "content",
    "role",
    "type"
  ]
}
2025-11-23 00:56:48 [INFO]: 💬 Conversation context stored {
  "conversationId": "013efa89-37c9-460a-80d7-d9d02dc5dbf1",
  "messageId": "ModernizerAgent-1763839608726",
  "role": "assistant",
  "contentLength": 2634
}
2025-11-23 00:56:48 [INFO]: ✅ ModernizerAgent completed successfully {
  "agent": "ModernizerAgent",
  "confidence": 0.7,
  "outputSize": 2634
}
2025-11-23 00:56:48 [INFO]: 🔧 Workflow step: validate_step {
  "workflowId": "workflow_1763839559097_cfm3ds49v"
}
2025-11-23 00:56:48 [INFO]: 🚀 Starting ValidatorAgent {
  "agent": "ValidatorAgent",
  "inputSize": 4026
}
2025-11-23 00:56:48 [INFO]: ✅ Embedding generated {
  "textLength": 2634,
  "vectorLength": 1536,
  "nonZeroValues": 736
}
2025-11-23 00:56:48 [INFO]: 🔍 Vector store search query {
  "vectorType": "object",
  "isArray": true,
  "vectorLength": 1536,
  "expectedDimension": 1536,
  "firstFewValues": [
    0,
    0.020474357847832,
    0.010237178923916,
    0.020474357847832,
    0.020474357847832
  ]
}
2025-11-23 00:56:48 [INFO]: 🔍 Vector search completed {
  "queryDimension": 1536,
  "totalVectors": 5,
  "resultsFound": 1,
  "threshold": 0.7
}
2025-11-23 00:56:48 [INFO]: 🔍 Vector store search query {
  "vectorType": "object",
  "isArray": true,
  "vectorLength": 1536,
  "expectedDimension": 1536,
  "firstFewValues": [
    0,
    0.020474357847832,
    0.010237178923916,
    0.020474357847832,
    0.020474357847832
  ]
}
2025-11-23 00:56:48 [INFO]: 🔍 Vector search completed {
  "queryDimension": 1536,
  "totalVectors": 5,
  "resultsFound": 0,
  "threshold": 0.7
}
2025-11-23 00:56:48 [INFO]: 🔍 Vector store search query {
  "vectorType": "object",
  "isArray": true,
  "vectorLength": 1536,
  "expectedDimension": 1536,
  "firstFewValues": [
    0,
    0.020474357847832,
    0.010237178923916,
    0.020474357847832,
    0.020474357847832
  ]
}
2025-11-23 00:56:48 [INFO]: 🔍 Vector search completed {
  "queryDimension": 1536,
  "totalVectors": 5,
  "resultsFound": 1,
  "threshold": 0.7
}
2025-11-23 00:56:48 [INFO]: 🎯 Retrieved relevant context {
  "conversationId": "013efa89-37c9-460a-80d7-d9d02dc5dbf1",
  "conversationItems": 1,
  "codePatterns": 0,
  "entities": 1
}
2025-11-23 00:56:48 [INFO]: 🤖 Generating AI content {
  "provider": "gemini",
  "mockMode": false,
  "promptLength": 5619,
  "temperature": 0.2,
  "maxTokens": 5000
}
2025-11-23 00:57:09 [INFO]: ✅ AI content generated successfully {
  "responseLength": 3793
}
2025-11-23 00:57:09 [INFO]: ✅ Embedding generated {
  "textLength": 3782,
  "vectorLength": 1536,
  "nonZeroValues": 1078
}
2025-11-23 00:57:09 [INFO]: 🔍 Vector store attempting to store {
  "id": "INVENTORY.CPY_validation_1763839629547",
  "vectorType": "object",
  "isArray": true,
  "vectorLength": 1536,
  "expectedDimension": 1536,
  "firstFewValues": [
    0,
    0,
    0.008050653045145009,
    0.04830391827087005,
    0.008050653045145009
  ]
}
2025-11-23 00:57:09 [INFO]: 📦 Vector stored {
  "id": "INVENTORY.CPY_validation_1763839629547",
  "dimension": 1536,
  "metadata": [
    "entityType",
    "code",
    "language",
    "originalProgram",
    "overallScore",
    "status",
    "issueCount",
    "validatedAt"
  ]
}
2025-11-23 00:57:09 [INFO]: 🔗 Node added to graph {
  "id": "INVENTORY.CPY_validation_1763839629547",
  "type": "validation_result",
  "propertiesCount": 6
}
2025-11-23 00:57:09 [INFO]: 💾 COBOL entity stored {
  "entityId": "INVENTORY.CPY_validation_1763839629547",
  "entityType": "validation_result",
  "codeLength": 3782
}
2025-11-23 00:57:09 [INFO]: ➡️ Edge added to graph {
  "from": "INVENTORY.CPY_modern_Java",
  "to": "INVENTORY.CPY_validation_1763839629547",
  "type": "validated_by"
}
2025-11-23 00:57:09 [INFO]: 🔗 Relationship stored {
  "from": "INVENTORY.CPY_modern_Java",
  "to": "INVENTORY.CPY_validation_1763839629547",
  "type": "validated_by"
}
2025-11-23 00:57:09 [INFO]: ✅ Embedding generated {
  "textLength": 3782,
  "vectorLength": 1536,
  "nonZeroValues": 1078
}
2025-11-23 00:57:09 [INFO]: 🔍 Vector store attempting to store {
  "id": "013efa89-37c9-460a-80d7-d9d02dc5dbf1:ValidatorAgent-1763839629552",
  "vectorType": "object",
  "isArray": true,
  "vectorLength": 1536,
  "expectedDimension": 1536,
  "firstFewValues": [
    0,
    0,
    0.008050653045145009,
    0.04830391827087005,
    0.008050653045145009
  ]
}
2025-11-23 00:57:09 [INFO]: 📦 Vector stored {
  "id": "013efa89-37c9-460a-80d7-d9d02dc5dbf1:ValidatorAgent-1763839629552",
  "dimension": 1536,
  "metadata": [
    "conversationId",
    "messageId",
    "content",
    "role",
    "type"
  ]
}
2025-11-23 00:57:09 [INFO]: 💬 Conversation context stored {
  "conversationId": "013efa89-37c9-460a-80d7-d9d02dc5dbf1",
  "messageId": "ValidatorAgent-1763839629552",
  "role": "assistant",
  "contentLength": 3782
}
2025-11-23 00:57:09 [INFO]: ✅ ValidatorAgent completed successfully {
  "agent": "ValidatorAgent",
  "confidence": 0.95,
  "outputSize": 3782
}
2025-11-23 00:57:09 [INFO]: 🔧 Workflow step: validation_concerns {
  "workflowId": "workflow_1763839559097_cfm3ds49v",
  "score": 5
}
2025-11-23 00:57:09 [INFO]: 🔧 Workflow step: explain_step {
  "workflowId": "workflow_1763839559097_cfm3ds49v"
}
2025-11-23 00:57:09 [INFO]: 🚀 Starting ExplainerAgent {
  "agent": "ExplainerAgent",
  "inputSize": 7871
}
2025-11-23 00:57:09 [INFO]: ✅ Embedding generated {
  "textLength": 7761,
  "vectorLength": 1536,
  "nonZeroValues": 1310
}
2025-11-23 00:57:09 [INFO]: 🔍 Vector store search query {
  "vectorType": "object",
  "isArray": true,
  "vectorLength": 1536,
  "expectedDimension": 1536,
  "firstFewValues": [
    0.027970584197585826,
    0.004661764032930971,
    0.004661764032930971,
    0.009323528065861942,
    0.004661764032930971
  ]
}
2025-11-23 00:57:09 [INFO]: 🔍 Vector search completed {
  "queryDimension": 1536,
  "totalVectors": 7,
  "resultsFound": 0,
  "threshold": 0.7
}
2025-11-23 00:57:09 [INFO]: 🔍 Vector store search query {
  "vectorType": "object",
  "isArray": true,
  "vectorLength": 1536,
  "expectedDimension": 1536,
  "firstFewValues": [
    0.027970584197585826,
    0.004661764032930971,
    0.004661764032930971,
    0.009323528065861942,
    0.004661764032930971
  ]
}
2025-11-23 00:57:09 [INFO]: 🔍 Vector search completed {
  "queryDimension": 1536,
  "totalVectors": 7,
  "resultsFound": 0,
  "threshold": 0.7
}
2025-11-23 00:57:09 [INFO]: 🔍 Vector store search query {
  "vectorType": "object",
  "isArray": true,
  "vectorLength": 1536,
  "expectedDimension": 1536,
  "firstFewValues": [
    0.027970584197585826,
    0.004661764032930971,
    0.004661764032930971,
    0.009323528065861942,
    0.004661764032930971
  ]
}
2025-11-23 00:57:09 [INFO]: 🔍 Vector search completed {
  "queryDimension": 1536,
  "totalVectors": 7,
  "resultsFound": 0,
  "threshold": 0.7
}
2025-11-23 00:57:09 [INFO]: 🎯 Retrieved relevant context {
  "conversationId": "013efa89-37c9-460a-80d7-d9d02dc5dbf1",
  "conversationItems": 0,
  "codePatterns": 0,
  "entities": 0
}
2025-11-23 00:57:09 [INFO]: 🤖 Generating AI content {
  "provider": "gemini",
  "mockMode": false,
  "promptLength": 9738,
  "temperature": 0.5,
  "maxTokens": 6000
}
2025-11-23 00:57:39 [ERROR]: ❌ AI generation failed {
  "error": "Request timeout: Gemini API did not respond within 30 seconds"
}
2025-11-23 00:57:39 [WARN]: 🔄 Falling back to mock response due to API failure 
2025-11-23 00:57:40 [INFO]: 🎭 Generating mock response {
  "promptType": "parser",
  "promptLength": 9738
}
2025-11-23 00:57:40 [INFO]: ✅ Embedding generated {
  "textLength": 5004,
  "vectorLength": 1536,
  "nonZeroValues": 836
}
2025-11-23 00:57:40 [INFO]: 🔍 Vector store attempting to store {
  "id": "explanation_1763839660178",
  "vectorType": "object",
  "isArray": true,
  "vectorLength": 1536,
  "expectedDimension": 1536,
  "firstFewValues": [
    0.005169425794238878,
    0.005169425794238878,
    0.02067770317695551,
    0,
    0
  ]
}
2025-11-23 00:57:40 [INFO]: 📦 Vector stored {
  "id": "explanation_1763839660178",
  "dimension": 1536,
  "metadata": [
    "entityType",
    "code",
    "language",
    "explanationType",
    "targetAudience",
    "sectionCount",
    "insightCount",
    "createdAt"
  ]
}
2025-11-23 00:57:40 [INFO]: 🔗 Node added to graph {
  "id": "explanation_1763839660178",
  "type": "explanation",
  "propertiesCount": 6
}
2025-11-23 00:57:40 [INFO]: 💾 COBOL entity stored {
  "entityId": "explanation_1763839660178",
  "entityType": "explanation",
  "codeLength": 5004
}
2025-11-23 00:57:40 [INFO]: ✅ Embedding generated {
  "textLength": 5004,
  "vectorLength": 1536,
  "nonZeroValues": 836
}
2025-11-23 00:57:40 [INFO]: 🔍 Vector store attempting to store {
  "id": "013efa89-37c9-460a-80d7-d9d02dc5dbf1:ExplainerAgent-1763839660185",
  "vectorType": "object",
  "isArray": true,
  "vectorLength": 1536,
  "expectedDimension": 1536,
  "firstFewValues": [
    0.005169425794238878,
    0.005169425794238878,
    0.02067770317695551,
    0,
    0
  ]
}
2025-11-23 00:57:40 [INFO]: 📦 Vector stored {
  "id": "013efa89-37c9-460a-80d7-d9d02dc5dbf1:ExplainerAgent-1763839660185",
  "dimension": 1536,
  "metadata": [
    "conversationId",
    "messageId",
    "content",
    "role",
    "type"
  ]
}
2025-11-23 00:57:40 [INFO]: 💬 Conversation context stored {
  "conversationId": "013efa89-37c9-460a-80d7-d9d02dc5dbf1",
  "messageId": "ExplainerAgent-1763839660185",
  "role": "assistant",
  "contentLength": 5004
}
2025-11-23 00:57:40 [INFO]: ✅ ExplainerAgent completed successfully {
  "agent": "ExplainerAgent",
  "confidence": 0.8999999999999999,
  "outputSize": 5004
}
2025-11-23 00:57:40 [INFO]: 🔧 Workflow step: workflow_completed {
  "workflowId": "workflow_1763839559097_cfm3ds49v",
  "workflowType": "full_modernization",
  "duration": 101101,
  "success": true
}
2025-11-23 00:57:40 [INFO]: Job 013efa89-37c9-460a-80d7-d9d02dc5dbf1: Pipeline completed 
2025-11-23 00:57:40 [INFO]: Job 013efa89-37c9-460a-80d7-d9d02dc5dbf1: Processing completed successfully 
2025-11-23 00:57:40 [INFO]: ✅ Job 013efa89-37c9-460a-80d7-d9d02dc5dbf1 completed successfully - processed 2 files 
2025-11-23 00:58:31 [INFO]: 📁 File upload received: 2 file(s) 
2025-11-23 00:58:31 [INFO]:   - INVENTORY.CPY (506 bytes) 
2025-11-23 00:58:31 [INFO]:   - INVENTORY.DAT (340 bytes) 
2025-11-23 00:58:31 [INFO]: Job 56f71b25-2a37-4184-a65f-d364629cf711: Starting analysis of 2 files... 
2025-11-23 00:58:31 [INFO]: 📊 File breakdown: 1 .cpy, 1 .dat, 0 other 
2025-11-23 00:58:31 [INFO]: Job 56f71b25-2a37-4184-a65f-d364629cf711: Processing INVENTORY.CPY... 
2025-11-23 00:58:31 [INFO]: 📄 Starting file chunking {
  "filePath": "files-1763839711122-731547627.CPY",
  "maxChunkSize": 4000,
  "overlap": 200,
  "strategy": "auto"
}
2025-11-23 00:58:31 [INFO]: Job 56f71b25-2a37-4184-a65f-d364629cf711: Processing INVENTORY.DAT... 
2025-11-23 00:58:31 [INFO]: 📄 Starting file chunking {
  "filePath": "files-1763839711123-783135580.DAT",
  "maxChunkSize": 4000,
  "overlap": 200,
  "strategy": "auto"
}
2025-11-23 00:58:31 [INFO]: Job 56f71b25-2a37-4184-a65f-d364629cf711: Combined 2 chunks from 2 files 
2025-11-23 00:58:31 [INFO]: Job 56f71b25-2a37-4184-a65f-d364629cf711: Starting modernization pipeline... 
2025-11-23 00:58:31 [INFO]: 🔧 Workflow step: workflow_started {
  "workflowId": "workflow_1763839711226_jn4mf9c7z",
  "workflowType": "full_modernization",
  "input": "object"
}
2025-11-23 00:58:31 [INFO]: 🔧 Workflow step: parse_step {
  "workflowId": "workflow_1763839711226_jn4mf9c7z"
}
2025-11-23 00:58:31 [INFO]: 🚀 Starting ParserAgent {
  "agent": "ParserAgent",
  "inputSize": 2427
}
2025-11-23 00:58:31 [INFO]: 🤖 Generating AI content {
  "provider": "gemini",
  "mockMode": false,
  "promptLength": 1144,
  "temperature": 0.3,
  "maxTokens": 4000
}
2025-11-23 00:58:53 [INFO]: ✅ AI content generated successfully {
  "responseLength": 1700
}
2025-11-23 00:58:53 [INFO]: ✅ Embedding generated {
  "textLength": 1512,
  "vectorLength": 1536,
  "nonZeroValues": 641
}
2025-11-23 00:58:53 [INFO]: 🔍 Vector store attempting to store {
  "id": "INVENTORY.CPY",
  "vectorType": "object",
  "isArray": true,
  "vectorLength": 1536,
  "expectedDimension": 1536,
  "firstFewValues": [
    0,
    0.01786283982422261,
    0,
    0,
    0.01786283982422261
  ]
}
2025-11-23 00:58:53 [INFO]: 📦 Vector stored {
  "id": "INVENTORY.CPY",
  "dimension": 1536,
  "metadata": [
    "entityType",
    "code",
    "language",
    "analysisResult",
    "qualityMetrics",
    "lastAnalyzed"
  ]
}
2025-11-23 00:58:53 [INFO]: 🔗 Node added to graph {
  "id": "INVENTORY.CPY",
  "type": "cobol_program",
  "propertiesCount": 5
}
2025-11-23 00:58:53 [INFO]: 💾 COBOL entity stored {
  "entityId": "INVENTORY.CPY",
  "entityType": "program",
  "codeLength": 918
}
2025-11-23 00:58:53 [INFO]: ✅ Embedding generated {
  "textLength": 251,
  "vectorLength": 1536,
  "nonZeroValues": 119
}
2025-11-23 00:58:53 [INFO]: 🔍 Vector store attempting to store {
  "id": "INVENTORY.CPY_INVENTORY-RECORD",
  "vectorType": "object",
  "isArray": true,
  "vectorLength": 1536,
  "expectedDimension": 1536,
  "firstFewValues": [
    0,
    0,
    0,
    0,
    0
  ]
}
2025-11-23 00:58:53 [INFO]: 📦 Vector stored {
  "id": "INVENTORY.CPY_INVENTORY-RECORD",
  "dimension": 1536,
  "metadata": [
    "entityType",
    "code",
    "language",
    "parentProgram",
    "fields",
    "usage"
  ]
}
2025-11-23 00:58:53 [INFO]: 🔗 Node added to graph {
  "id": "INVENTORY.CPY_INVENTORY-RECORD",
  "type": "data_structure",
  "propertiesCount": 4
}
2025-11-23 00:58:53 [INFO]: 💾 COBOL entity stored {
  "entityId": "INVENTORY.CPY_INVENTORY-RECORD",
  "entityType": "data_structure",
  "codeLength": 251
}
2025-11-23 00:58:53 [INFO]: ➡️ Edge added to graph {
  "from": "INVENTORY.CPY",
  "to": "INVENTORY.CPY_INVENTORY-RECORD",
  "type": "defines_data"
}
2025-11-23 00:58:53 [INFO]: 🔗 Relationship stored {
  "from": "INVENTORY.CPY",
  "to": "INVENTORY.CPY_INVENTORY-RECORD",
  "type": "defines_data"
}
2025-11-23 00:58:53 [INFO]: ✅ Embedding generated {
  "textLength": 1512,
  "vectorLength": 1536,
  "nonZeroValues": 641
}
2025-11-23 00:58:53 [INFO]: 🔍 Vector store attempting to store {
  "id": "56f71b25-2a37-4184-a65f-d364629cf711:ParserAgent-1763839733188",
  "vectorType": "object",
  "isArray": true,
  "vectorLength": 1536,
  "expectedDimension": 1536,
  "firstFewValues": [
    0,
    0.01786283982422261,
    0,
    0,
    0.01786283982422261
  ]
}
2025-11-23 00:58:53 [INFO]: 📦 Vector stored {
  "id": "56f71b25-2a37-4184-a65f-d364629cf711:ParserAgent-1763839733188",
  "dimension": 1536,
  "metadata": [
    "conversationId",
    "messageId",
    "content",
    "role",
    "type"
  ]
}
2025-11-23 00:58:53 [INFO]: 💬 Conversation context stored {
  "conversationId": "56f71b25-2a37-4184-a65f-d364629cf711",
  "messageId": "ParserAgent-1763839733188",
  "role": "assistant",
  "contentLength": 1512
}
2025-11-23 00:58:53 [INFO]: ✅ ParserAgent completed successfully {
  "agent": "ParserAgent",
  "confidence": 0.95,
  "outputSize": 1512
}
2025-11-23 00:58:53 [INFO]: 🔧 Workflow step: modernize_step {
  "workflowId": "workflow_1763839711226_jn4mf9c7z"
}
2025-11-23 00:58:53 [INFO]: 🚀 Starting ModernizerAgent {
  "agent": "ModernizerAgent",
  "inputSize": 2588
}
2025-11-23 00:58:53 [INFO]: ✅ Embedding generated {
  "textLength": 1512,
  "vectorLength": 1536,
  "nonZeroValues": 641
}
2025-11-23 00:58:53 [INFO]: 🔍 Vector store search query {
  "vectorType": "object",
  "isArray": true,
  "vectorLength": 1536,
  "expectedDimension": 1536,
  "firstFewValues": [
    0,
    0.01786283982422261,
    0,
    0,
    0.01786283982422261
  ]
}
2025-11-23 00:58:53 [INFO]: 🔍 Vector search completed {
  "queryDimension": 1536,
  "totalVectors": 10,
  "resultsFound": 1,
  "threshold": 0.7
}
2025-11-23 00:58:53 [INFO]: 🔍 Vector store search query {
  "vectorType": "object",
  "isArray": true,
  "vectorLength": 1536,
  "expectedDimension": 1536,
  "firstFewValues": [
    0,
    0.01786283982422261,
    0,
    0,
    0.01786283982422261
  ]
}
2025-11-23 00:58:53 [INFO]: 🔍 Vector search completed {
  "queryDimension": 1536,
  "totalVectors": 10,
  "resultsFound": 0,
  "threshold": 0.7
}
2025-11-23 00:58:53 [INFO]: 🔍 Vector store search query {
  "vectorType": "object",
  "isArray": true,
  "vectorLength": 1536,
  "expectedDimension": 1536,
  "firstFewValues": [
    0,
    0.01786283982422261,
    0,
    0,
    0.01786283982422261
  ]
}
2025-11-23 00:58:53 [INFO]: 🔍 Vector search completed {
  "queryDimension": 1536,
  "totalVectors": 10,
  "resultsFound": 1,
  "threshold": 0.7
}
2025-11-23 00:58:53 [INFO]: 🎯 Retrieved relevant context {
  "conversationId": "56f71b25-2a37-4184-a65f-d364629cf711",
  "conversationItems": 1,
  "codePatterns": 0,
  "entities": 1
}
2025-11-23 00:58:53 [INFO]: 🤖 Generating AI content {
  "provider": "gemini",
  "mockMode": false,
  "promptLength": 3509,
  "temperature": 0.4,
  "maxTokens": 6000
}
2025-11-23 00:59:23 [ERROR]: ❌ AI generation failed {
  "error": "Request timeout: Gemini API did not respond within 30 seconds"
}
2025-11-23 00:59:23 [WARN]: 🔄 Falling back to mock response due to API failure 
2025-11-23 00:59:24 [INFO]: 🎭 Generating mock response {
  "promptType": "parser",
  "promptLength": 3509
}
2025-11-23 00:59:24 [INFO]: ✅ Embedding generated {
  "textLength": 2634,
  "vectorLength": 1536,
  "nonZeroValues": 736
}
2025-11-23 00:59:24 [INFO]: 🔍 Vector store attempting to store {
  "id": "INVENTORY.CPY_modern_Java",
  "vectorType": "object",
  "isArray": true,
  "vectorLength": 1536,
  "expectedDimension": 1536,
  "firstFewValues": [
    0,
    0.020467923754178812,
    0.010233961877089406,
    0.020467923754178812,
    0.020467923754178812
  ]
}
2025-11-23 00:59:24 [INFO]: 📦 Vector stored {
  "id": "INVENTORY.CPY_modern_Java",
  "dimension": 1536,
  "metadata": [
    "entityType",
    "code",
    "language",
    "originalProgram",
    "targetLanguage",
    "targetFramework",
    "modernizationMetrics",
    "migrationPlan",
    "lastModernized"
  ]
}
2025-11-23 00:59:24 [INFO]: 🔗 Node added to graph {
  "id": "INVENTORY.CPY_modern_Java",
  "type": "modernized_program",
  "propertiesCount": 7
}
2025-11-23 00:59:24 [INFO]: 💾 COBOL entity stored {
  "entityId": "INVENTORY.CPY_modern_Java",
  "entityType": "modernized_program",
  "codeLength": 117
}
2025-11-23 00:59:24 [INFO]: ➡️ Edge added to graph {
  "from": "INVENTORY.CPY",
  "to": "INVENTORY.CPY_modern_Java",
  "type": "modernized_to"
}
2025-11-23 00:59:24 [INFO]: 🔗 Relationship stored {
  "from": "INVENTORY.CPY",
  "to": "INVENTORY.CPY_modern_Java",
  "type": "modernized_to"
}
2025-11-23 00:59:24 [INFO]: ✅ Embedding generated {
  "textLength": 2634,
  "vectorLength": 1536,
  "nonZeroValues": 736
}
2025-11-23 00:59:24 [INFO]: 🔍 Vector store attempting to store {
  "id": "56f71b25-2a37-4184-a65f-d364629cf711:ModernizerAgent-1763839764105",
  "vectorType": "object",
  "isArray": true,
  "vectorLength": 1536,
  "expectedDimension": 1536,
  "firstFewValues": [
    0,
    0.020467923754178812,
    0.010233961877089406,
    0.020467923754178812,
    0.020467923754178812
  ]
}
2025-11-23 00:59:24 [INFO]: 📦 Vector stored {
  "id": "56f71b25-2a37-4184-a65f-d364629cf711:ModernizerAgent-1763839764105",
  "dimension": 1536,
  "metadata": [
    "conversationId",
    "messageId",
    "content",
    "role",
    "type"
  ]
}
2025-11-23 00:59:24 [INFO]: 💬 Conversation context stored {
  "conversationId": "56f71b25-2a37-4184-a65f-d364629cf711",
  "messageId": "ModernizerAgent-1763839764105",
  "role": "assistant",
  "contentLength": 2634
}
2025-11-23 00:59:24 [INFO]: ✅ ModernizerAgent completed successfully {
  "agent": "ModernizerAgent",
  "confidence": 0.7,
  "outputSize": 2634
}
2025-11-23 00:59:24 [INFO]: 🔧 Workflow step: validate_step {
  "workflowId": "workflow_1763839711226_jn4mf9c7z"
}
2025-11-23 00:59:24 [INFO]: 🚀 Starting ValidatorAgent {
  "agent": "ValidatorAgent",
  "inputSize": 4236
}
2025-11-23 00:59:24 [INFO]: ✅ Embedding generated {
  "textLength": 2634,
  "vectorLength": 1536,
  "nonZeroValues": 736
}
2025-11-23 00:59:24 [INFO]: 🔍 Vector store search query {
  "vectorType": "object",
  "isArray": true,
  "vectorLength": 1536,
  "expectedDimension": 1536,
  "firstFewValues": [
    0,
    0.020467923754178812,
    0.010233961877089406,
    0.020467923754178812,
    0.020467923754178812
  ]
}
2025-11-23 00:59:24 [INFO]: 🔍 Vector search completed {
  "queryDimension": 1536,
  "totalVectors": 11,
  "resultsFound": 1,
  "threshold": 0.7
}
2025-11-23 00:59:24 [INFO]: 🔍 Vector store search query {
  "vectorType": "object",
  "isArray": true,
  "vectorLength": 1536,
  "expectedDimension": 1536,
  "firstFewValues": [
    0,
    0.020467923754178812,
    0.010233961877089406,
    0.020467923754178812,
    0.020467923754178812
  ]
}
2025-11-23 00:59:24 [INFO]: 🔍 Vector search completed {
  "queryDimension": 1536,
  "totalVectors": 11,
  "resultsFound": 0,
  "threshold": 0.7
}
2025-11-23 00:59:24 [INFO]: 🔍 Vector store search query {
  "vectorType": "object",
  "isArray": true,
  "vectorLength": 1536,
  "expectedDimension": 1536,
  "firstFewValues": [
    0,
    0.020467923754178812,
    0.010233961877089406,
    0.020467923754178812,
    0.020467923754178812
  ]
}
2025-11-23 00:59:24 [INFO]: 🔍 Vector search completed {
  "queryDimension": 1536,
  "totalVectors": 11,
  "resultsFound": 1,
  "threshold": 0.7
}
2025-11-23 00:59:24 [INFO]: 🎯 Retrieved relevant context {
  "conversationId": "56f71b25-2a37-4184-a65f-d364629cf711",
  "conversationItems": 1,
  "codePatterns": 0,
  "entities": 1
}
2025-11-23 00:59:24 [INFO]: 🤖 Generating AI content {
  "provider": "gemini",
  "mockMode": false,
  "promptLength": 5874,
  "temperature": 0.2,
  "maxTokens": 5000
}
2025-11-23 00:59:48 [INFO]: ✅ AI content generated successfully {
  "responseLength": 4121
}
2025-11-23 00:59:48 [INFO]: ✅ Embedding generated {
  "textLength": 4031,
  "vectorLength": 1536,
  "nonZeroValues": 1086
}
2025-11-23 00:59:48 [INFO]: 🔍 Vector store attempting to store {
  "id": "INVENTORY.CPY_validation_1763839788718",
  "vectorType": "object",
  "isArray": true,
  "vectorLength": 1536,
  "expectedDimension": 1536,
  "firstFewValues": [
    0.007774865148563081,
    0.007774865148563081,
    0.015549730297126162,
    0.023324595445689243,
    0.023324595445689243
  ]
}
2025-11-23 00:59:48 [INFO]: 📦 Vector stored {
  "id": "INVENTORY.CPY_validation_1763839788718",
  "dimension": 1536,
  "metadata": [
    "entityType",
    "code",
    "language",
    "originalProgram",
    "overallScore",
    "status",
    "issueCount",
    "validatedAt"
  ]
}
2025-11-23 00:59:48 [INFO]: 🔗 Node added to graph {
  "id": "INVENTORY.CPY_validation_1763839788718",
  "type": "validation_result",
  "propertiesCount": 6
}
2025-11-23 00:59:48 [INFO]: 💾 COBOL entity stored {
  "entityId": "INVENTORY.CPY_validation_1763839788718",
  "entityType": "validation_result",
  "codeLength": 4031
}
2025-11-23 00:59:48 [INFO]: ➡️ Edge added to graph {
  "from": "INVENTORY.CPY_modern_Java",
  "to": "INVENTORY.CPY_validation_1763839788718",
  "type": "validated_by"
}
2025-11-23 00:59:48 [INFO]: 🔗 Relationship stored {
  "from": "INVENTORY.CPY_modern_Java",
  "to": "INVENTORY.CPY_validation_1763839788718",
  "type": "validated_by"
}
2025-11-23 00:59:48 [INFO]: ✅ Embedding generated {
  "textLength": 4031,
  "vectorLength": 1536,
  "nonZeroValues": 1086
}
2025-11-23 00:59:48 [INFO]: 🔍 Vector store attempting to store {
  "id": "56f71b25-2a37-4184-a65f-d364629cf711:ValidatorAgent-1763839788797",
  "vectorType": "object",
  "isArray": true,
  "vectorLength": 1536,
  "expectedDimension": 1536,
  "firstFewValues": [
    0.007774865148563081,
    0.007774865148563081,
    0.015549730297126162,
    0.023324595445689243,
    0.023324595445689243
  ]
}
2025-11-23 00:59:48 [INFO]: 📦 Vector stored {
  "id": "56f71b25-2a37-4184-a65f-d364629cf711:ValidatorAgent-1763839788797",
  "dimension": 1536,
  "metadata": [
    "conversationId",
    "messageId",
    "content",
    "role",
    "type"
  ]
}
2025-11-23 00:59:48 [INFO]: 💬 Conversation context stored {
  "conversationId": "56f71b25-2a37-4184-a65f-d364629cf711",
  "messageId": "ValidatorAgent-1763839788797",
  "role": "assistant",
  "contentLength": 4031
}
2025-11-23 00:59:48 [INFO]: ✅ ValidatorAgent completed successfully {
  "agent": "ValidatorAgent",
  "confidence": 0.95,
  "outputSize": 4031
}
2025-11-23 00:59:48 [INFO]: 🔧 Workflow step: validation_concerns {
  "workflowId": "workflow_1763839711226_jn4mf9c7z",
  "score": 10
}
2025-11-23 00:59:48 [INFO]: 🔧 Workflow step: explain_step {
  "workflowId": "workflow_1763839711226_jn4mf9c7z"
}
2025-11-23 00:59:48 [INFO]: 🚀 Starting ExplainerAgent {
  "agent": "ExplainerAgent",
  "inputSize": 8330
}
2025-11-23 00:59:48 [INFO]: ✅ Embedding generated {
  "textLength": 8220,
  "vectorLength": 1536,
  "nonZeroValues": 1291
}
2025-11-23 00:59:48 [INFO]: 🔍 Vector store search query {
  "vectorType": "object",
  "isArray": true,
  "vectorLength": 1536,
  "expectedDimension": 1536,
  "firstFewValues": [
    0.013212526127452169,
    0.01761670150326956,
    0.03082922763072173,
    0.061658455261443465,
    0.00440417537581739
  ]
}
2025-11-23 00:59:48 [INFO]: 🔍 Vector search completed {
  "queryDimension": 1536,
  "totalVectors": 13,
  "resultsFound": 0,
  "threshold": 0.7
}
2025-11-23 00:59:48 [INFO]: 🔍 Vector store search query {
  "vectorType": "object",
  "isArray": true,
  "vectorLength": 1536,
  "expectedDimension": 1536,
  "firstFewValues": [
    0.013212526127452169,
    0.01761670150326956,
    0.03082922763072173,
    0.061658455261443465,
    0.00440417537581739
  ]
}
2025-11-23 00:59:48 [INFO]: 🔍 Vector search completed {
  "queryDimension": 1536,
  "totalVectors": 13,
  "resultsFound": 0,
  "threshold": 0.7
}
2025-11-23 00:59:48 [INFO]: 🔍 Vector store search query {
  "vectorType": "object",
  "isArray": true,
  "vectorLength": 1536,
  "expectedDimension": 1536,
  "firstFewValues": [
    0.013212526127452169,
    0.01761670150326956,
    0.03082922763072173,
    0.061658455261443465,
    0.00440417537581739
  ]
}
2025-11-23 00:59:48 [INFO]: 🔍 Vector search completed {
  "queryDimension": 1536,
  "totalVectors": 13,
  "resultsFound": 0,
  "threshold": 0.7
}
2025-11-23 00:59:48 [INFO]: 🎯 Retrieved relevant context {
  "conversationId": "56f71b25-2a37-4184-a65f-d364629cf711",
  "conversationItems": 0,
  "codePatterns": 0,
  "entities": 0
}
2025-11-23 00:59:49 [INFO]: 🤖 Generating AI content {
  "provider": "gemini",
  "mockMode": false,
  "promptLength": 10330,
  "temperature": 0.5,
  "maxTokens": 6000
}
2025-11-23 01:00:19 [ERROR]: ❌ AI generation failed {
  "error": "Request timeout: Gemini API did not respond within 30 seconds"
}
2025-11-23 01:00:19 [WARN]: 🔄 Falling back to mock response due to API failure 
2025-11-23 01:00:20 [INFO]: 🎭 Generating mock response {
  "promptType": "parser",
  "promptLength": 10330
}
2025-11-23 01:00:20 [INFO]: ✅ Embedding generated {
  "textLength": 5004,
  "vectorLength": 1536,
  "nonZeroValues": 835
}
2025-11-23 01:00:20 [INFO]: 🔍 Vector store attempting to store {
  "id": "explanation_1763839820483",
  "vectorType": "object",
  "isArray": true,
  "vectorLength": 1536,
  "expectedDimension": 1536,
  "firstFewValues": [
    0.005167492885642931,
    0.005167492885642931,
    0.020669971542571722,
    0,
    0
  ]
}
2025-11-23 01:00:20 [INFO]: 📦 Vector stored {
  "id": "explanation_1763839820483",
  "dimension": 1536,
  "metadata": [
    "entityType",
    "code",
    "language",
    "explanationType",
    "targetAudience",
    "sectionCount",
    "insightCount",
    "createdAt"
  ]
}
2025-11-23 01:00:20 [INFO]: 🔗 Node added to graph {
  "id": "explanation_1763839820483",
  "type": "explanation",
  "propertiesCount": 6
}
2025-11-23 01:00:20 [INFO]: 💾 COBOL entity stored {
  "entityId": "explanation_1763839820483",
  "entityType": "explanation",
  "codeLength": 5004
}
2025-11-23 01:00:20 [INFO]: ✅ Embedding generated {
  "textLength": 5004,
  "vectorLength": 1536,
  "nonZeroValues": 835
}
2025-11-23 01:00:20 [INFO]: 🔍 Vector store attempting to store {
  "id": "56f71b25-2a37-4184-a65f-d364629cf711:ExplainerAgent-1763839820507",
  "vectorType": "object",
  "isArray": true,
  "vectorLength": 1536,
  "expectedDimension": 1536,
  "firstFewValues": [
    0.005167492885642931,
    0.005167492885642931,
    0.020669971542571722,
    0,
    0
  ]
}
2025-11-23 01:00:20 [INFO]: 📦 Vector stored {
  "id": "56f71b25-2a37-4184-a65f-d364629cf711:ExplainerAgent-1763839820507",
  "dimension": 1536,
  "metadata": [
    "conversationId",
    "messageId",
    "content",
    "role",
    "type"
  ]
}
2025-11-23 01:00:20 [INFO]: 💬 Conversation context stored {
  "conversationId": "56f71b25-2a37-4184-a65f-d364629cf711",
  "messageId": "ExplainerAgent-1763839820507",
  "role": "assistant",
  "contentLength": 5004
}
2025-11-23 01:00:20 [INFO]: ✅ ExplainerAgent completed successfully {
  "agent": "ExplainerAgent",
  "confidence": 0.8999999999999999,
  "outputSize": 5004
}
2025-11-23 01:00:20 [INFO]: 🔧 Workflow step: workflow_completed {
  "workflowId": "workflow_1763839711226_jn4mf9c7z",
  "workflowType": "full_modernization",
  "duration": 109359,
  "success": true
}
2025-11-23 01:00:20 [INFO]: Job 56f71b25-2a37-4184-a65f-d364629cf711: Pipeline completed 
2025-11-23 01:00:20 [INFO]: Job 56f71b25-2a37-4184-a65f-d364629cf711: Processing completed successfully 
2025-11-23 01:00:20 [INFO]: ✅ Job 56f71b25-2a37-4184-a65f-d364629cf711 completed successfully - processed 2 files 
2025-11-23 01:02:09 [INFO]: 🔄 Received SIGINT, shutting down gracefully... 
2025-11-23 01:02:14 [INFO]: 🚀 Initializing AI Modernization Assistant... 
2025-11-23 01:02:14 [INFO]: 🤖 AI Client initialized {
  "provider": "gemini",
  "mockMode": false,
  "hasApiKey": true
}
2025-11-23 01:02:14 [INFO]: ✅ AI system initialized successfully 
2025-11-23 01:02:14 [INFO]: 🌟 AI Modernization Assistant server running on port 3001 
2025-11-23 01:02:14 [INFO]: 📁 Upload directory: D:\mumbaiHack\404-KILLERS\engine\uploads 
2025-11-23 01:02:14 [INFO]: 🔧 Environment: development 
2025-11-23 01:02:14 [INFO]: 🤖 AI Provider: gemini 
2025-11-23 01:02:14 [INFO]: 🔑 API Key configured: true 
2025-11-23 01:02:42 [INFO]: 📁 File upload received: 2 file(s) 
2025-11-23 01:02:42 [INFO]:   - CLAIMS.DAT (340 bytes) 
2025-11-23 01:02:42 [INFO]:   - CLAIMS.CPY (644 bytes) 
2025-11-23 01:02:42 [INFO]: Job a2abb272-8a95-4eb4-b2ba-1256457c0fda: Starting analysis of 2 files... 
2025-11-23 01:02:42 [INFO]: 📊 File breakdown: 1 .cpy, 1 .dat, 0 other 
2025-11-23 01:02:42 [INFO]: Job a2abb272-8a95-4eb4-b2ba-1256457c0fda: Processing CLAIMS.DAT... 
2025-11-23 01:02:42 [INFO]: 📄 Starting file chunking {
  "filePath": "files-1763839962594-882725398.DAT",
  "maxChunkSize": 4000,
  "overlap": 200,
  "strategy": "auto"
}
2025-11-23 01:02:42 [INFO]: Job a2abb272-8a95-4eb4-b2ba-1256457c0fda: Processing CLAIMS.CPY... 
2025-11-23 01:02:42 [INFO]: 📄 Starting file chunking {
  "filePath": "files-1763839962595-608619491.CPY",
  "maxChunkSize": 4000,
  "overlap": 200,
  "strategy": "auto"
}
2025-11-23 01:02:42 [INFO]: Job a2abb272-8a95-4eb4-b2ba-1256457c0fda: Combined 2 chunks from 2 files 
2025-11-23 01:02:42 [INFO]: Job a2abb272-8a95-4eb4-b2ba-1256457c0fda: Starting modernization pipeline... 
2025-11-23 01:02:42 [INFO]: 🔧 Workflow step: workflow_started {
  "workflowId": "workflow_1763839962750_5vmx7yh49",
  "workflowType": "full_modernization",
  "input": "object"
}
2025-11-23 01:02:42 [INFO]: 🔧 Workflow step: parse_step {
  "workflowId": "workflow_1763839962750_5vmx7yh49"
}
2025-11-23 01:02:43 [INFO]: 🚀 Starting ParserAgent {
  "agent": "ParserAgent",
  "inputSize": 2691
}
2025-11-23 01:02:43 [INFO]: 🤖 Generating AI content {
  "provider": "gemini",
  "mockMode": false,
  "promptLength": 1270,
  "temperature": 0.3,
  "maxTokens": 4000
}
2025-11-23 01:03:06 [INFO]: ✅ AI content generated successfully {
  "responseLength": 2465
}
2025-11-23 01:03:06 [INFO]: ✅ Embedding generated {
  "textLength": 1725,
  "vectorLength": 1536,
  "nonZeroValues": 698
}
2025-11-23 01:03:06 [INFO]: 🔍 Vector store attempting to store {
  "id": "CLAIMS.CPY",
  "vectorType": "object",
  "isArray": true,
  "vectorLength": 1536,
  "expectedDimension": 1536,
  "firstFewValues": [
    0,
    0.03261206722991118,
    0.01630603361495559,
    0,
    0.01630603361495559
  ]
}
2025-11-23 01:03:06 [INFO]: 📦 Vector stored {
  "id": "CLAIMS.CPY",
  "dimension": 1536,
  "metadata": [
    "entityType",
    "code",
    "language",
    "analysisResult",
    "qualityMetrics",
    "lastAnalyzed"
  ]
}
2025-11-23 01:03:06 [INFO]: 🔗 Node added to graph {
  "id": "CLAIMS.CPY",
  "type": "cobol_program",
  "propertiesCount": 5
}
2025-11-23 01:03:06 [INFO]: 💾 COBOL entity stored {
  "entityId": "CLAIMS.CPY",
  "entityType": "program",
  "codeLength": 1050
}
2025-11-23 01:03:06 [INFO]: ➡️ Edge added to graph {
  "from": "CLAIMS.CPY",
  "to": "CLAIMS.CPY",
  "type": "copy"
}
2025-11-23 01:03:06 [INFO]: 🔗 Relationship stored {
  "from": "CLAIMS.CPY",
  "to": "CLAIMS.CPY",
  "type": "copy"
}
2025-11-23 01:03:06 [INFO]: ✅ Embedding generated {
  "textLength": 198,
  "vectorLength": 1536,
  "nonZeroValues": 107
}
2025-11-23 01:03:06 [INFO]: 🔍 Vector store attempting to store {
  "id": "CLAIMS.CPY_CLAIM-RECORD",
  "vectorType": "object",
  "isArray": true,
  "vectorLength": 1536,
  "expectedDimension": 1536,
  "firstFewValues": [
    0,
    0,
    0,
    0,
    0
  ]
}
2025-11-23 01:03:06 [INFO]: 📦 Vector stored {
  "id": "CLAIMS.CPY_CLAIM-RECORD",
  "dimension": 1536,
  "metadata": [
    "entityType",
    "code",
    "language",
    "parentProgram",
    "fields",
    "usage"
  ]
}
2025-11-23 01:03:06 [INFO]: 🔗 Node added to graph {
  "id": "CLAIMS.CPY_CLAIM-RECORD",
  "type": "data_structure",
  "propertiesCount": 4
}
2025-11-23 01:03:06 [INFO]: 💾 COBOL entity stored {
  "entityId": "CLAIMS.CPY_CLAIM-RECORD",
  "entityType": "data_structure",
  "codeLength": 198
}
2025-11-23 01:03:06 [INFO]: ➡️ Edge added to graph {
  "from": "CLAIMS.CPY",
  "to": "CLAIMS.CPY_CLAIM-RECORD",
  "type": "defines_data"
}
2025-11-23 01:03:06 [INFO]: 🔗 Relationship stored {
  "from": "CLAIMS.CPY",
  "to": "CLAIMS.CPY_CLAIM-RECORD",
  "type": "defines_data"
}
2025-11-23 01:03:06 [INFO]: ✅ Embedding generated {
  "textLength": 1725,
  "vectorLength": 1536,
  "nonZeroValues": 698
}
2025-11-23 01:03:06 [INFO]: 🔍 Vector store attempting to store {
  "id": "a2abb272-8a95-4eb4-b2ba-1256457c0fda:ParserAgent-1763839986864",
  "vectorType": "object",
  "isArray": true,
  "vectorLength": 1536,
  "expectedDimension": 1536,
  "firstFewValues": [
    0,
    0.03261206722991118,
    0.01630603361495559,
    0,
    0.01630603361495559
  ]
}
2025-11-23 01:03:06 [INFO]: 📦 Vector stored {
  "id": "a2abb272-8a95-4eb4-b2ba-1256457c0fda:ParserAgent-1763839986864",
  "dimension": 1536,
  "metadata": [
    "conversationId",
    "messageId",
    "content",
    "role",
    "type"
  ]
}
2025-11-23 01:03:06 [INFO]: 💬 Conversation context stored {
  "conversationId": "a2abb272-8a95-4eb4-b2ba-1256457c0fda",
  "messageId": "ParserAgent-1763839986864",
  "role": "assistant",
  "contentLength": 1725
}
2025-11-23 01:03:06 [INFO]: ✅ ParserAgent completed successfully {
  "agent": "ParserAgent",
  "confidence": 0.95,
  "outputSize": 1725
}
2025-11-23 01:03:06 [INFO]: 🔧 Workflow step: modernize_step {
  "workflowId": "workflow_1763839962750_5vmx7yh49"
}
2025-11-23 01:03:06 [INFO]: 🚀 Starting ModernizerAgent {
  "agent": "ModernizerAgent",
  "inputSize": 2939
}
2025-11-23 01:03:06 [INFO]: ✅ Embedding generated {
  "textLength": 1725,
  "vectorLength": 1536,
  "nonZeroValues": 698
}
2025-11-23 01:03:06 [INFO]: 🔍 Vector store search query {
  "vectorType": "object",
  "isArray": true,
  "vectorLength": 1536,
  "expectedDimension": 1536,
  "firstFewValues": [
    0,
    0.03261206722991118,
    0.01630603361495559,
    0,
    0.01630603361495559
  ]
}
2025-11-23 01:03:06 [INFO]: 🔍 Vector search completed {
  "queryDimension": 1536,
  "totalVectors": 3,
  "resultsFound": 1,
  "threshold": 0.7
}
2025-11-23 01:03:06 [INFO]: 🔍 Vector store search query {
  "vectorType": "object",
  "isArray": true,
  "vectorLength": 1536,
  "expectedDimension": 1536,
  "firstFewValues": [
    0,
    0.03261206722991118,
    0.01630603361495559,
    0,
    0.01630603361495559
  ]
}
2025-11-23 01:03:06 [INFO]: 🔍 Vector search completed {
  "queryDimension": 1536,
  "totalVectors": 3,
  "resultsFound": 0,
  "threshold": 0.7
}
2025-11-23 01:03:06 [INFO]: 🔍 Vector store search query {
  "vectorType": "object",
  "isArray": true,
  "vectorLength": 1536,
  "expectedDimension": 1536,
  "firstFewValues": [
    0,
    0.03261206722991118,
    0.01630603361495559,
    0,
    0.01630603361495559
  ]
}
2025-11-23 01:03:06 [INFO]: 🔍 Vector search completed {
  "queryDimension": 1536,
  "totalVectors": 3,
  "resultsFound": 1,
  "threshold": 0.7
}
2025-11-23 01:03:06 [INFO]: 🎯 Retrieved relevant context {
  "conversationId": "a2abb272-8a95-4eb4-b2ba-1256457c0fda",
  "conversationItems": 1,
  "codePatterns": 0,
  "entities": 1
}
2025-11-23 01:03:06 [INFO]: 🤖 Generating AI content {
  "provider": "gemini",
  "mockMode": false,
  "promptLength": 4002,
  "temperature": 0.4,
  "maxTokens": 6000
}
2025-11-23 01:03:37 [ERROR]: ❌ AI generation failed {
  "error": "Request timeout: Gemini API did not respond within 30 seconds"
}
2025-11-23 01:03:37 [WARN]: 🔄 Falling back to mock response due to API failure 
2025-11-23 01:03:37 [INFO]: 🎭 Generating mock response {
  "promptType": "parser",
  "promptLength": 4002
}
2025-11-23 01:03:37 [INFO]: ✅ Embedding generated {
  "textLength": 2634,
  "vectorLength": 1536,
  "nonZeroValues": 735
}
2025-11-23 01:03:37 [INFO]: 🔍 Vector store attempting to store {
  "id": "CLAIMS.CPY_modern_Java",
  "vectorType": "object",
  "isArray": true,
  "vectorLength": 1536,
  "expectedDimension": 1536,
  "firstFewValues": [
    0,
    0.02047006777804204,
    0.01023503388902102,
    0.02047006777804204,
    0.02047006777804204
  ]
}
2025-11-23 01:03:37 [INFO]: 📦 Vector stored {
  "id": "CLAIMS.CPY_modern_Java",
  "dimension": 1536,
  "metadata": [
    "entityType",
    "code",
    "language",
    "originalProgram",
    "targetLanguage",
    "targetFramework",
    "modernizationMetrics",
    "migrationPlan",
    "lastModernized"
  ]
}
2025-11-23 01:03:37 [INFO]: 🔗 Node added to graph {
  "id": "CLAIMS.CPY_modern_Java",
  "type": "modernized_program",
  "propertiesCount": 7
}
2025-11-23 01:03:37 [INFO]: 💾 COBOL entity stored {
  "entityId": "CLAIMS.CPY_modern_Java",
  "entityType": "modernized_program",
  "codeLength": 117
}
2025-11-23 01:03:37 [INFO]: ➡️ Edge added to graph {
  "from": "CLAIMS.CPY",
  "to": "CLAIMS.CPY_modern_Java",
  "type": "modernized_to"
}
2025-11-23 01:03:37 [INFO]: 🔗 Relationship stored {
  "from": "CLAIMS.CPY",
  "to": "CLAIMS.CPY_modern_Java",
  "type": "modernized_to"
}
2025-11-23 01:03:37 [INFO]: ✅ Embedding generated {
  "textLength": 2634,
  "vectorLength": 1536,
  "nonZeroValues": 735
}
2025-11-23 01:03:37 [INFO]: 🔍 Vector store attempting to store {
  "id": "a2abb272-8a95-4eb4-b2ba-1256457c0fda:ModernizerAgent-1763840017771",
  "vectorType": "object",
  "isArray": true,
  "vectorLength": 1536,
  "expectedDimension": 1536,
  "firstFewValues": [
    0,
    0.02047006777804204,
    0.01023503388902102,
    0.02047006777804204,
    0.02047006777804204
  ]
}
2025-11-23 01:03:37 [INFO]: 📦 Vector stored {
  "id": "a2abb272-8a95-4eb4-b2ba-1256457c0fda:ModernizerAgent-1763840017771",
  "dimension": 1536,
  "metadata": [
    "conversationId",
    "messageId",
    "content",
    "role",
    "type"
  ]
}
2025-11-23 01:03:37 [INFO]: 💬 Conversation context stored {
  "conversationId": "a2abb272-8a95-4eb4-b2ba-1256457c0fda",
  "messageId": "ModernizerAgent-1763840017771",
  "role": "assistant",
  "contentLength": 2634
}
2025-11-23 01:03:37 [INFO]: ✅ ModernizerAgent completed successfully {
  "agent": "ModernizerAgent",
  "confidence": 0.7,
  "outputSize": 2634
}
2025-11-23 01:03:37 [INFO]: 🔧 Workflow step: validate_step {
  "workflowId": "workflow_1763839962750_5vmx7yh49"
}
2025-11-23 01:03:37 [INFO]: 🚀 Starting ValidatorAgent {
  "agent": "ValidatorAgent",
  "inputSize": 4449
}
2025-11-23 01:03:37 [INFO]: ✅ Embedding generated {
  "textLength": 2634,
  "vectorLength": 1536,
  "nonZeroValues": 735
}
2025-11-23 01:03:37 [INFO]: 🔍 Vector store search query {
  "vectorType": "object",
  "isArray": true,
  "vectorLength": 1536,
  "expectedDimension": 1536,
  "firstFewValues": [
    0,
    0.02047006777804204,
    0.01023503388902102,
    0.02047006777804204,
    0.02047006777804204
  ]
}
2025-11-23 01:03:37 [INFO]: 🔍 Vector search completed {
  "queryDimension": 1536,
  "totalVectors": 5,
  "resultsFound": 1,
  "threshold": 0.7
}
2025-11-23 01:03:37 [INFO]: 🔍 Vector store search query {
  "vectorType": "object",
  "isArray": true,
  "vectorLength": 1536,
  "expectedDimension": 1536,
  "firstFewValues": [
    0,
    0.02047006777804204,
    0.01023503388902102,
    0.02047006777804204,
    0.02047006777804204
  ]
}
2025-11-23 01:03:37 [INFO]: 🔍 Vector search completed {
  "queryDimension": 1536,
  "totalVectors": 5,
  "resultsFound": 0,
  "threshold": 0.7
}
2025-11-23 01:03:37 [INFO]: 🔍 Vector store search query {
  "vectorType": "object",
  "isArray": true,
  "vectorLength": 1536,
  "expectedDimension": 1536,
  "firstFewValues": [
    0,
    0.02047006777804204,
    0.01023503388902102,
    0.02047006777804204,
    0.02047006777804204
  ]
}
2025-11-23 01:03:37 [INFO]: 🔍 Vector search completed {
  "queryDimension": 1536,
  "totalVectors": 5,
  "resultsFound": 1,
  "threshold": 0.7
}
2025-11-23 01:03:37 [INFO]: 🎯 Retrieved relevant context {
  "conversationId": "a2abb272-8a95-4eb4-b2ba-1256457c0fda",
  "conversationItems": 1,
  "codePatterns": 0,
  "entities": 1
}
2025-11-23 01:03:37 [INFO]: 🤖 Generating AI content {
  "provider": "gemini",
  "mockMode": false,
  "promptLength": 6235,
  "temperature": 0.2,
  "maxTokens": 5000
}
2025-11-23 01:04:04 [INFO]: ✅ AI content generated successfully {
  "responseLength": 4617
}
2025-11-23 01:04:04 [INFO]: ✅ Embedding generated {
  "textLength": 4466,
  "vectorLength": 1536,
  "nonZeroValues": 1158
}
2025-11-23 01:04:04 [INFO]: 🔍 Vector store attempting to store {
  "id": "CLAIMS.CPY_validation_1763840044760",
  "vectorType": "object",
  "isArray": true,
  "vectorLength": 1536,
  "expectedDimension": 1536,
  "firstFewValues": [
    0.03573525898520578,
    0.01429410359408231,
    0.007147051797041155,
    0.007147051797041155,
    0.007147051797041155
  ]
}
2025-11-23 01:04:04 [INFO]: 📦 Vector stored {
  "id": "CLAIMS.CPY_validation_1763840044760",
  "dimension": 1536,
  "metadata": [
    "entityType",
    "code",
    "language",
    "originalProgram",
    "overallScore",
    "status",
    "issueCount",
    "validatedAt"
  ]
}
2025-11-23 01:04:04 [INFO]: 🔗 Node added to graph {
  "id": "CLAIMS.CPY_validation_1763840044760",
  "type": "validation_result",
  "propertiesCount": 6
}
2025-11-23 01:04:04 [INFO]: 💾 COBOL entity stored {
  "entityId": "CLAIMS.CPY_validation_1763840044760",
  "entityType": "validation_result",
  "codeLength": 4466
}
2025-11-23 01:04:04 [INFO]: ➡️ Edge added to graph {
  "from": "CLAIMS.CPY_modern_Java",
  "to": "CLAIMS.CPY_validation_1763840044760",
  "type": "validated_by"
}
2025-11-23 01:04:04 [INFO]: 🔗 Relationship stored {
  "from": "CLAIMS.CPY_modern_Java",
  "to": "CLAIMS.CPY_validation_1763840044760",
  "type": "validated_by"
}
2025-11-23 01:04:04 [INFO]: ✅ Embedding generated {
  "textLength": 4466,
  "vectorLength": 1536,
  "nonZeroValues": 1158
}
2025-11-23 01:04:04 [INFO]: 🔍 Vector store attempting to store {
  "id": "a2abb272-8a95-4eb4-b2ba-1256457c0fda:ValidatorAgent-1763840044798",
  "vectorType": "object",
  "isArray": true,
  "vectorLength": 1536,
  "expectedDimension": 1536,
  "firstFewValues": [
    0.03573525898520578,
    0.01429410359408231,
    0.007147051797041155,
    0.007147051797041155,
    0.007147051797041155
  ]
}
2025-11-23 01:04:04 [INFO]: 📦 Vector stored {
  "id": "a2abb272-8a95-4eb4-b2ba-1256457c0fda:ValidatorAgent-1763840044798",
  "dimension": 1536,
  "metadata": [
    "conversationId",
    "messageId",
    "content",
    "role",
    "type"
  ]
}
2025-11-23 01:04:04 [INFO]: 💬 Conversation context stored {
  "conversationId": "a2abb272-8a95-4eb4-b2ba-1256457c0fda",
  "messageId": "ValidatorAgent-1763840044798",
  "role": "assistant",
  "contentLength": 4466
}
2025-11-23 01:04:04 [INFO]: ✅ ValidatorAgent completed successfully {
  "agent": "ValidatorAgent",
  "confidence": 0.95,
  "outputSize": 4466
}
2025-11-23 01:04:04 [INFO]: 🔧 Workflow step: validation_concerns {
  "workflowId": "workflow_1763839962750_5vmx7yh49",
  "score": 10
}
2025-11-23 01:04:04 [INFO]: 🔧 Workflow step: explain_step {
  "workflowId": "workflow_1763839962750_5vmx7yh49"
}
2025-11-23 01:04:04 [INFO]: 🚀 Starting ExplainerAgent {
  "agent": "ExplainerAgent",
  "inputSize": 8978
}
2025-11-23 01:04:04 [INFO]: ✅ Embedding generated {
  "textLength": 8868,
  "vectorLength": 1536,
  "nonZeroValues": 1330
}
2025-11-23 01:04:04 [INFO]: 🔍 Vector store search query {
  "vectorType": "object",
  "isArray": true,
  "vectorLength": 1536,
  "expectedDimension": 1536,
  "firstFewValues": [
    0.012427501948554822,
    0.00828500129903655,
    0.0165700025980731,
    0.012427501948554822,
    0.02899750454662792
  ]
}
2025-11-23 01:04:04 [INFO]: 🔍 Vector search completed {
  "queryDimension": 1536,
  "totalVectors": 7,
  "resultsFound": 0,
  "threshold": 0.7
}
2025-11-23 01:04:04 [INFO]: 🔍 Vector store search query {
  "vectorType": "object",
  "isArray": true,
  "vectorLength": 1536,
  "expectedDimension": 1536,
  "firstFewValues": [
    0.012427501948554822,
    0.00828500129903655,
    0.0165700025980731,
    0.012427501948554822,
    0.02899750454662792
  ]
}
2025-11-23 01:04:04 [INFO]: 🔍 Vector search completed {
  "queryDimension": 1536,
  "totalVectors": 7,
  "resultsFound": 0,
  "threshold": 0.7
}
2025-11-23 01:04:04 [INFO]: 🔍 Vector store search query {
  "vectorType": "object",
  "isArray": true,
  "vectorLength": 1536,
  "expectedDimension": 1536,
  "firstFewValues": [
    0.012427501948554822,
    0.00828500129903655,
    0.0165700025980731,
    0.012427501948554822,
    0.02899750454662792
  ]
}
2025-11-23 01:04:04 [INFO]: 🔍 Vector search completed {
  "queryDimension": 1536,
  "totalVectors": 7,
  "resultsFound": 0,
  "threshold": 0.7
}
2025-11-23 01:04:04 [INFO]: 🎯 Retrieved relevant context {
  "conversationId": "a2abb272-8a95-4eb4-b2ba-1256457c0fda",
  "conversationItems": 0,
  "codePatterns": 0,
  "entities": 0
}
2025-11-23 01:04:04 [INFO]: 🤖 Generating AI content {
  "provider": "gemini",
  "mockMode": false,
  "promptLength": 11222,
  "temperature": 0.5,
  "maxTokens": 6000
}
2025-11-23 01:04:34 [ERROR]: ❌ AI generation failed {
  "error": "Request timeout: Gemini API did not respond within 30 seconds"
}
2025-11-23 01:04:34 [WARN]: 🔄 Falling back to mock response due to API failure 
2025-11-23 01:04:36 [INFO]: 🎭 Generating mock response {
  "promptType": "parser",
  "promptLength": 11222
}
2025-11-23 01:04:36 [INFO]: ✅ Embedding generated {
  "textLength": 5004,
  "vectorLength": 1536,
  "nonZeroValues": 835
}
2025-11-23 01:04:36 [INFO]: 🔍 Vector store attempting to store {
  "id": "explanation_1763840076081",
  "vectorType": "object",
  "isArray": true,
  "vectorLength": 1536,
  "expectedDimension": 1536,
  "firstFewValues": [
    0.005168873313323068,
    0.005168873313323068,
    0.020675493253292272,
    0,
    0
  ]
}
2025-11-23 01:04:36 [INFO]: 📦 Vector stored {
  "id": "explanation_1763840076081",
  "dimension": 1536,
  "metadata": [
    "entityType",
    "code",
    "language",
    "explanationType",
    "targetAudience",
    "sectionCount",
    "insightCount",
    "createdAt"
  ]
}
2025-11-23 01:04:36 [INFO]: 🔗 Node added to graph {
  "id": "explanation_1763840076081",
  "type": "explanation",
  "propertiesCount": 6
}
2025-11-23 01:04:36 [INFO]: 💾 COBOL entity stored {
  "entityId": "explanation_1763840076081",
  "entityType": "explanation",
  "codeLength": 5004
}
2025-11-23 01:04:36 [INFO]: ✅ Embedding generated {
  "textLength": 5004,
  "vectorLength": 1536,
  "nonZeroValues": 835
}
2025-11-23 01:04:36 [INFO]: 🔍 Vector store attempting to store {
  "id": "a2abb272-8a95-4eb4-b2ba-1256457c0fda:ExplainerAgent-1763840076092",
  "vectorType": "object",
  "isArray": true,
  "vectorLength": 1536,
  "expectedDimension": 1536,
  "firstFewValues": [
    0.005168873313323068,
    0.005168873313323068,
    0.020675493253292272,
    0,
    0
  ]
}
2025-11-23 01:04:36 [INFO]: 📦 Vector stored {
  "id": "a2abb272-8a95-4eb4-b2ba-1256457c0fda:ExplainerAgent-1763840076092",
  "dimension": 1536,
  "metadata": [
    "conversationId",
    "messageId",
    "content",
    "role",
    "type"
  ]
}
2025-11-23 01:04:36 [INFO]: 💬 Conversation context stored {
  "conversationId": "a2abb272-8a95-4eb4-b2ba-1256457c0fda",
  "messageId": "ExplainerAgent-1763840076092",
  "role": "assistant",
  "contentLength": 5004
}
2025-11-23 01:04:36 [INFO]: ✅ ExplainerAgent completed successfully {
  "agent": "ExplainerAgent",
  "confidence": 0.8999999999999999,
  "outputSize": 5004
}
2025-11-23 01:04:36 [INFO]: 🔧 Workflow step: workflow_completed {
  "workflowId": "workflow_1763839962750_5vmx7yh49",
  "workflowType": "full_modernization",
  "duration": 113359,
  "success": true
}
2025-11-23 01:04:36 [INFO]: Job a2abb272-8a95-4eb4-b2ba-1256457c0fda: Pipeline completed 
2025-11-23 01:04:36 [INFO]: Job a2abb272-8a95-4eb4-b2ba-1256457c0fda: Processing completed successfully 
2025-11-23 01:04:36 [INFO]: ✅ Job a2abb272-8a95-4eb4-b2ba-1256457c0fda completed successfully - processed 2 files 
2025-11-23 01:10:55 [INFO]: 🔄 Received SIGINT, shutting down gracefully... 
2025-11-23 01:11:00 [INFO]: 🚀 Initializing AI Modernization Assistant... 
2025-11-23 01:11:00 [INFO]: 🤖 AI Client initialized {
  "provider": "gemini",
  "mockMode": false,
  "hasApiKey": true
}
2025-11-23 01:11:00 [INFO]: ✅ AI system initialized successfully 
2025-11-23 01:11:00 [INFO]: 🌟 AI Modernization Assistant server running on port 3001 
2025-11-23 01:11:00 [INFO]: 📁 Upload directory: D:\mumbaiHack\404-KILLERS\engine\uploads 
2025-11-23 01:11:00 [INFO]: 🔧 Environment: development 
2025-11-23 01:11:00 [INFO]: 🤖 AI Provider: gemini 
2025-11-23 01:11:00 [INFO]: 🔑 API Key configured: true 
2025-11-23 01:11:37 [INFO]: 📁 File upload received: 2 file(s) 
2025-11-23 01:11:37 [INFO]:   - INVENTORY.CPY (506 bytes) 
2025-11-23 01:11:37 [INFO]:   - INVENTORY.DAT (340 bytes) 
2025-11-23 01:11:37 [INFO]: Job c5da8051-a309-40c8-ba83-0bc79539cc5d: Starting analysis of 2 files... 
2025-11-23 01:11:37 [INFO]: 📊 File breakdown: 1 .cpy, 1 .dat, 0 other 
2025-11-23 01:11:37 [INFO]: Job c5da8051-a309-40c8-ba83-0bc79539cc5d: Processing INVENTORY.CPY... 
2025-11-23 01:11:37 [INFO]: 📄 Starting file chunking {
  "filePath": "files-1763840497024-859652081.CPY",
  "maxChunkSize": 4000,
  "overlap": 200,
  "strategy": "auto"
}
2025-11-23 01:11:37 [INFO]: Job c5da8051-a309-40c8-ba83-0bc79539cc5d: Processing INVENTORY.DAT... 
2025-11-23 01:11:37 [INFO]: 📄 Starting file chunking {
  "filePath": "files-1763840497026-21562607.DAT",
  "maxChunkSize": 4000,
  "overlap": 200,
  "strategy": "auto"
}
2025-11-23 01:11:37 [INFO]: Job c5da8051-a309-40c8-ba83-0bc79539cc5d: Combined 2 chunks from 2 files 
2025-11-23 01:11:37 [INFO]: Job c5da8051-a309-40c8-ba83-0bc79539cc5d: Starting modernization pipeline... 
2025-11-23 01:11:37 [INFO]: 🔧 Workflow step: workflow_started {
  "workflowId": "workflow_1763840497380_71y36oi5y",
  "workflowType": "full_modernization",
  "input": "object"
}
2025-11-23 01:11:37 [INFO]: 🔧 Workflow step: parse_step {
  "workflowId": "workflow_1763840497380_71y36oi5y"
}
2025-11-23 01:11:37 [INFO]: 🚀 Starting ParserAgent {
  "agent": "ParserAgent",
  "inputSize": 2426
}
2025-11-23 01:11:37 [INFO]: 🤖 Generating AI content {
  "provider": "gemini",
  "mockMode": false,
  "promptLength": 1144,
  "temperature": 0.3,
  "maxTokens": 4000
}
2025-11-23 01:12:05 [INFO]: ✅ AI content generated successfully {
  "responseLength": 1666
}
2025-11-23 01:12:07 [INFO]: ✅ Embedding generated {
  "textLength": 1478,
  "vectorLength": 1536,
  "nonZeroValues": 664
}
2025-11-23 01:12:07 [INFO]: 🔍 Vector store attempting to store {
  "id": "INVENTORY.CPY",
  "vectorType": "object",
  "isArray": true,
  "vectorLength": 1536,
  "expectedDimension": 1536,
  "firstFewValues": [
    0,
    0,
    0,
    0,
    0
  ]
}
2025-11-23 01:12:08 [INFO]: 📦 Vector stored {
  "id": "INVENTORY.CPY",
  "dimension": 1536,
  "metadata": [
    "entityType",
    "code",
    "language",
    "analysisResult",
    "qualityMetrics",
    "lastAnalyzed"
  ]
}
2025-11-23 01:12:08 [INFO]: 🔗 Node added to graph {
  "id": "INVENTORY.CPY",
  "type": "cobol_program",
  "propertiesCount": 5
}
2025-11-23 01:12:08 [INFO]: 💾 COBOL entity stored {
  "entityId": "INVENTORY.CPY",
  "entityType": "program",
  "codeLength": 918
}
2025-11-23 01:12:08 [INFO]: ✅ Embedding generated {
  "textLength": 166,
  "vectorLength": 1536,
  "nonZeroValues": 90
}
2025-11-23 01:12:09 [INFO]: 🔍 Vector store attempting to store {
  "id": "INVENTORY.CPY_INVENTORY-RECORD",
  "vectorType": "object",
  "isArray": true,
  "vectorLength": 1536,
  "expectedDimension": 1536,
  "firstFewValues": [
    0,
    0,
    0,
    0,
    0
  ]
}
2025-11-23 01:12:09 [INFO]: 📦 Vector stored {
  "id": "INVENTORY.CPY_INVENTORY-RECORD",
  "dimension": 1536,
  "metadata": [
    "entityType",
    "code",
    "language",
    "parentProgram",
    "fields",
    "usage"
  ]
}
2025-11-23 01:12:09 [INFO]: 🔗 Node added to graph {
  "id": "INVENTORY.CPY_INVENTORY-RECORD",
  "type": "data_structure",
  "propertiesCount": 4
}
2025-11-23 01:12:09 [INFO]: 💾 COBOL entity stored {
  "entityId": "INVENTORY.CPY_INVENTORY-RECORD",
  "entityType": "data_structure",
  "codeLength": 166
}
2025-11-23 01:12:09 [INFO]: ➡️ Edge added to graph {
  "from": "INVENTORY.CPY",
  "to": "INVENTORY.CPY_INVENTORY-RECORD",
  "type": "defines_data"
}
2025-11-23 01:12:09 [INFO]: 🔗 Relationship stored {
  "from": "INVENTORY.CPY",
  "to": "INVENTORY.CPY_INVENTORY-RECORD",
  "type": "defines_data"
}
2025-11-23 01:12:09 [INFO]: ✅ Embedding generated {
  "textLength": 1478,
  "vectorLength": 1536,
  "nonZeroValues": 664
}
2025-11-23 01:12:10 [INFO]: 🔍 Vector store attempting to store {
  "id": "c5da8051-a309-40c8-ba83-0bc79539cc5d:ParserAgent-1763840530025",
  "vectorType": "object",
  "isArray": true,
  "vectorLength": 1536,
  "expectedDimension": 1536,
  "firstFewValues": [
    0,
    0,
    0,
    0,
    0
  ]
}
2025-11-23 01:12:10 [INFO]: 📦 Vector stored {
  "id": "c5da8051-a309-40c8-ba83-0bc79539cc5d:ParserAgent-1763840530025",
  "dimension": 1536,
  "metadata": [
    "conversationId",
    "messageId",
    "content",
    "role",
    "type"
  ]
}
2025-11-23 01:12:10 [INFO]: 💬 Conversation context stored {
  "conversationId": "c5da8051-a309-40c8-ba83-0bc79539cc5d",
  "messageId": "ParserAgent-1763840530025",
  "role": "assistant",
  "contentLength": 1478
}
2025-11-23 01:12:10 [INFO]: ✅ ParserAgent completed successfully {
  "agent": "ParserAgent",
  "confidence": 0.95,
  "outputSize": 1478
}
2025-11-23 01:12:10 [INFO]: 🔧 Workflow step: modernize_step {
  "workflowId": "workflow_1763840497380_71y36oi5y"
}
2025-11-23 01:12:11 [INFO]: 🚀 Starting ModernizerAgent {
  "agent": "ModernizerAgent",
  "inputSize": 2554
}
2025-11-23 01:12:11 [INFO]: ✅ Embedding generated {
  "textLength": 1478,
  "vectorLength": 1536,
  "nonZeroValues": 664
}
2025-11-23 01:12:11 [INFO]: 🔍 Vector store search query {
  "vectorType": "object",
  "isArray": true,
  "vectorLength": 1536,
  "expectedDimension": 1536,
  "firstFewValues": [
    0,
    0,
    0,
    0,
    0
  ]
}
2025-11-23 01:12:11 [INFO]: 🔍 Vector search completed {
  "queryDimension": 1536,
  "totalVectors": 3,
  "resultsFound": 1,
  "threshold": 0.7
}
2025-11-23 01:12:11 [INFO]: 🔍 Vector store search query {
  "vectorType": "object",
  "isArray": true,
  "vectorLength": 1536,
  "expectedDimension": 1536,
  "firstFewValues": [
    0,
    0,
    0,
    0,
    0
  ]
}
2025-11-23 01:12:11 [INFO]: 🔍 Vector search completed {
  "queryDimension": 1536,
  "totalVectors": 3,
  "resultsFound": 0,
  "threshold": 0.7
}
2025-11-23 01:12:11 [INFO]: 🔍 Vector store search query {
  "vectorType": "object",
  "isArray": true,
  "vectorLength": 1536,
  "expectedDimension": 1536,
  "firstFewValues": [
    0,
    0,
    0,
    0,
    0
  ]
}
2025-11-23 01:12:11 [INFO]: 🔍 Vector search completed {
  "queryDimension": 1536,
  "totalVectors": 3,
  "resultsFound": 1,
  "threshold": 0.7
}
2025-11-23 01:12:12 [INFO]: 🎯 Retrieved relevant context {
  "conversationId": "c5da8051-a309-40c8-ba83-0bc79539cc5d",
  "conversationItems": 1,
  "codePatterns": 0,
  "entities": 1
}
2025-11-23 01:12:12 [INFO]: 🤖 Generating AI content {
  "provider": "gemini",
  "mockMode": false,
  "promptLength": 3475,
  "temperature": 0.4,
  "maxTokens": 6000
}
2025-11-23 01:12:44 [INFO]: ✅ AI content generated successfully {
  "responseLength": 6476
}
2025-11-23 01:12:44 [INFO]: ✅ Embedding generated {
  "textLength": 7630,
  "vectorLength": 1536,
  "nonZeroValues": 1222
}
2025-11-23 01:12:44 [INFO]: 🔍 Vector store attempting to store {
  "id": "INVENTORY.CPY_modern_Java",
  "vectorType": "object",
  "isArray": true,
  "vectorLength": 1536,
  "expectedDimension": 1536,
  "firstFewValues": [
    0.03896057735134954,
    0,
    0.017709353341522516,
    0,
    0.014167482673218013
  ]
}
2025-11-23 01:12:44 [INFO]: 📦 Vector stored {
  "id": "INVENTORY.CPY_modern_Java",
  "dimension": 1536,
  "metadata": [
    "entityType",
    "code",
    "language",
    "originalProgram",
    "targetLanguage",
    "targetFramework",
    "modernizationMetrics",
    "migrationPlan",
    "lastModernized"
  ]
}
2025-11-23 01:12:44 [INFO]: 🔗 Node added to graph {
  "id": "INVENTORY.CPY_modern_Java",
  "type": "modernized_program",
  "propertiesCount": 7
}
2025-11-23 01:12:44 [INFO]: 💾 COBOL entity stored {
  "entityId": "INVENTORY.CPY_modern_Java",
  "entityType": "modernized_program",
  "codeLength": 117
}
2025-11-23 01:12:44 [INFO]: ➡️ Edge added to graph {
  "from": "INVENTORY.CPY",
  "to": "INVENTORY.CPY_modern_Java",
  "type": "modernized_to"
}
2025-11-23 01:12:44 [INFO]: 🔗 Relationship stored {
  "from": "INVENTORY.CPY",
  "to": "INVENTORY.CPY_modern_Java",
  "type": "modernized_to"
}
2025-11-23 01:12:44 [INFO]: ✅ Embedding generated {
  "textLength": 7630,
  "vectorLength": 1536,
  "nonZeroValues": 1222
}
2025-11-23 01:12:44 [INFO]: 🔍 Vector store attempting to store {
  "id": "c5da8051-a309-40c8-ba83-0bc79539cc5d:ModernizerAgent-1763840564810",
  "vectorType": "object",
  "isArray": true,
  "vectorLength": 1536,
  "expectedDimension": 1536,
  "firstFewValues": [
    0.03896057735134954,
    0,
    0.017709353341522516,
    0,
    0.014167482673218013
  ]
}
2025-11-23 01:12:44 [INFO]: 📦 Vector stored {
  "id": "c5da8051-a309-40c8-ba83-0bc79539cc5d:ModernizerAgent-1763840564810",
  "dimension": 1536,
  "metadata": [
    "conversationId",
    "messageId",
    "content",
    "role",
    "type"
  ]
}
2025-11-23 01:12:44 [INFO]: 💬 Conversation context stored {
  "conversationId": "c5da8051-a309-40c8-ba83-0bc79539cc5d",
  "messageId": "ModernizerAgent-1763840564810",
  "role": "assistant",
  "contentLength": 7630
}
2025-11-23 01:12:44 [INFO]: ✅ ModernizerAgent completed successfully {
  "agent": "ModernizerAgent",
  "confidence": 0.7,
  "outputSize": 7630
}
2025-11-23 01:12:44 [INFO]: 🔧 Workflow step: validate_step {
  "workflowId": "workflow_1763840497380_71y36oi5y"
}
2025-11-23 01:12:44 [INFO]: 🚀 Starting ValidatorAgent {
  "agent": "ValidatorAgent",
  "inputSize": 9198
}
2025-11-23 01:12:44 [INFO]: ✅ Embedding generated {
  "textLength": 7630,
  "vectorLength": 1536,
  "nonZeroValues": 1222
}
2025-11-23 01:12:44 [INFO]: 🔍 Vector store search query {
  "vectorType": "object",
  "isArray": true,
  "vectorLength": 1536,
  "expectedDimension": 1536,
  "firstFewValues": [
    0.03896057735134954,
    0,
    0.017709353341522516,
    0,
    0.014167482673218013
  ]
}
2025-11-23 01:12:44 [INFO]: 🔍 Vector search completed {
  "queryDimension": 1536,
  "totalVectors": 5,
  "resultsFound": 1,
  "threshold": 0.7
}
2025-11-23 01:12:44 [INFO]: 🔍 Vector store search query {
  "vectorType": "object",
  "isArray": true,
  "vectorLength": 1536,
  "expectedDimension": 1536,
  "firstFewValues": [
    0.03896057735134954,
    0,
    0.017709353341522516,
    0,
    0.014167482673218013
  ]
}
2025-11-23 01:12:44 [INFO]: 🔍 Vector search completed {
  "queryDimension": 1536,
  "totalVectors": 5,
  "resultsFound": 0,
  "threshold": 0.7
}
2025-11-23 01:12:44 [INFO]: 🔍 Vector store search query {
  "vectorType": "object",
  "isArray": true,
  "vectorLength": 1536,
  "expectedDimension": 1536,
  "firstFewValues": [
    0.03896057735134954,
    0,
    0.017709353341522516,
    0,
    0.014167482673218013
  ]
}
2025-11-23 01:12:44 [INFO]: 🔍 Vector search completed {
  "queryDimension": 1536,
  "totalVectors": 5,
  "resultsFound": 1,
  "threshold": 0.7
}
2025-11-23 01:12:44 [INFO]: 🎯 Retrieved relevant context {
  "conversationId": "c5da8051-a309-40c8-ba83-0bc79539cc5d",
  "conversationItems": 1,
  "codePatterns": 0,
  "entities": 1
}
2025-11-23 01:12:44 [INFO]: 🤖 Generating AI content {
  "provider": "gemini",
  "mockMode": false,
  "promptLength": 10836,
  "temperature": 0.2,
  "maxTokens": 5000
}
2025-11-23 01:13:20 [INFO]: ✅ AI content generated successfully {
  "responseLength": 6176
}
2025-11-23 01:13:20 [INFO]: ✅ Embedding generated {
  "textLength": 7795,
  "vectorLength": 1536,
  "nonZeroValues": 1284
}
2025-11-23 01:13:20 [INFO]: 🔍 Vector store attempting to store {
  "id": "INVENTORY.CPY_validation_1763840600639",
  "vectorType": "object",
  "isArray": true,
  "vectorLength": 1536,
  "expectedDimension": 1536,
  "firstFewValues": [
    0.01685290204837081,
    0.03370580409674163,
    0.02106612756046352,
    0.008426451024185405,
    0
  ]
}
2025-11-23 01:13:20 [INFO]: 📦 Vector stored {
  "id": "INVENTORY.CPY_validation_1763840600639",
  "dimension": 1536,
  "metadata": [
    "entityType",
    "code",
    "language",
    "originalProgram",
    "overallScore",
    "status",
    "issueCount",
    "validatedAt"
  ]
}
2025-11-23 01:13:20 [INFO]: 🔗 Node added to graph {
  "id": "INVENTORY.CPY_validation_1763840600639",
  "type": "validation_result",
  "propertiesCount": 6
}
2025-11-23 01:13:20 [INFO]: 💾 COBOL entity stored {
  "entityId": "INVENTORY.CPY_validation_1763840600639",
  "entityType": "validation_result",
  "codeLength": 7795
}
2025-11-23 01:13:20 [INFO]: ➡️ Edge added to graph {
  "from": "INVENTORY.CPY_modern_Java",
  "to": "INVENTORY.CPY_validation_1763840600639",
  "type": "validated_by"
}
2025-11-23 01:13:20 [INFO]: 🔗 Relationship stored {
  "from": "INVENTORY.CPY_modern_Java",
  "to": "INVENTORY.CPY_validation_1763840600639",
  "type": "validated_by"
}
2025-11-23 01:13:20 [INFO]: ✅ Embedding generated {
  "textLength": 7795,
  "vectorLength": 1536,
  "nonZeroValues": 1284
}
2025-11-23 01:13:20 [INFO]: 🔍 Vector store attempting to store {
  "id": "c5da8051-a309-40c8-ba83-0bc79539cc5d:ValidatorAgent-1763840600648",
  "vectorType": "object",
  "isArray": true,
  "vectorLength": 1536,
  "expectedDimension": 1536,
  "firstFewValues": [
    0.01685290204837081,
    0.03370580409674163,
    0.02106612756046352,
    0.008426451024185405,
    0
  ]
}
2025-11-23 01:13:20 [INFO]: 📦 Vector stored {
  "id": "c5da8051-a309-40c8-ba83-0bc79539cc5d:ValidatorAgent-1763840600648",
  "dimension": 1536,
  "metadata": [
    "conversationId",
    "messageId",
    "content",
    "role",
    "type"
  ]
}
2025-11-23 01:13:20 [INFO]: 💬 Conversation context stored {
  "conversationId": "c5da8051-a309-40c8-ba83-0bc79539cc5d",
  "messageId": "ValidatorAgent-1763840600648",
  "role": "assistant",
  "contentLength": 7795
}
2025-11-23 01:13:20 [INFO]: ✅ ValidatorAgent completed successfully {
  "agent": "ValidatorAgent",
  "confidence": 0.7999999999999998,
  "outputSize": 7795
}
2025-11-23 01:13:20 [INFO]: 🔧 Workflow step: validation_concerns {
  "workflowId": "workflow_1763840497380_71y36oi5y",
  "score": 60
}
2025-11-23 01:13:20 [INFO]: 🔧 Workflow step: explain_step {
  "workflowId": "workflow_1763840497380_71y36oi5y"
}
2025-11-23 01:13:20 [INFO]: 🚀 Starting ExplainerAgent {
  "agent": "ExplainerAgent",
  "inputSize": 17056
}
2025-11-23 01:13:20 [INFO]: ✅ Embedding generated {
  "textLength": 16946,
  "vectorLength": 1536,
  "nonZeroValues": 1479
}
2025-11-23 01:13:20 [INFO]: 🔍 Vector store search query {
  "vectorType": "object",
  "isArray": true,
  "vectorLength": 1536,
  "expectedDimension": 1536,
  "firstFewValues": [
    0.008091696803271145,
    0.006068772602453358,
    0.022252166208995644,
    0.002022924200817786,
    0.004045848401635572
  ]
}
2025-11-23 01:13:20 [INFO]: 🔍 Vector search completed {
  "queryDimension": 1536,
  "totalVectors": 7,
  "resultsFound": 0,
  "threshold": 0.7
}
2025-11-23 01:13:20 [INFO]: 🔍 Vector store search query {
  "vectorType": "object",
  "isArray": true,
  "vectorLength": 1536,
  "expectedDimension": 1536,
  "firstFewValues": [
    0.008091696803271145,
    0.006068772602453358,
    0.022252166208995644,
    0.002022924200817786,
    0.004045848401635572
  ]
}
2025-11-23 01:13:20 [INFO]: 🔍 Vector search completed {
  "queryDimension": 1536,
  "totalVectors": 7,
  "resultsFound": 0,
  "threshold": 0.7
}
2025-11-23 01:13:20 [INFO]: 🔍 Vector store search query {
  "vectorType": "object",
  "isArray": true,
  "vectorLength": 1536,
  "expectedDimension": 1536,
  "firstFewValues": [
    0.008091696803271145,
    0.006068772602453358,
    0.022252166208995644,
    0.002022924200817786,
    0.004045848401635572
  ]
}
2025-11-23 01:13:20 [INFO]: 🔍 Vector search completed {
  "queryDimension": 1536,
  "totalVectors": 7,
  "resultsFound": 0,
  "threshold": 0.7
}
2025-11-23 01:13:20 [INFO]: 🎯 Retrieved relevant context {
  "conversationId": "c5da8051-a309-40c8-ba83-0bc79539cc5d",
  "conversationItems": 0,
  "codePatterns": 0,
  "entities": 0
}
2025-11-23 01:13:20 [INFO]: 🤖 Generating AI content {
  "provider": "gemini",
  "mockMode": false,
  "promptLength": 18848,
  "temperature": 0.5,
  "maxTokens": 6000
}
2025-11-23 01:13:56 [INFO]: ✅ AI content generated successfully {
  "responseLength": 6781
}
2025-11-23 01:13:56 [INFO]: ✅ Embedding generated {
  "textLength": 15428,
  "vectorLength": 1536,
  "nonZeroValues": 1359
}
2025-11-23 01:13:56 [INFO]: 🔍 Vector store attempting to store {
  "id": "explanation_1763840636916",
  "vectorType": "object",
  "isArray": true,
  "vectorLength": 1536,
  "expectedDimension": 1536,
  "firstFewValues": [
    0.03948574430464096,
    0.02193652461368942,
    0.03509843938190308,
    0.03948574430464096,
    0.017549219690951537
  ]
}
2025-11-23 01:13:56 [INFO]: 📦 Vector stored {
  "id": "explanation_1763840636916",
  "dimension": 1536,
  "metadata": [
    "entityType",
    "code",
    "language",
    "explanationType",
    "targetAudience",
    "sectionCount",
    "insightCount",
    "createdAt"
  ]
}
2025-11-23 01:13:56 [INFO]: 🔗 Node added to graph {
  "id": "explanation_1763840636916",
  "type": "explanation",
  "propertiesCount": 6
}
2025-11-23 01:13:56 [INFO]: 💾 COBOL entity stored {
  "entityId": "explanation_1763840636916",
  "entityType": "explanation",
  "codeLength": 15428
}
2025-11-23 01:13:56 [INFO]: ✅ Embedding generated {
  "textLength": 15428,
  "vectorLength": 1536,
  "nonZeroValues": 1359
}
2025-11-23 01:13:56 [INFO]: 🔍 Vector store attempting to store {
  "id": "c5da8051-a309-40c8-ba83-0bc79539cc5d:ExplainerAgent-1763840636921",
  "vectorType": "object",
  "isArray": true,
  "vectorLength": 1536,
  "expectedDimension": 1536,
  "firstFewValues": [
    0.03948574430464096,
    0.02193652461368942,
    0.03509843938190308,
    0.03948574430464096,
    0.017549219690951537
  ]
}
2025-11-23 01:13:56 [INFO]: 📦 Vector stored {
  "id": "c5da8051-a309-40c8-ba83-0bc79539cc5d:ExplainerAgent-1763840636921",
  "dimension": 1536,
  "metadata": [
    "conversationId",
    "messageId",
    "content",
    "role",
    "type"
  ]
}
2025-11-23 01:13:56 [INFO]: 💬 Conversation context stored {
  "conversationId": "c5da8051-a309-40c8-ba83-0bc79539cc5d",
  "messageId": "ExplainerAgent-1763840636921",
  "role": "assistant",
  "contentLength": 15428
}
2025-11-23 01:13:56 [INFO]: ✅ ExplainerAgent completed successfully {
  "agent": "ExplainerAgent",
  "confidence": 0.8999999999999999,
  "outputSize": 15428
}
2025-11-23 01:13:56 [INFO]: 🔧 Workflow step: workflow_completed {
  "workflowId": "workflow_1763840497380_71y36oi5y",
  "workflowType": "full_modernization",
  "duration": 139545,
  "success": true
}
2025-11-23 01:13:56 [INFO]: Job c5da8051-a309-40c8-ba83-0bc79539cc5d: Pipeline completed 
2025-11-23 01:13:56 [INFO]: Job c5da8051-a309-40c8-ba83-0bc79539cc5d: Processing completed successfully 
2025-11-23 01:13:56 [INFO]: ✅ Job c5da8051-a309-40c8-ba83-0bc79539cc5d completed successfully - processed 2 files 
2025-11-23 01:15:55 [INFO]: 🚀 Initializing AI Modernization Assistant... 
2025-11-23 01:15:55 [INFO]: 🤖 AI Client initialized {
  "provider": "gemini",
  "mockMode": false,
  "hasApiKey": true
}
2025-11-23 01:15:55 [INFO]: ✅ AI system initialized successfully 
2025-11-23 01:15:55 [INFO]: 🌟 AI Modernization Assistant server running on port 3001 
2025-11-23 01:15:55 [INFO]: 📁 Upload directory: D:\mumbaiHack\404-KILLERS\engine\uploads 
2025-11-23 01:15:55 [INFO]: 🔧 Environment: development 
2025-11-23 01:15:55 [INFO]: 🤖 AI Provider: gemini 
2025-11-23 01:15:55 [INFO]: 🔑 API Key configured: true 
2025-11-23 01:16:38 [INFO]: 📁 File upload received: 2 file(s) 
2025-11-23 01:16:38 [INFO]:   - INVENTORY.CPY (506 bytes) 
2025-11-23 01:16:38 [INFO]:   - INVENTORY.DAT (340 bytes) 
2025-11-23 01:16:38 [INFO]: Job becd6450-ebac-4cf9-bb6b-7e2d6755088f: Starting analysis of 2 files... 
2025-11-23 01:16:38 [INFO]: 📊 File breakdown: 1 .cpy, 1 .dat, 0 other 
2025-11-23 01:16:38 [INFO]: Job becd6450-ebac-4cf9-bb6b-7e2d6755088f: Processing INVENTORY.CPY... 
2025-11-23 01:16:38 [INFO]: 📄 Starting file chunking {
  "filePath": "files-1763840798039-852564515.CPY",
  "maxChunkSize": 4000,
  "overlap": 200,
  "strategy": "auto"
}
2025-11-23 01:16:38 [INFO]: Job becd6450-ebac-4cf9-bb6b-7e2d6755088f: Processing INVENTORY.DAT... 
2025-11-23 01:16:38 [INFO]: 📄 Starting file chunking {
  "filePath": "files-1763840798047-582850925.DAT",
  "maxChunkSize": 4000,
  "overlap": 200,
  "strategy": "auto"
}
2025-11-23 01:16:38 [INFO]: Job becd6450-ebac-4cf9-bb6b-7e2d6755088f: Combined 2 chunks from 2 files 
2025-11-23 01:16:38 [INFO]: Job becd6450-ebac-4cf9-bb6b-7e2d6755088f: Starting modernization pipeline... 
2025-11-23 01:16:38 [INFO]: 🔧 Workflow step: workflow_started {
  "workflowId": "workflow_1763840798247_p2oho5yhw",
  "workflowType": "full_modernization",
  "input": "object"
}
2025-11-23 01:16:38 [INFO]: 🔧 Workflow step: parse_step {
  "workflowId": "workflow_1763840798247_p2oho5yhw"
}
2025-11-23 01:16:38 [INFO]: 🚀 Starting ParserAgent {
  "agent": "ParserAgent",
  "inputSize": 2427
}
2025-11-23 01:16:38 [INFO]: 🤖 Generating AI content {
  "provider": "gemini",
  "mockMode": false,
  "promptLength": 1144,
  "temperature": 0.3,
  "maxTokens": 4000
}
2025-11-23 01:17:06 [INFO]: ✅ AI content generated successfully {
  "responseLength": 2077
}
2025-11-23 01:17:06 [INFO]: ✅ Embedding generated {
  "textLength": 1906,
  "vectorLength": 1536,
  "nonZeroValues": 756
}
2025-11-23 01:17:06 [INFO]: 🔍 Vector store attempting to store {
  "id": "INVENTORY",
  "vectorType": "object",
  "isArray": true,
  "vectorLength": 1536,
  "expectedDimension": 1536,
  "firstFewValues": [
    0,
    0.02728738972719092,
    0,
    0.01364369486359546,
    0
  ]
}
2025-11-23 01:17:06 [INFO]: 📦 Vector stored {
  "id": "INVENTORY",
  "dimension": 1536,
  "metadata": [
    "entityType",
    "code",
    "language",
    "analysisResult",
    "qualityMetrics",
    "lastAnalyzed"
  ]
}
2025-11-23 01:17:06 [INFO]: 🔗 Node added to graph {
  "id": "INVENTORY",
  "type": "cobol_program",
  "propertiesCount": 5
}
2025-11-23 01:17:06 [INFO]: 💾 COBOL entity stored {
  "entityId": "INVENTORY",
  "entityType": "program",
  "codeLength": 918
}
2025-11-23 01:17:06 [INFO]: ✅ Embedding generated {
  "textLength": 419,
  "vectorLength": 1536,
  "nonZeroValues": 207
}
2025-11-23 01:17:06 [INFO]: 🔍 Vector store attempting to store {
  "id": "INVENTORY_INVENTORY-RECORD",
  "vectorType": "object",
  "isArray": true,
  "vectorLength": 1536,
  "expectedDimension": 1536,
  "firstFewValues": [
    0,
    0,
    0,
    0,
    0.038263936589668986
  ]
}
2025-11-23 01:17:06 [INFO]: 📦 Vector stored {
  "id": "INVENTORY_INVENTORY-RECORD",
  "dimension": 1536,
  "metadata": [
    "entityType",
    "code",
    "language",
    "parentProgram",
    "fields",
    "usage"
  ]
}
2025-11-23 01:17:06 [INFO]: 🔗 Node added to graph {
  "id": "INVENTORY_INVENTORY-RECORD",
  "type": "data_structure",
  "propertiesCount": 4
}
2025-11-23 01:17:06 [INFO]: 💾 COBOL entity stored {
  "entityId": "INVENTORY_INVENTORY-RECORD",
  "entityType": "data_structure",
  "codeLength": 419
}
2025-11-23 01:17:06 [INFO]: ➡️ Edge added to graph {
  "from": "INVENTORY",
  "to": "INVENTORY_INVENTORY-RECORD",
  "type": "defines_data"
}
2025-11-23 01:17:06 [INFO]: 🔗 Relationship stored {
  "from": "INVENTORY",
  "to": "INVENTORY_INVENTORY-RECORD",
  "type": "defines_data"
}
2025-11-23 01:17:06 [INFO]: ✅ Embedding generated {
  "textLength": 1906,
  "vectorLength": 1536,
  "nonZeroValues": 756
}
2025-11-23 01:17:06 [INFO]: 🔍 Vector store attempting to store {
  "id": "becd6450-ebac-4cf9-bb6b-7e2d6755088f:ParserAgent-1763840826103",
  "vectorType": "object",
  "isArray": true,
  "vectorLength": 1536,
  "expectedDimension": 1536,
  "firstFewValues": [
    0,
    0.02728738972719092,
    0,
    0.01364369486359546,
    0
  ]
}
2025-11-23 01:17:06 [INFO]: 📦 Vector stored {
  "id": "becd6450-ebac-4cf9-bb6b-7e2d6755088f:ParserAgent-1763840826103",
  "dimension": 1536,
  "metadata": [
    "conversationId",
    "messageId",
    "content",
    "role",
    "type"
  ]
}
2025-11-23 01:17:06 [INFO]: 💬 Conversation context stored {
  "conversationId": "becd6450-ebac-4cf9-bb6b-7e2d6755088f",
  "messageId": "ParserAgent-1763840826103",
  "role": "assistant",
  "contentLength": 1906
}
2025-11-23 01:17:06 [INFO]: ✅ ParserAgent completed successfully {
  "agent": "ParserAgent",
  "confidence": 0.95,
  "outputSize": 1906
}
2025-11-23 01:17:06 [INFO]: 🔧 Workflow step: modernize_step {
  "workflowId": "workflow_1763840798247_p2oho5yhw"
}
2025-11-23 01:17:06 [INFO]: 🚀 Starting ModernizerAgent {
  "agent": "ModernizerAgent",
  "inputSize": 2982
}
2025-11-23 01:17:06 [INFO]: ✅ Embedding generated {
  "textLength": 1906,
  "vectorLength": 1536,
  "nonZeroValues": 756
}
2025-11-23 01:17:06 [INFO]: 🔍 Vector store search query {
  "vectorType": "object",
  "isArray": true,
  "vectorLength": 1536,
  "expectedDimension": 1536,
  "firstFewValues": [
    0,
    0.02728738972719092,
    0,
    0.01364369486359546,
    0
  ]
}
2025-11-23 01:17:06 [INFO]: 🔍 Vector search completed {
  "queryDimension": 1536,
  "totalVectors": 3,
  "resultsFound": 1,
  "threshold": 0.7
}
2025-11-23 01:17:06 [INFO]: 🔍 Vector store search query {
  "vectorType": "object",
  "isArray": true,
  "vectorLength": 1536,
  "expectedDimension": 1536,
  "firstFewValues": [
    0,
    0.02728738972719092,
    0,
    0.01364369486359546,
    0
  ]
}
2025-11-23 01:17:06 [INFO]: 🔍 Vector search completed {
  "queryDimension": 1536,
  "totalVectors": 3,
  "resultsFound": 0,
  "threshold": 0.7
}
2025-11-23 01:17:06 [INFO]: 🔍 Vector store search query {
  "vectorType": "object",
  "isArray": true,
  "vectorLength": 1536,
  "expectedDimension": 1536,
  "firstFewValues": [
    0,
    0.02728738972719092,
    0,
    0.01364369486359546,
    0
  ]
}
2025-11-23 01:17:06 [INFO]: 🔍 Vector search completed {
  "queryDimension": 1536,
  "totalVectors": 3,
  "resultsFound": 1,
  "threshold": 0.7
}
2025-11-23 01:17:06 [INFO]: 🎯 Retrieved relevant context {
  "conversationId": "becd6450-ebac-4cf9-bb6b-7e2d6755088f",
  "conversationItems": 1,
  "codePatterns": 0,
  "entities": 1
}
2025-11-23 01:17:06 [INFO]: 🤖 Generating AI content {
  "provider": "gemini",
  "mockMode": false,
  "promptLength": 3886,
  "temperature": 0.4,
  "maxTokens": 6000
}
2025-11-23 01:17:37 [INFO]: ✅ AI content generated successfully {
  "responseLength": 7309
}
2025-11-23 01:17:37 [INFO]: ✅ Embedding generated {
  "textLength": 8451,
  "vectorLength": 1536,
  "nonZeroValues": 1245
}
2025-11-23 01:17:37 [INFO]: 🔍 Vector store attempting to store {
  "id": "INVENTORY_modern_Java",
  "vectorType": "object",
  "isArray": true,
  "vectorLength": 1536,
  "expectedDimension": 1536,
  "firstFewValues": [
    0.0032591795735163655,
    0.013036718294065462,
    0.05866523232329456,
    0.026073436588130924,
    0
  ]
}
2025-11-23 01:17:37 [INFO]: 📦 Vector stored {
  "id": "INVENTORY_modern_Java",
  "dimension": 1536,
  "metadata": [
    "entityType",
    "code",
    "language",
    "originalProgram",
    "targetLanguage",
    "targetFramework",
    "modernizationMetrics",
    "migrationPlan",
    "lastModernized"
  ]
}
2025-11-23 01:17:37 [INFO]: 🔗 Node added to graph {
  "id": "INVENTORY_modern_Java",
  "type": "modernized_program",
  "propertiesCount": 7
}
2025-11-23 01:17:37 [INFO]: 💾 COBOL entity stored {
  "entityId": "INVENTORY_modern_Java",
  "entityType": "modernized_program",
  "codeLength": 117
}
2025-11-23 01:17:37 [INFO]: ➡️ Edge added to graph {
  "from": "INVENTORY",
  "to": "INVENTORY_modern_Java",
  "type": "modernized_to"
}
2025-11-23 01:17:37 [INFO]: 🔗 Relationship stored {
  "from": "INVENTORY",
  "to": "INVENTORY_modern_Java",
  "type": "modernized_to"
}
2025-11-23 01:17:37 [INFO]: ✅ Embedding generated {
  "textLength": 8451,
  "vectorLength": 1536,
  "nonZeroValues": 1245
}
2025-11-23 01:17:37 [INFO]: 🔍 Vector store attempting to store {
  "id": "becd6450-ebac-4cf9-bb6b-7e2d6755088f:ModernizerAgent-1763840857874",
  "vectorType": "object",
  "isArray": true,
  "vectorLength": 1536,
  "expectedDimension": 1536,
  "firstFewValues": [
    0.0032591795735163655,
    0.013036718294065462,
    0.05866523232329456,
    0.026073436588130924,
    0
  ]
}
2025-11-23 01:17:37 [INFO]: 📦 Vector stored {
  "id": "becd6450-ebac-4cf9-bb6b-7e2d6755088f:ModernizerAgent-1763840857874",
  "dimension": 1536,
  "metadata": [
    "conversationId",
    "messageId",
    "content",
    "role",
    "type"
  ]
}
2025-11-23 01:17:37 [INFO]: 💬 Conversation context stored {
  "conversationId": "becd6450-ebac-4cf9-bb6b-7e2d6755088f",
  "messageId": "ModernizerAgent-1763840857874",
  "role": "assistant",
  "contentLength": 8451
}
2025-11-23 01:17:37 [INFO]: ✅ ModernizerAgent completed successfully {
  "agent": "ModernizerAgent",
  "confidence": 0.7,
  "outputSize": 8451
}
2025-11-23 01:17:37 [INFO]: 🔧 Workflow step: validate_step {
  "workflowId": "workflow_1763840798247_p2oho5yhw"
}
2025-11-23 01:17:37 [INFO]: 🚀 Starting ValidatorAgent {
  "agent": "ValidatorAgent",
  "inputSize": 10447
}
2025-11-23 01:17:37 [INFO]: ✅ Embedding generated {
  "textLength": 8451,
  "vectorLength": 1536,
  "nonZeroValues": 1245
}
2025-11-23 01:17:37 [INFO]: 🔍 Vector store search query {
  "vectorType": "object",
  "isArray": true,
  "vectorLength": 1536,
  "expectedDimension": 1536,
  "firstFewValues": [
    0.0032591795735163655,
    0.013036718294065462,
    0.05866523232329456,
    0.026073436588130924,
    0
  ]
}
2025-11-23 01:17:37 [INFO]: 🔍 Vector search completed {
  "queryDimension": 1536,
  "totalVectors": 5,
  "resultsFound": 1,
  "threshold": 0.7
}
2025-11-23 01:17:37 [INFO]: 🔍 Vector store search query {
  "vectorType": "object",
  "isArray": true,
  "vectorLength": 1536,
  "expectedDimension": 1536,
  "firstFewValues": [
    0.0032591795735163655,
    0.013036718294065462,
    0.05866523232329456,
    0.026073436588130924,
    0
  ]
}
2025-11-23 01:17:37 [INFO]: 🔍 Vector search completed {
  "queryDimension": 1536,
  "totalVectors": 5,
  "resultsFound": 0,
  "threshold": 0.7
}
2025-11-23 01:17:37 [INFO]: 🔍 Vector store search query {
  "vectorType": "object",
  "isArray": true,
  "vectorLength": 1536,
  "expectedDimension": 1536,
  "firstFewValues": [
    0.0032591795735163655,
    0.013036718294065462,
    0.05866523232329456,
    0.026073436588130924,
    0
  ]
}
2025-11-23 01:17:37 [INFO]: 🔍 Vector search completed {
  "queryDimension": 1536,
  "totalVectors": 5,
  "resultsFound": 1,
  "threshold": 0.7
}
2025-11-23 01:17:37 [INFO]: 🎯 Retrieved relevant context {
  "conversationId": "becd6450-ebac-4cf9-bb6b-7e2d6755088f",
  "conversationItems": 1,
  "codePatterns": 0,
  "entities": 1
}
2025-11-23 01:17:37 [INFO]: 🤖 Generating AI content {
  "provider": "gemini",
  "mockMode": false,
  "promptLength": 12068,
  "temperature": 0.2,
  "maxTokens": 5000
}
2025-11-23 01:18:12 [INFO]: ✅ AI content generated successfully {
  "responseLength": 6050
}
2025-11-23 01:18:12 [INFO]: ✅ Embedding generated {
  "textLength": 5927,
  "vectorLength": 1536,
  "nonZeroValues": 1260
}
2025-11-23 01:18:12 [INFO]: 🔍 Vector store attempting to store {
  "id": "INVENTORY_validation_1763840892672",
  "vectorType": "object",
  "isArray": true,
  "vectorLength": 1536,
  "expectedDimension": 1536,
  "firstFewValues": [
    0,
    0.005577113865331599,
    0.027885569326657998,
    0.011154227730663198,
    0.18962187142127437
  ]
}
2025-11-23 01:18:12 [INFO]: 📦 Vector stored {
  "id": "INVENTORY_validation_1763840892672",
  "dimension": 1536,
  "metadata": [
    "entityType",
    "code",
    "language",
    "originalProgram",
    "overallScore",
    "status",
    "issueCount",
    "validatedAt"
  ]
}
2025-11-23 01:18:12 [INFO]: 🔗 Node added to graph {
  "id": "INVENTORY_validation_1763840892672",
  "type": "validation_result",
  "propertiesCount": 6
}
2025-11-23 01:18:12 [INFO]: 💾 COBOL entity stored {
  "entityId": "INVENTORY_validation_1763840892672",
  "entityType": "validation_result",
  "codeLength": 5927
}
2025-11-23 01:18:12 [INFO]: ➡️ Edge added to graph {
  "from": "INVENTORY_modern_Java",
  "to": "INVENTORY_validation_1763840892672",
  "type": "validated_by"
}
2025-11-23 01:18:12 [INFO]: 🔗 Relationship stored {
  "from": "INVENTORY_modern_Java",
  "to": "INVENTORY_validation_1763840892672",
  "type": "validated_by"
}
2025-11-23 01:18:12 [INFO]: ✅ Embedding generated {
  "textLength": 5927,
  "vectorLength": 1536,
  "nonZeroValues": 1260
}
2025-11-23 01:18:12 [INFO]: 🔍 Vector store attempting to store {
  "id": "becd6450-ebac-4cf9-bb6b-7e2d6755088f:ValidatorAgent-1763840892689",
  "vectorType": "object",
  "isArray": true,
  "vectorLength": 1536,
  "expectedDimension": 1536,
  "firstFewValues": [
    0,
    0.005577113865331599,
    0.027885569326657998,
    0.011154227730663198,
    0.18962187142127437
  ]
}
2025-11-23 01:18:12 [INFO]: 📦 Vector stored {
  "id": "becd6450-ebac-4cf9-bb6b-7e2d6755088f:ValidatorAgent-1763840892689",
  "dimension": 1536,
  "metadata": [
    "conversationId",
    "messageId",
    "content",
    "role",
    "type"
  ]
}
2025-11-23 01:18:12 [INFO]: 💬 Conversation context stored {
  "conversationId": "becd6450-ebac-4cf9-bb6b-7e2d6755088f",
  "messageId": "ValidatorAgent-1763840892689",
  "role": "assistant",
  "contentLength": 5927
}
2025-11-23 01:18:12 [INFO]: ✅ ValidatorAgent completed successfully {
  "agent": "ValidatorAgent",
  "confidence": 0.95,
  "outputSize": 5927
}
2025-11-23 01:18:12 [INFO]: 🔧 Workflow step: explain_step {
  "workflowId": "workflow_1763840798247_p2oho5yhw"
}
2025-11-23 01:18:12 [INFO]: 🚀 Starting ExplainerAgent {
  "agent": "ExplainerAgent",
  "inputSize": 16437
}
2025-11-23 01:18:12 [INFO]: ✅ Embedding generated {
  "textLength": 16327,
  "vectorLength": 1536,
  "nonZeroValues": 1477
}
2025-11-23 01:18:12 [INFO]: 🔍 Vector store search query {
  "vectorType": "object",
  "isArray": true,
  "vectorLength": 1536,
  "expectedDimension": 1536,
  "firstFewValues": [
    0.008569614278826604,
    0.004284807139413302,
    0.01928163212735986,
    0.036420860685013066,
    0.006427210709119954
  ]
}
2025-11-23 01:18:12 [INFO]: 🔍 Vector search completed {
  "queryDimension": 1536,
  "totalVectors": 7,
  "resultsFound": 0,
  "threshold": 0.7
}
2025-11-23 01:18:12 [INFO]: 🔍 Vector store search query {
  "vectorType": "object",
  "isArray": true,
  "vectorLength": 1536,
  "expectedDimension": 1536,
  "firstFewValues": [
    0.008569614278826604,
    0.004284807139413302,
    0.01928163212735986,
    0.036420860685013066,
    0.006427210709119954
  ]
}
2025-11-23 01:18:12 [INFO]: 🔍 Vector search completed {
  "queryDimension": 1536,
  "totalVectors": 7,
  "resultsFound": 0,
  "threshold": 0.7
}
2025-11-23 01:18:12 [INFO]: 🔍 Vector store search query {
  "vectorType": "object",
  "isArray": true,
  "vectorLength": 1536,
  "expectedDimension": 1536,
  "firstFewValues": [
    0.008569614278826604,
    0.004284807139413302,
    0.01928163212735986,
    0.036420860685013066,
    0.006427210709119954
  ]
}
2025-11-23 01:18:12 [INFO]: 🔍 Vector search completed {
  "queryDimension": 1536,
  "totalVectors": 7,
  "resultsFound": 0,
  "threshold": 0.7
}
2025-11-23 01:18:12 [INFO]: 🎯 Retrieved relevant context {
  "conversationId": "becd6450-ebac-4cf9-bb6b-7e2d6755088f",
  "conversationItems": 0,
  "codePatterns": 0,
  "entities": 0
}
2025-11-23 01:18:12 [INFO]: 🤖 Generating AI content {
  "provider": "gemini",
  "mockMode": false,
  "promptLength": 18835,
  "temperature": 0.5,
  "maxTokens": 6000
}
2025-11-23 01:18:47 [INFO]: ✅ AI content generated successfully {
  "responseLength": 6818
}
2025-11-23 01:18:47 [INFO]: ✅ Embedding generated {
  "textLength": 15418,
  "vectorLength": 1536,
  "nonZeroValues": 1318
}
2025-11-23 01:18:47 [INFO]: 🔍 Vector store attempting to store {
  "id": "explanation_1763840927895",
  "vectorType": "object",
  "isArray": true,
  "vectorLength": 1536,
  "expectedDimension": 1536,
  "firstFewValues": [
    0.013574973322022007,
    0.031674937751384684,
    0.004524991107340669,
    0.05429989328808802,
    0.011312477768351672
  ]
}
2025-11-23 01:18:47 [INFO]: 📦 Vector stored {
  "id": "explanation_1763840927895",
  "dimension": 1536,
  "metadata": [
    "entityType",
    "code",
    "language",
    "explanationType",
    "targetAudience",
    "sectionCount",
    "insightCount",
    "createdAt"
  ]
}
2025-11-23 01:18:47 [INFO]: 🔗 Node added to graph {
  "id": "explanation_1763840927895",
  "type": "explanation",
  "propertiesCount": 6
}
2025-11-23 01:18:47 [INFO]: 💾 COBOL entity stored {
  "entityId": "explanation_1763840927895",
  "entityType": "explanation",
  "codeLength": 15418
}
2025-11-23 01:18:47 [INFO]: ✅ Embedding generated {
  "textLength": 15418,
  "vectorLength": 1536,
  "nonZeroValues": 1318
}
2025-11-23 01:18:47 [INFO]: 🔍 Vector store attempting to store {
  "id": "becd6450-ebac-4cf9-bb6b-7e2d6755088f:ExplainerAgent-1763840927908",
  "vectorType": "object",
  "isArray": true,
  "vectorLength": 1536,
  "expectedDimension": 1536,
  "firstFewValues": [
    0.013574973322022007,
    0.031674937751384684,
    0.004524991107340669,
    0.05429989328808802,
    0.011312477768351672
  ]
}
2025-11-23 01:18:47 [INFO]: 📦 Vector stored {
  "id": "becd6450-ebac-4cf9-bb6b-7e2d6755088f:ExplainerAgent-1763840927908",
  "dimension": 1536,
  "metadata": [
    "conversationId",
    "messageId",
    "content",
    "role",
    "type"
  ]
}
2025-11-23 01:18:47 [INFO]: 💬 Conversation context stored {
  "conversationId": "becd6450-ebac-4cf9-bb6b-7e2d6755088f",
  "messageId": "ExplainerAgent-1763840927908",
  "role": "assistant",
  "contentLength": 15418
}
2025-11-23 01:18:47 [INFO]: ✅ ExplainerAgent completed successfully {
  "agent": "ExplainerAgent",
  "confidence": 0.8999999999999999,
  "outputSize": 15418
}
2025-11-23 01:18:47 [INFO]: 🔧 Workflow step: workflow_completed {
  "workflowId": "workflow_1763840798247_p2oho5yhw",
  "workflowType": "full_modernization",
  "duration": 129668,
  "success": true
}
2025-11-23 01:18:47 [INFO]: Job becd6450-ebac-4cf9-bb6b-7e2d6755088f: Pipeline completed 
2025-11-23 01:18:47 [INFO]: Job becd6450-ebac-4cf9-bb6b-7e2d6755088f: Processing completed successfully 
2025-11-23 01:18:47 [INFO]: ✅ Job becd6450-ebac-4cf9-bb6b-7e2d6755088f completed successfully - processed 2 files 
2025-11-23 01:25:31 [INFO]: 📁 File upload received: 2 file(s) 
2025-11-23 01:25:31 [INFO]:   - CLAIMS.DAT (340 bytes) 
2025-11-23 01:25:31 [INFO]:   - CLAIMS.CPY (644 bytes) 
2025-11-23 01:25:31 [INFO]: Job 8f76f845-3031-41ff-8733-4abadaa42542: Starting analysis of 2 files... 
2025-11-23 01:25:31 [INFO]: 📊 File breakdown: 1 .cpy, 1 .dat, 0 other 
2025-11-23 01:25:31 [INFO]: Job 8f76f845-3031-41ff-8733-4abadaa42542: Processing CLAIMS.DAT... 
2025-11-23 01:25:31 [INFO]: 📄 Starting file chunking {
  "filePath": "files-1763841331330-509697872.DAT",
  "maxChunkSize": 4000,
  "overlap": 200,
  "strategy": "auto"
}
2025-11-23 01:25:31 [INFO]: Job 8f76f845-3031-41ff-8733-4abadaa42542: Processing CLAIMS.CPY... 
2025-11-23 01:25:31 [INFO]: 📄 Starting file chunking {
  "filePath": "files-1763841331330-933085545.CPY",
  "maxChunkSize": 4000,
  "overlap": 200,
  "strategy": "auto"
}
2025-11-23 01:25:31 [INFO]: Job 8f76f845-3031-41ff-8733-4abadaa42542: Combined 2 chunks from 2 files 
2025-11-23 01:25:31 [INFO]: Job 8f76f845-3031-41ff-8733-4abadaa42542: Starting modernization pipeline... 
2025-11-23 01:25:31 [INFO]: 🔧 Workflow step: workflow_started {
  "workflowId": "workflow_1763841331551_01lgf1scb",
  "workflowType": "full_modernization",
  "input": "object"
}
2025-11-23 01:25:31 [INFO]: 🔧 Workflow step: parse_step {
  "workflowId": "workflow_1763841331551_01lgf1scb"
}
2025-11-23 01:25:31 [INFO]: 🚀 Starting ParserAgent {
  "agent": "ParserAgent",
  "inputSize": 2691
}
2025-11-23 01:25:31 [INFO]: 🤖 Generating AI content {
  "provider": "gemini",
  "mockMode": false,
  "promptLength": 1270,
  "temperature": 0.3,
  "maxTokens": 4000
}
2025-11-23 01:25:54 [INFO]: ✅ AI content generated successfully {
  "responseLength": 3808
}
2025-11-23 01:25:54 [INFO]: ✅ Embedding generated {
  "textLength": 2792,
  "vectorLength": 1536,
  "nonZeroValues": 864
}
2025-11-23 01:25:54 [INFO]: 🔍 Vector store attempting to store {
  "id": "INFERRED_CLAIM_PROCESSOR",
  "vectorType": "object",
  "isArray": true,
  "vectorLength": 1536,
  "expectedDimension": 1536,
  "firstFewValues": [
    0.020796133942132835,
    0,
    0,
    0,
    0.020796133942132835
  ]
}
2025-11-23 01:25:54 [INFO]: 📦 Vector stored {
  "id": "INFERRED_CLAIM_PROCESSOR",
  "dimension": 1536,
  "metadata": [
    "entityType",
    "code",
    "language",
    "analysisResult",
    "qualityMetrics",
    "lastAnalyzed"
  ]
}
2025-11-23 01:25:54 [INFO]: 🔗 Node added to graph {
  "id": "INFERRED_CLAIM_PROCESSOR",
  "type": "cobol_program",
  "propertiesCount": 5
}
2025-11-23 01:25:54 [INFO]: 💾 COBOL entity stored {
  "entityId": "INFERRED_CLAIM_PROCESSOR",
  "entityType": "program",
  "codeLength": 1050
}
2025-11-23 01:25:54 [ERROR]: ❌ Failed to add edge {
  "fromId": "INFERRED_CLAIM_PROCESSOR",
  "toId": "CLAIMS.CPY",
  "relationType": "copy",
  "error": "Source or target node not found: INFERRED_CLAIM_PROCESSOR -> CLAIMS.CPY"
}
2025-11-23 01:25:54 [ERROR]: ❌ Failed to store relationship {
  "fromEntity": "INFERRED_CLAIM_PROCESSOR",
  "toEntity": "CLAIMS.CPY",
  "relationType": "copy",
  "error": "Source or target node not found: INFERRED_CLAIM_PROCESSOR -> CLAIMS.CPY"
}
2025-11-23 01:25:54 [INFO]: ✅ Embedding generated {
  "textLength": 2792,
  "vectorLength": 1536,
  "nonZeroValues": 864
}
2025-11-23 01:25:54 [INFO]: 🔍 Vector store attempting to store {
  "id": "8f76f845-3031-41ff-8733-4abadaa42542:ParserAgent-1763841354612",
  "vectorType": "object",
  "isArray": true,
  "vectorLength": 1536,
  "expectedDimension": 1536,
  "firstFewValues": [
    0.020796133942132835,
    0,
    0,
    0,
    0.020796133942132835
  ]
}
2025-11-23 01:25:54 [INFO]: 📦 Vector stored {
  "id": "8f76f845-3031-41ff-8733-4abadaa42542:ParserAgent-1763841354612",
  "dimension": 1536,
  "metadata": [
    "conversationId",
    "messageId",
    "content",
    "role",
    "type"
  ]
}
2025-11-23 01:25:54 [INFO]: 💬 Conversation context stored {
  "conversationId": "8f76f845-3031-41ff-8733-4abadaa42542",
  "messageId": "ParserAgent-1763841354612",
  "role": "assistant",
  "contentLength": 2792
}
2025-11-23 01:25:54 [INFO]: ✅ ParserAgent completed successfully {
  "agent": "ParserAgent",
  "confidence": 0.95,
  "outputSize": 2792
}
2025-11-23 01:25:54 [INFO]: 🔧 Workflow step: modernize_step {
  "workflowId": "workflow_1763841331551_01lgf1scb"
}
2025-11-23 01:25:54 [INFO]: 🚀 Starting ModernizerAgent {
  "agent": "ModernizerAgent",
  "inputSize": 4006
}
2025-11-23 01:25:54 [INFO]: ✅ Embedding generated {
  "textLength": 2792,
  "vectorLength": 1536,
  "nonZeroValues": 864
}
2025-11-23 01:25:54 [INFO]: 🔍 Vector store search query {
  "vectorType": "object",
  "isArray": true,
  "vectorLength": 1536,
  "expectedDimension": 1536,
  "firstFewValues": [
    0.020796133942132835,
    0,
    0,
    0,
    0.020796133942132835
  ]
}
2025-11-23 01:25:54 [INFO]: 🔍 Vector search completed {
  "queryDimension": 1536,
  "totalVectors": 11,
  "resultsFound": 1,
  "threshold": 0.7
}
2025-11-23 01:25:54 [INFO]: 🔍 Vector store search query {
  "vectorType": "object",
  "isArray": true,
  "vectorLength": 1536,
  "expectedDimension": 1536,
  "firstFewValues": [
    0.020796133942132835,
    0,
    0,
    0,
    0.020796133942132835
  ]
}
2025-11-23 01:25:54 [INFO]: 🔍 Vector search completed {
  "queryDimension": 1536,
  "totalVectors": 11,
  "resultsFound": 0,
  "threshold": 0.7
}
2025-11-23 01:25:54 [INFO]: 🔍 Vector store search query {
  "vectorType": "object",
  "isArray": true,
  "vectorLength": 1536,
  "expectedDimension": 1536,
  "firstFewValues": [
    0.020796133942132835,
    0,
    0,
    0,
    0.020796133942132835
  ]
}
2025-11-23 01:25:54 [INFO]: 🔍 Vector search completed {
  "queryDimension": 1536,
  "totalVectors": 11,
  "resultsFound": 1,
  "threshold": 0.7
}
2025-11-23 01:25:54 [INFO]: 🎯 Retrieved relevant context {
  "conversationId": "8f76f845-3031-41ff-8733-4abadaa42542",
  "conversationItems": 1,
  "codePatterns": 0,
  "entities": 1
}
2025-11-23 01:25:54 [INFO]: 🤖 Generating AI content {
  "provider": "gemini",
  "mockMode": false,
  "promptLength": 5187,
  "temperature": 0.4,
  "maxTokens": 6000
}
2025-11-23 01:26:26 [INFO]: ✅ AI content generated successfully {
  "responseLength": 6115
}
2025-11-23 01:26:26 [INFO]: ✅ Embedding generated {
  "textLength": 7232,
  "vectorLength": 1536,
  "nonZeroValues": 1182
}
2025-11-23 01:26:26 [INFO]: 🔍 Vector store attempting to store {
  "id": "INFERRED_CLAIM_PROCESSOR_modern_Java",
  "vectorType": "object",
  "isArray": true,
  "vectorLength": 1536,
  "expectedDimension": 1536,
  "firstFewValues": [
    0,
    0.00023752969121140145,
    0,
    0.00035629453681710216,
    0
  ]
}
2025-11-23 01:26:26 [INFO]: 📦 Vector stored {
  "id": "INFERRED_CLAIM_PROCESSOR_modern_Java",
  "dimension": 1536,
  "metadata": [
    "entityType",
    "code",
    "language",
    "originalProgram",
    "targetLanguage",
    "targetFramework",
    "modernizationMetrics",
    "migrationPlan",
    "lastModernized"
  ]
}
2025-11-23 01:26:26 [INFO]: 🔗 Node added to graph {
  "id": "INFERRED_CLAIM_PROCESSOR_modern_Java",
  "type": "modernized_program",
  "propertiesCount": 7
}
2025-11-23 01:26:26 [INFO]: 💾 COBOL entity stored {
  "entityId": "INFERRED_CLAIM_PROCESSOR_modern_Java",
  "entityType": "modernized_program",
  "codeLength": 117
}
2025-11-23 01:26:26 [INFO]: ➡️ Edge added to graph {
  "from": "INFERRED_CLAIM_PROCESSOR",
  "to": "INFERRED_CLAIM_PROCESSOR_modern_Java",
  "type": "modernized_to"
}
2025-11-23 01:26:26 [INFO]: 🔗 Relationship stored {
  "from": "INFERRED_CLAIM_PROCESSOR",
  "to": "INFERRED_CLAIM_PROCESSOR_modern_Java",
  "type": "modernized_to"
}
2025-11-23 01:26:26 [INFO]: ✅ Embedding generated {
  "textLength": 7232,
  "vectorLength": 1536,
  "nonZeroValues": 1182
}
2025-11-23 01:26:26 [INFO]: 🔍 Vector store attempting to store {
  "id": "8f76f845-3031-41ff-8733-4abadaa42542:ModernizerAgent-1763841386127",
  "vectorType": "object",
  "isArray": true,
  "vectorLength": 1536,
  "expectedDimension": 1536,
  "firstFewValues": [
    0,
    0.00023752969121140145,
    0,
    0.00035629453681710216,
    0
  ]
}
2025-11-23 01:26:26 [INFO]: 📦 Vector stored {
  "id": "8f76f845-3031-41ff-8733-4abadaa42542:ModernizerAgent-1763841386127",
  "dimension": 1536,
  "metadata": [
    "conversationId",
    "messageId",
    "content",
    "role",
    "type"
  ]
}
2025-11-23 01:26:26 [INFO]: 💬 Conversation context stored {
  "conversationId": "8f76f845-3031-41ff-8733-4abadaa42542",
  "messageId": "ModernizerAgent-1763841386127",
  "role": "assistant",
  "contentLength": 7232
}
2025-11-23 01:26:26 [INFO]: ✅ ModernizerAgent completed successfully {
  "agent": "ModernizerAgent",
  "confidence": 0.7,
  "outputSize": 7232
}
2025-11-23 01:26:26 [INFO]: 🔧 Workflow step: validate_step {
  "workflowId": "workflow_1763841331551_01lgf1scb"
}
2025-11-23 01:26:26 [INFO]: 🚀 Starting ValidatorAgent {
  "agent": "ValidatorAgent",
  "inputSize": 10114
}
2025-11-23 01:26:26 [INFO]: ✅ Embedding generated {
  "textLength": 7232,
  "vectorLength": 1536,
  "nonZeroValues": 1182
}
2025-11-23 01:26:26 [INFO]: 🔍 Vector store search query {
  "vectorType": "object",
  "isArray": true,
  "vectorLength": 1536,
  "expectedDimension": 1536,
  "firstFewValues": [
    0,
    0.00023752969121140145,
    0,
    0.00035629453681710216,
    0
  ]
}
2025-11-23 01:26:26 [INFO]: 🔍 Vector search completed {
  "queryDimension": 1536,
  "totalVectors": 13,
  "resultsFound": 0,
  "threshold": 0.7
}
2025-11-23 01:26:26 [INFO]: 🔍 Vector store search query {
  "vectorType": "object",
  "isArray": true,
  "vectorLength": 1536,
  "expectedDimension": 1536,
  "firstFewValues": [
    0,
    0.00023752969121140145,
    0,
    0.00035629453681710216,
    0
  ]
}
2025-11-23 01:26:26 [INFO]: 🔍 Vector search completed {
  "queryDimension": 1536,
  "totalVectors": 13,
  "resultsFound": 0,
  "threshold": 0.7
}
2025-11-23 01:26:26 [INFO]: 🔍 Vector store search query {
  "vectorType": "object",
  "isArray": true,
  "vectorLength": 1536,
  "expectedDimension": 1536,
  "firstFewValues": [
    0,
    0.00023752969121140145,
    0,
    0.00035629453681710216,
    0
  ]
}
2025-11-23 01:26:26 [INFO]: 🔍 Vector search completed {
  "queryDimension": 1536,
  "totalVectors": 13,
  "resultsFound": 0,
  "threshold": 0.7
}
2025-11-23 01:26:26 [INFO]: 🎯 Retrieved relevant context {
  "conversationId": "8f76f845-3031-41ff-8733-4abadaa42542",
  "conversationItems": 0,
  "codePatterns": 0,
  "entities": 0
}
2025-11-23 01:26:26 [INFO]: 🤖 Generating AI content {
  "provider": "gemini",
  "mockMode": false,
  "promptLength": 11770,
  "temperature": 0.2,
  "maxTokens": 5000
}
2025-11-23 01:27:00 [INFO]: ✅ AI content generated successfully {
  "responseLength": 5830
}
2025-11-23 01:27:00 [INFO]: ✅ Embedding generated {
  "textLength": 5681,
  "vectorLength": 1536,
  "nonZeroValues": 1218
}
2025-11-23 01:27:00 [INFO]: 🔍 Vector store attempting to store {
  "id": "INFERRED_CLAIM_PROCESSOR_validation_1763841420442",
  "vectorType": "object",
  "isArray": true,
  "vectorLength": 1536,
  "expectedDimension": 1536,
  "firstFewValues": [
    0.005483178054214204,
    0.010966356108428409,
    0.043865424433713635,
    0.021932712216856817,
    0.1370794513553551
  ]
}
2025-11-23 01:27:00 [INFO]: 📦 Vector stored {
  "id": "INFERRED_CLAIM_PROCESSOR_validation_1763841420442",
  "dimension": 1536,
  "metadata": [
    "entityType",
    "code",
    "language",
    "originalProgram",
    "overallScore",
    "status",
    "issueCount",
    "validatedAt"
  ]
}
2025-11-23 01:27:00 [INFO]: 🔗 Node added to graph {
  "id": "INFERRED_CLAIM_PROCESSOR_validation_1763841420442",
  "type": "validation_result",
  "propertiesCount": 6
}
2025-11-23 01:27:00 [INFO]: 💾 COBOL entity stored {
  "entityId": "INFERRED_CLAIM_PROCESSOR_validation_1763841420442",
  "entityType": "validation_result",
  "codeLength": 5681
}
2025-11-23 01:27:00 [INFO]: ➡️ Edge added to graph {
  "from": "INFERRED_CLAIM_PROCESSOR_modern_Java",
  "to": "INFERRED_CLAIM_PROCESSOR_validation_1763841420442",
  "type": "validated_by"
}
2025-11-23 01:27:00 [INFO]: 🔗 Relationship stored {
  "from": "INFERRED_CLAIM_PROCESSOR_modern_Java",
  "to": "INFERRED_CLAIM_PROCESSOR_validation_1763841420442",
  "type": "validated_by"
}
2025-11-23 01:27:00 [INFO]: ✅ Embedding generated {
  "textLength": 5681,
  "vectorLength": 1536,
  "nonZeroValues": 1218
}
2025-11-23 01:27:00 [INFO]: 🔍 Vector store attempting to store {
  "id": "8f76f845-3031-41ff-8733-4abadaa42542:ValidatorAgent-1763841420456",
  "vectorType": "object",
  "isArray": true,
  "vectorLength": 1536,
  "expectedDimension": 1536,
  "firstFewValues": [
    0.005483178054214204,
    0.010966356108428409,
    0.043865424433713635,
    0.021932712216856817,
    0.1370794513553551
  ]
}
2025-11-23 01:27:00 [INFO]: 📦 Vector stored {
  "id": "8f76f845-3031-41ff-8733-4abadaa42542:ValidatorAgent-1763841420456",
  "dimension": 1536,
  "metadata": [
    "conversationId",
    "messageId",
    "content",
    "role",
    "type"
  ]
}
2025-11-23 01:27:00 [INFO]: 💬 Conversation context stored {
  "conversationId": "8f76f845-3031-41ff-8733-4abadaa42542",
  "messageId": "ValidatorAgent-1763841420456",
  "role": "assistant",
  "contentLength": 5681
}
2025-11-23 01:27:00 [INFO]: ✅ ValidatorAgent completed successfully {
  "agent": "ValidatorAgent",
  "confidence": 0.95,
  "outputSize": 5681
}
2025-11-23 01:27:00 [INFO]: 🔧 Workflow step: explain_step {
  "workflowId": "workflow_1763841331551_01lgf1scb"
}
2025-11-23 01:27:00 [INFO]: 🚀 Starting ExplainerAgent {
  "agent": "ExplainerAgent",
  "inputSize": 15858
}
2025-11-23 01:27:00 [INFO]: ✅ Embedding generated {
  "textLength": 15748,
  "vectorLength": 1536,
  "nonZeroValues": 1473
}
2025-11-23 01:27:00 [INFO]: 🔍 Vector store search query {
  "vectorType": "object",
  "isArray": true,
  "vectorLength": 1536,
  "expectedDimension": 1536,
  "firstFewValues": [
    0.0002617801047120419,
    0.0006806282722513089,
    0.0002617801047120419,
    0.0007329842931937175,
    0.0009424083769633509
  ]
}
2025-11-23 01:27:00 [INFO]: 🔍 Vector search completed {
  "queryDimension": 1536,
  "totalVectors": 15,
  "resultsFound": 0,
  "threshold": 0.7
}
2025-11-23 01:27:00 [INFO]: 🔍 Vector store search query {
  "vectorType": "object",
  "isArray": true,
  "vectorLength": 1536,
  "expectedDimension": 1536,
  "firstFewValues": [
    0.0002617801047120419,
    0.0006806282722513089,
    0.0002617801047120419,
    0.0007329842931937175,
    0.0009424083769633509
  ]
}
2025-11-23 01:27:00 [INFO]: 🔍 Vector search completed {
  "queryDimension": 1536,
  "totalVectors": 15,
  "resultsFound": 0,
  "threshold": 0.7
}
2025-11-23 01:27:00 [INFO]: 🔍 Vector store search query {
  "vectorType": "object",
  "isArray": true,
  "vectorLength": 1536,
  "expectedDimension": 1536,
  "firstFewValues": [
    0.0002617801047120419,
    0.0006806282722513089,
    0.0002617801047120419,
    0.0007329842931937175,
    0.0009424083769633509
  ]
}
2025-11-23 01:27:00 [INFO]: 🔍 Vector search completed {
  "queryDimension": 1536,
  "totalVectors": 15,
  "resultsFound": 0,
  "threshold": 0.7
}
2025-11-23 01:27:00 [INFO]: 🎯 Retrieved relevant context {
  "conversationId": "8f76f845-3031-41ff-8733-4abadaa42542",
  "conversationItems": 0,
  "codePatterns": 0,
  "entities": 0
}
2025-11-23 01:27:00 [INFO]: 🤖 Generating AI content {
  "provider": "gemini",
  "mockMode": false,
  "promptLength": 18456,
  "temperature": 0.5,
  "maxTokens": 6000
}
2025-11-23 01:27:36 [INFO]: ✅ AI content generated successfully {
  "responseLength": 8623
}
2025-11-23 01:27:36 [INFO]: ✅ Embedding generated {
  "textLength": 19342,
  "vectorLength": 1536,
  "nonZeroValues": 1402
}
2025-11-23 01:27:36 [INFO]: 🔍 Vector store attempting to store {
  "id": "explanation_1763841456594",
  "vectorType": "object",
  "isArray": true,
  "vectorLength": 1536,
  "expectedDimension": 1536,
  "firstFewValues": [
    0.028454844658681495,
    0.007113711164670374,
    0.010670566747005563,
    0.007113711164670374,
    0.014227422329340747
  ]
}
2025-11-23 01:27:36 [INFO]: 📦 Vector stored {
  "id": "explanation_1763841456594",
  "dimension": 1536,
  "metadata": [
    "entityType",
    "code",
    "language",
    "explanationType",
    "targetAudience",
    "sectionCount",
    "insightCount",
    "createdAt"
  ]
}
2025-11-23 01:27:36 [INFO]: 🔗 Node added to graph {
  "id": "explanation_1763841456594",
  "type": "explanation",
  "propertiesCount": 6
}
2025-11-23 01:27:36 [INFO]: 💾 COBOL entity stored {
  "entityId": "explanation_1763841456594",
  "entityType": "explanation",
  "codeLength": 19342
}
2025-11-23 01:27:36 [INFO]: ✅ Embedding generated {
  "textLength": 19342,
  "vectorLength": 1536,
  "nonZeroValues": 1402
}
2025-11-23 01:27:36 [INFO]: 🔍 Vector store attempting to store {
  "id": "8f76f845-3031-41ff-8733-4abadaa42542:ExplainerAgent-1763841456602",
  "vectorType": "object",
  "isArray": true,
  "vectorLength": 1536,
  "expectedDimension": 1536,
  "firstFewValues": [
    0.028454844658681495,
    0.007113711164670374,
    0.010670566747005563,
    0.007113711164670374,
    0.014227422329340747
  ]
}
2025-11-23 01:27:36 [INFO]: 📦 Vector stored {
  "id": "8f76f845-3031-41ff-8733-4abadaa42542:ExplainerAgent-1763841456602",
  "dimension": 1536,
  "metadata": [
    "conversationId",
    "messageId",
    "content",
    "role",
    "type"
  ]
}
2025-11-23 01:27:36 [INFO]: 💬 Conversation context stored {
  "conversationId": "8f76f845-3031-41ff-8733-4abadaa42542",
  "messageId": "ExplainerAgent-1763841456602",
  "role": "assistant",
  "contentLength": 19342
}
2025-11-23 01:27:36 [INFO]: ✅ ExplainerAgent completed successfully {
  "agent": "ExplainerAgent",
  "confidence": 0.8999999999999999,
  "outputSize": 19342
}
2025-11-23 01:27:36 [INFO]: 🔧 Workflow step: workflow_completed {
  "workflowId": "workflow_1763841331551_01lgf1scb",
  "workflowType": "full_modernization",
  "duration": 125058,
  "success": true
}
2025-11-23 01:27:36 [INFO]: Job 8f76f845-3031-41ff-8733-4abadaa42542: Pipeline completed 
2025-11-23 01:27:36 [INFO]: Job 8f76f845-3031-41ff-8733-4abadaa42542: Processing completed successfully 
2025-11-23 01:27:36 [INFO]: ✅ Job 8f76f845-3031-41ff-8733-4abadaa42542 completed successfully - processed 2 files 
2025-11-23 01:35:24 [INFO]: 📁 File upload received: 2 file(s) 
2025-11-23 01:35:24 [INFO]:   - CLAIMS.DAT (340 bytes) 
2025-11-23 01:35:24 [INFO]:   - CLAIMS.CPY (644 bytes) 
2025-11-23 01:35:24 [INFO]: Job bc5223af-2fed-4aac-942c-fcc13f28b228: Starting analysis of 2 files... 
2025-11-23 01:35:24 [INFO]: 📊 File breakdown: 1 .cpy, 1 .dat, 0 other 
2025-11-23 01:35:24 [INFO]: Job bc5223af-2fed-4aac-942c-fcc13f28b228: Processing CLAIMS.DAT... 
2025-11-23 01:35:24 [INFO]: 📄 Starting file chunking {
  "filePath": "files-1763841924891-409745398.DAT",
  "maxChunkSize": 4000,
  "overlap": 200,
  "strategy": "auto"
}
2025-11-23 01:35:24 [INFO]: Job bc5223af-2fed-4aac-942c-fcc13f28b228: Processing CLAIMS.CPY... 
2025-11-23 01:35:24 [INFO]: 📄 Starting file chunking {
  "filePath": "files-1763841924891-622501966.CPY",
  "maxChunkSize": 4000,
  "overlap": 200,
  "strategy": "auto"
}
2025-11-23 01:35:24 [INFO]: Job bc5223af-2fed-4aac-942c-fcc13f28b228: Combined 2 chunks from 2 files 
2025-11-23 01:35:24 [INFO]: Job bc5223af-2fed-4aac-942c-fcc13f28b228: Starting modernization pipeline... 
2025-11-23 01:35:24 [INFO]: 🔧 Workflow step: workflow_started {
  "workflowId": "workflow_1763841924958_a3n9oub61",
  "workflowType": "full_modernization",
  "input": "object"
}
2025-11-23 01:35:24 [INFO]: 🔧 Workflow step: parse_step {
  "workflowId": "workflow_1763841924958_a3n9oub61"
}
2025-11-23 01:35:25 [INFO]: 🚀 Starting ParserAgent {
  "agent": "ParserAgent",
  "inputSize": 2691
}
2025-11-23 01:35:25 [INFO]: 🤖 Generating AI content {
  "provider": "gemini",
  "mockMode": false,
  "promptLength": 1270,
  "temperature": 0.3,
  "maxTokens": 4000
}
2025-11-23 01:35:46 [INFO]: ✅ AI content generated successfully {
  "responseLength": 1363
}
2025-11-23 01:35:48 [INFO]: ✅ Embedding generated {
  "textLength": 578,
  "vectorLength": 1536,
  "nonZeroValues": 328
}
2025-11-23 01:35:48 [INFO]: 🔍 Vector store attempting to store {
  "id": "CLAIMS.CPY",
  "vectorType": "object",
  "isArray": true,
  "vectorLength": 1536,
  "expectedDimension": 1536,
  "firstFewValues": [
    0,
    0,
    0,
    0,
    0
  ]
}
2025-11-23 01:35:48 [INFO]: 📦 Vector stored {
  "id": "CLAIMS.CPY",
  "dimension": 1536,
  "metadata": [
    "entityType",
    "code",
    "language",
    "analysisResult",
    "qualityMetrics",
    "lastAnalyzed"
  ]
}
2025-11-23 01:35:49 [INFO]: 🔗 Node added to graph {
  "id": "CLAIMS.CPY",
  "type": "cobol_program",
  "propertiesCount": 5
}
2025-11-23 01:35:49 [INFO]: 💾 COBOL entity stored {
  "entityId": "CLAIMS.CPY",
  "entityType": "program",
  "codeLength": 1050
}
2025-11-23 01:35:49 [INFO]: ✅ Embedding generated {
  "textLength": 198,
  "vectorLength": 1536,
  "nonZeroValues": 107
}
2025-11-23 01:35:49 [INFO]: 🔍 Vector store attempting to store {
  "id": "CLAIMS.CPY_CLAIM-RECORD",
  "vectorType": "object",
  "isArray": true,
  "vectorLength": 1536,
  "expectedDimension": 1536,
  "firstFewValues": [
    0,
    0,
    0,
    0,
    0
  ]
}
2025-11-23 01:35:49 [INFO]: 📦 Vector stored {
  "id": "CLAIMS.CPY_CLAIM-RECORD",
  "dimension": 1536,
  "metadata": [
    "entityType",
    "code",
    "language",
    "parentProgram",
    "fields",
    "usage"
  ]
}
2025-11-23 01:35:49 [INFO]: 🔗 Node added to graph {
  "id": "CLAIMS.CPY_CLAIM-RECORD",
  "type": "data_structure",
  "propertiesCount": 4
}
2025-11-23 01:35:49 [INFO]: 💾 COBOL entity stored {
  "entityId": "CLAIMS.CPY_CLAIM-RECORD",
  "entityType": "data_structure",
  "codeLength": 198
}
2025-11-23 01:35:50 [INFO]: ➡️ Edge added to graph {
  "from": "CLAIMS.CPY",
  "to": "CLAIMS.CPY_CLAIM-RECORD",
  "type": "defines_data"
}
2025-11-23 01:35:50 [INFO]: 🔗 Relationship stored {
  "from": "CLAIMS.CPY",
  "to": "CLAIMS.CPY_CLAIM-RECORD",
  "type": "defines_data"
}
2025-11-23 01:35:50 [INFO]: ✅ Embedding generated {
  "textLength": 578,
  "vectorLength": 1536,
  "nonZeroValues": 328
}
2025-11-23 01:35:50 [INFO]: 🔍 Vector store attempting to store {
  "id": "bc5223af-2fed-4aac-942c-fcc13f28b228:ParserAgent-1763841950255",
  "vectorType": "object",
  "isArray": true,
  "vectorLength": 1536,
  "expectedDimension": 1536,
  "firstFewValues": [
    0,
    0,
    0,
    0,
    0
  ]
}
2025-11-23 01:35:50 [INFO]: 📦 Vector stored {
  "id": "bc5223af-2fed-4aac-942c-fcc13f28b228:ParserAgent-1763841950255",
  "dimension": 1536,
  "metadata": [
    "conversationId",
    "messageId",
    "content",
    "role",
    "type"
  ]
}
2025-11-23 01:35:50 [INFO]: 💬 Conversation context stored {
  "conversationId": "bc5223af-2fed-4aac-942c-fcc13f28b228",
  "messageId": "ParserAgent-1763841950255",
  "role": "assistant",
  "contentLength": 578
}
2025-11-23 01:35:50 [INFO]: ✅ ParserAgent completed successfully {
  "agent": "ParserAgent",
  "confidence": 0.95,
  "outputSize": 578
}
2025-11-23 01:35:50 [INFO]: 🔧 Workflow step: modernize_step {
  "workflowId": "workflow_1763841924958_a3n9oub61"
}
2025-11-23 01:35:51 [INFO]: 🚀 Starting ModernizerAgent {
  "agent": "ModernizerAgent",
  "inputSize": 1792
}
2025-11-23 01:35:51 [INFO]: ✅ Embedding generated {
  "textLength": 578,
  "vectorLength": 1536,
  "nonZeroValues": 328
}
2025-11-23 01:35:51 [INFO]: 🔍 Vector store search query {
  "vectorType": "object",
  "isArray": true,
  "vectorLength": 1536,
  "expectedDimension": 1536,
  "firstFewValues": [
    0,
    0,
    0,
    0,
    0
  ]
}
2025-11-23 01:35:51 [INFO]: 🔍 Vector search completed {
  "queryDimension": 1536,
  "totalVectors": 20,
  "resultsFound": 1,
  "threshold": 0.7
}
2025-11-23 01:35:51 [INFO]: 🔍 Vector store search query {
  "vectorType": "object",
  "isArray": true,
  "vectorLength": 1536,
  "expectedDimension": 1536,
  "firstFewValues": [
    0,
    0,
    0,
    0,
    0
  ]
}
2025-11-23 01:35:51 [INFO]: 🔍 Vector search completed {
  "queryDimension": 1536,
  "totalVectors": 20,
  "resultsFound": 0,
  "threshold": 0.7
}
2025-11-23 01:35:51 [INFO]: 🔍 Vector store search query {
  "vectorType": "object",
  "isArray": true,
  "vectorLength": 1536,
  "expectedDimension": 1536,
  "firstFewValues": [
    0,
    0,
    0,
    0,
    0
  ]
}
2025-11-23 01:35:51 [INFO]: 🔍 Vector search completed {
  "queryDimension": 1536,
  "totalVectors": 20,
  "resultsFound": 1,
  "threshold": 0.7
}
2025-11-23 01:35:51 [INFO]: 🎯 Retrieved relevant context {
  "conversationId": "bc5223af-2fed-4aac-942c-fcc13f28b228",
  "conversationItems": 1,
  "codePatterns": 0,
  "entities": 1
}
2025-11-23 01:35:51 [INFO]: 🤖 Generating AI content {
  "provider": "gemini",
  "mockMode": false,
  "promptLength": 2644,
  "temperature": 0.4,
  "maxTokens": 6000
}
2025-11-23 01:36:23 [INFO]: ✅ AI content generated successfully {
  "responseLength": 6999
}
2025-11-23 01:36:23 [INFO]: ✅ Embedding generated {
  "textLength": 8138,
  "vectorLength": 1536,
  "nonZeroValues": 1185
}
2025-11-23 01:36:23 [INFO]: 🔍 Vector store attempting to store {
  "id": "CLAIMS.CPY_modern_Java",
  "vectorType": "object",
  "isArray": true,
  "vectorLength": 1536,
  "expectedDimension": 1536,
  "firstFewValues": [
    0,
    0,
    0.010241771446174925,
    0.013655695261566566,
    0.013655695261566566
  ]
}
2025-11-23 01:36:23 [INFO]: 📦 Vector stored {
  "id": "CLAIMS.CPY_modern_Java",
  "dimension": 1536,
  "metadata": [
    "entityType",
    "code",
    "language",
    "originalProgram",
    "targetLanguage",
    "targetFramework",
    "modernizationMetrics",
    "migrationPlan",
    "lastModernized"
  ]
}
2025-11-23 01:36:23 [INFO]: 🔗 Node added to graph {
  "id": "CLAIMS.CPY_modern_Java",
  "type": "modernized_program",
  "propertiesCount": 7
}
2025-11-23 01:36:23 [INFO]: 💾 COBOL entity stored {
  "entityId": "CLAIMS.CPY_modern_Java",
  "entityType": "modernized_program",
  "codeLength": 117
}
2025-11-23 01:36:23 [INFO]: ➡️ Edge added to graph {
  "from": "CLAIMS.CPY",
  "to": "CLAIMS.CPY_modern_Java",
  "type": "modernized_to"
}
2025-11-23 01:36:23 [INFO]: 🔗 Relationship stored {
  "from": "CLAIMS.CPY",
  "to": "CLAIMS.CPY_modern_Java",
  "type": "modernized_to"
}
2025-11-23 01:36:23 [INFO]: ✅ Embedding generated {
  "textLength": 8138,
  "vectorLength": 1536,
  "nonZeroValues": 1185
}
2025-11-23 01:36:23 [INFO]: 🔍 Vector store attempting to store {
  "id": "bc5223af-2fed-4aac-942c-fcc13f28b228:ModernizerAgent-1763841983975",
  "vectorType": "object",
  "isArray": true,
  "vectorLength": 1536,
  "expectedDimension": 1536,
  "firstFewValues": [
    0,
    0,
    0.010241771446174925,
    0.013655695261566566,
    0.013655695261566566
  ]
}
2025-11-23 01:36:23 [INFO]: 📦 Vector stored {
  "id": "bc5223af-2fed-4aac-942c-fcc13f28b228:ModernizerAgent-1763841983975",
  "dimension": 1536,
  "metadata": [
    "conversationId",
    "messageId",
    "content",
    "role",
    "type"
  ]
}
2025-11-23 01:36:23 [INFO]: 💬 Conversation context stored {
  "conversationId": "bc5223af-2fed-4aac-942c-fcc13f28b228",
  "messageId": "ModernizerAgent-1763841983975",
  "role": "assistant",
  "contentLength": 8138
}
2025-11-23 01:36:23 [INFO]: ✅ ModernizerAgent completed successfully {
  "agent": "ModernizerAgent",
  "confidence": 0.7,
  "outputSize": 8138
}
2025-11-23 01:36:24 [INFO]: 🔧 Workflow step: validate_step {
  "workflowId": "workflow_1763841924958_a3n9oub61"
}
2025-11-23 01:36:24 [INFO]: 🚀 Starting ValidatorAgent {
  "agent": "ValidatorAgent",
  "inputSize": 8806
}
2025-11-23 01:36:24 [INFO]: ✅ Embedding generated {
  "textLength": 8138,
  "vectorLength": 1536,
  "nonZeroValues": 1185
}
2025-11-23 01:36:24 [INFO]: 🔍 Vector store search query {
  "vectorType": "object",
  "isArray": true,
  "vectorLength": 1536,
  "expectedDimension": 1536,
  "firstFewValues": [
    0,
    0,
    0.010241771446174925,
    0.013655695261566566,
    0.013655695261566566
  ]
}
2025-11-23 01:36:24 [INFO]: 🔍 Vector search completed {
  "queryDimension": 1536,
  "totalVectors": 22,
  "resultsFound": 1,
  "threshold": 0.7
}
2025-11-23 01:36:24 [INFO]: 🔍 Vector store search query {
  "vectorType": "object",
  "isArray": true,
  "vectorLength": 1536,
  "expectedDimension": 1536,
  "firstFewValues": [
    0,
    0,
    0.010241771446174925,
    0.013655695261566566,
    0.013655695261566566
  ]
}
2025-11-23 01:36:24 [INFO]: 🔍 Vector search completed {
  "queryDimension": 1536,
  "totalVectors": 22,
  "resultsFound": 0,
  "threshold": 0.7
}
2025-11-23 01:36:24 [INFO]: 🔍 Vector store search query {
  "vectorType": "object",
  "isArray": true,
  "vectorLength": 1536,
  "expectedDimension": 1536,
  "firstFewValues": [
    0,
    0,
    0.010241771446174925,
    0.013655695261566566,
    0.013655695261566566
  ]
}
2025-11-23 01:36:24 [INFO]: 🔍 Vector search completed {
  "queryDimension": 1536,
  "totalVectors": 22,
  "resultsFound": 1,
  "threshold": 0.7
}
2025-11-23 01:36:24 [INFO]: 🎯 Retrieved relevant context {
  "conversationId": "bc5223af-2fed-4aac-942c-fcc13f28b228",
  "conversationItems": 1,
  "codePatterns": 0,
  "entities": 1
}
2025-11-23 01:36:24 [INFO]: 🤖 Generating AI content {
  "provider": "gemini",
  "mockMode": false,
  "promptLength": 10381,
  "temperature": 0.2,
  "maxTokens": 5000
}
2025-11-23 01:36:58 [INFO]: ✅ AI content generated successfully {
  "responseLength": 5916
}
2025-11-23 01:37:00 [INFO]: ✅ Embedding generated {
  "textLength": 5725,
  "vectorLength": 1536,
  "nonZeroValues": 1199
}
2025-11-23 01:37:00 [INFO]: 🔍 Vector store attempting to store {
  "id": "CLAIMS.CPY_validation_1763842019781",
  "vectorType": "object",
  "isArray": true,
  "vectorLength": 1536,
  "expectedDimension": 1536,
  "firstFewValues": [
    0.010938438059355996,
    0.016407657089033995,
    0,
    0.010938438059355996,
    0
  ]
}
2025-11-23 01:37:00 [INFO]: 📦 Vector stored {
  "id": "CLAIMS.CPY_validation_1763842019781",
  "dimension": 1536,
  "metadata": [
    "entityType",
    "code",
    "language",
    "originalProgram",
    "overallScore",
    "status",
    "issueCount",
    "validatedAt"
  ]
}
2025-11-23 01:37:00 [INFO]: 🔗 Node added to graph {
  "id": "CLAIMS.CPY_validation_1763842019781",
  "type": "validation_result",
  "propertiesCount": 6
}
2025-11-23 01:37:00 [INFO]: 💾 COBOL entity stored {
  "entityId": "CLAIMS.CPY_validation_1763842019781",
  "entityType": "validation_result",
  "codeLength": 5725
}
2025-11-23 01:37:01 [INFO]: ➡️ Edge added to graph {
  "from": "CLAIMS.CPY_modern_Java",
  "to": "CLAIMS.CPY_validation_1763842019781",
  "type": "validated_by"
}
2025-11-23 01:37:01 [INFO]: 🔗 Relationship stored {
  "from": "CLAIMS.CPY_modern_Java",
  "to": "CLAIMS.CPY_validation_1763842019781",
  "type": "validated_by"
}
2025-11-23 01:37:01 [INFO]: ✅ Embedding generated {
  "textLength": 5725,
  "vectorLength": 1536,
  "nonZeroValues": 1199
}
2025-11-23 01:37:01 [INFO]: 🔍 Vector store attempting to store {
  "id": "bc5223af-2fed-4aac-942c-fcc13f28b228:ValidatorAgent-1763842021931",
  "vectorType": "object",
  "isArray": true,
  "vectorLength": 1536,
  "expectedDimension": 1536,
  "firstFewValues": [
    0.010938438059355996,
    0.016407657089033995,
    0,
    0.010938438059355996,
    0
  ]
}
2025-11-23 01:37:02 [INFO]: 📦 Vector stored {
  "id": "bc5223af-2fed-4aac-942c-fcc13f28b228:ValidatorAgent-1763842021931",
  "dimension": 1536,
  "metadata": [
    "conversationId",
    "messageId",
    "content",
    "role",
    "type"
  ]
}
2025-11-23 01:37:02 [INFO]: 💬 Conversation context stored {
  "conversationId": "bc5223af-2fed-4aac-942c-fcc13f28b228",
  "messageId": "ValidatorAgent-1763842021931",
  "role": "assistant",
  "contentLength": 5725
}
2025-11-23 01:37:02 [INFO]: ✅ ValidatorAgent completed successfully {
  "agent": "ValidatorAgent",
  "confidence": 0.95,
  "outputSize": 5725
}
2025-11-23 01:37:03 [INFO]: 🔧 Workflow step: explain_step {
  "workflowId": "workflow_1763841924958_a3n9oub61"
}
2025-11-23 01:37:05 [INFO]: 🚀 Starting ExplainerAgent {
  "agent": "ExplainerAgent",
  "inputSize": 14594
}
2025-11-23 01:37:05 [INFO]: ✅ Embedding generated {
  "textLength": 14484,
  "vectorLength": 1536,
  "nonZeroValues": 1430
}
2025-11-23 01:37:05 [INFO]: 🔍 Vector store search query {
  "vectorType": "object",
  "isArray": true,
  "vectorLength": 1536,
  "expectedDimension": 1536,
  "firstFewValues": [
    0.01650470657553917,
    0.007073445675231073,
    0.016504706575539166,
    0.007073445675231073,
    0.01650470657553917
  ]
}
2025-11-23 01:37:05 [INFO]: 🔍 Vector search completed {
  "queryDimension": 1536,
  "totalVectors": 24,
  "resultsFound": 0,
  "threshold": 0.7
}
2025-11-23 01:37:05 [INFO]: 🔍 Vector store search query {
  "vectorType": "object",
  "isArray": true,
  "vectorLength": 1536,
  "expectedDimension": 1536,
  "firstFewValues": [
    0.01650470657553917,
    0.007073445675231073,
    0.016504706575539166,
    0.007073445675231073,
    0.01650470657553917
  ]
}
2025-11-23 01:37:06 [INFO]: 🔍 Vector search completed {
  "queryDimension": 1536,
  "totalVectors": 24,
  "resultsFound": 0,
  "threshold": 0.7
}
2025-11-23 01:37:06 [INFO]: 🔍 Vector store search query {
  "vectorType": "object",
  "isArray": true,
  "vectorLength": 1536,
  "expectedDimension": 1536,
  "firstFewValues": [
    0.01650470657553917,
    0.007073445675231073,
    0.016504706575539166,
    0.007073445675231073,
    0.01650470657553917
  ]
}
2025-11-23 01:37:06 [INFO]: 🔍 Vector search completed {
  "queryDimension": 1536,
  "totalVectors": 24,
  "resultsFound": 0,
  "threshold": 0.7
}
2025-11-23 01:37:06 [INFO]: 🎯 Retrieved relevant context {
  "conversationId": "bc5223af-2fed-4aac-942c-fcc13f28b228",
  "conversationItems": 0,
  "codePatterns": 0,
  "entities": 0
}
2025-11-23 01:37:07 [INFO]: 🤖 Generating AI content {
  "provider": "gemini",
  "mockMode": false,
  "promptLength": 16819,
  "temperature": 0.5,
  "maxTokens": 6000
}
2025-11-23 01:37:44 [INFO]: ✅ AI content generated successfully {
  "responseLength": 10363
}
2025-11-23 01:37:44 [INFO]: ✅ Embedding generated {
  "textLength": 22990,
  "vectorLength": 1536,
  "nonZeroValues": 1425
}
2025-11-23 01:37:44 [INFO]: 🔍 Vector store attempting to store {
  "id": "explanation_1763842064541",
  "vectorType": "object",
  "isArray": true,
  "vectorLength": 1536,
  "expectedDimension": 1536,
  "firstFewValues": [
    0.026951634890735463,
    0.002994626098970607,
    0.00898387829691182,
    0.004491939148455911,
    0.005989252197941214
  ]
}
2025-11-23 01:37:44 [INFO]: 📦 Vector stored {
  "id": "explanation_1763842064541",
  "dimension": 1536,
  "metadata": [
    "entityType",
    "code",
    "language",
    "explanationType",
    "targetAudience",
    "sectionCount",
    "insightCount",
    "createdAt"
  ]
}
2025-11-23 01:37:44 [INFO]: 🔗 Node added to graph {
  "id": "explanation_1763842064541",
  "type": "explanation",
  "propertiesCount": 6
}
2025-11-23 01:37:44 [INFO]: 💾 COBOL entity stored {
  "entityId": "explanation_1763842064541",
  "entityType": "explanation",
  "codeLength": 22990
}
2025-11-23 01:37:44 [INFO]: ✅ Embedding generated {
  "textLength": 22990,
  "vectorLength": 1536,
  "nonZeroValues": 1425
}
2025-11-23 01:37:44 [INFO]: 🔍 Vector store attempting to store {
  "id": "bc5223af-2fed-4aac-942c-fcc13f28b228:ExplainerAgent-1763842064555",
  "vectorType": "object",
  "isArray": true,
  "vectorLength": 1536,
  "expectedDimension": 1536,
  "firstFewValues": [
    0.026951634890735463,
    0.002994626098970607,
    0.00898387829691182,
    0.004491939148455911,
    0.005989252197941214
  ]
}
2025-11-23 01:37:44 [INFO]: 📦 Vector stored {
  "id": "bc5223af-2fed-4aac-942c-fcc13f28b228:ExplainerAgent-1763842064555",
  "dimension": 1536,
  "metadata": [
    "conversationId",
    "messageId",
    "content",
    "role",
    "type"
  ]
}
2025-11-23 01:37:44 [INFO]: 💬 Conversation context stored {
  "conversationId": "bc5223af-2fed-4aac-942c-fcc13f28b228",
  "messageId": "ExplainerAgent-1763842064555",
  "role": "assistant",
  "contentLength": 22990
}
2025-11-23 01:37:44 [INFO]: ✅ ExplainerAgent completed successfully {
  "agent": "ExplainerAgent",
  "confidence": 0.8999999999999999,
  "outputSize": 22990
}
2025-11-23 01:37:44 [INFO]: 🔧 Workflow step: workflow_completed {
  "workflowId": "workflow_1763841924958_a3n9oub61",
  "workflowType": "full_modernization",
  "duration": 139609,
  "success": true
}
2025-11-23 01:37:44 [INFO]: Job bc5223af-2fed-4aac-942c-fcc13f28b228: Pipeline completed 
2025-11-23 01:37:44 [INFO]: Job bc5223af-2fed-4aac-942c-fcc13f28b228: Processing completed successfully 
2025-11-23 01:37:44 [INFO]: ✅ Job bc5223af-2fed-4aac-942c-fcc13f28b228 completed successfully - processed 2 files 
2025-11-23 01:43:37 [INFO]: 📁 File upload received: 2 file(s) 
2025-11-23 01:43:37 [INFO]:   - CLAIMS.DAT (340 bytes) 
2025-11-23 01:43:37 [INFO]:   - CLAIMS.CPY (644 bytes) 
2025-11-23 01:43:37 [INFO]: Job 599ca9e9-7787-4af1-8396-54354a990b94: Starting analysis of 2 files... 
2025-11-23 01:43:37 [INFO]: 📊 File breakdown: 1 .cpy, 1 .dat, 0 other 
2025-11-23 01:43:38 [INFO]: Job 599ca9e9-7787-4af1-8396-54354a990b94: Processing CLAIMS.DAT... 
2025-11-23 01:43:38 [INFO]: 📄 Starting file chunking {
  "filePath": "files-1763842416926-695872476.DAT",
  "maxChunkSize": 4000,
  "overlap": 200,
  "strategy": "auto"
}
2025-11-23 01:43:39 [INFO]: Job 599ca9e9-7787-4af1-8396-54354a990b94: Processing CLAIMS.CPY... 
2025-11-23 01:43:39 [INFO]: 📄 Starting file chunking {
  "filePath": "files-1763842416926-449640575.CPY",
  "maxChunkSize": 4000,
  "overlap": 200,
  "strategy": "auto"
}
2025-11-23 01:43:40 [INFO]: Job 599ca9e9-7787-4af1-8396-54354a990b94: Combined 2 chunks from 2 files 
2025-11-23 01:43:40 [INFO]: Job 599ca9e9-7787-4af1-8396-54354a990b94: Starting modernization pipeline... 
2025-11-23 01:43:40 [INFO]: 🔧 Workflow step: workflow_started {
  "workflowId": "workflow_1763842420685_ga6v6w4cz",
  "workflowType": "full_modernization",
  "input": "object"
}
2025-11-23 01:43:40 [INFO]: 🔧 Workflow step: parse_step {
  "workflowId": "workflow_1763842420685_ga6v6w4cz"
}
2025-11-23 01:43:41 [INFO]: 🚀 Starting ParserAgent {
  "agent": "ParserAgent",
  "inputSize": 2691
}
2025-11-23 01:43:42 [INFO]: 🤖 Generating AI content {
  "provider": "gemini",
  "mockMode": false,
  "promptLength": 1270,
  "temperature": 0.3,
  "maxTokens": 4000
}
2025-11-23 01:44:05 [INFO]: ✅ AI content generated successfully {
  "responseLength": 3254
}
2025-11-23 01:44:05 [INFO]: ✅ Embedding generated {
  "textLength": 1427,
  "vectorLength": 1536,
  "nonZeroValues": 603
}
2025-11-23 01:44:05 [INFO]: 🔍 Vector store attempting to store {
  "id": "CLAIMS.CPY",
  "vectorType": "object",
  "isArray": true,
  "vectorLength": 1536,
  "expectedDimension": 1536,
  "firstFewValues": [
    0,
    0,
    0.0189286692108525,
    0.0189286692108525,
    0
  ]
}
2025-11-23 01:44:05 [INFO]: 📦 Vector stored {
  "id": "CLAIMS.CPY",
  "dimension": 1536,
  "metadata": [
    "entityType",
    "code",
    "language",
    "analysisResult",
    "qualityMetrics",
    "lastAnalyzed"
  ]
}
2025-11-23 01:44:05 [INFO]: 🔗 Node added to graph {
  "id": "CLAIMS.CPY",
  "type": "cobol_program",
  "propertiesCount": 5
}
2025-11-23 01:44:05 [INFO]: 💾 COBOL entity stored {
  "entityId": "CLAIMS.CPY",
  "entityType": "program",
  "codeLength": 1050
}
2025-11-23 01:44:05 [ERROR]: ❌ Failed to add edge {
  "fromId": "CLAIMS.CPY",
  "toId": "CLAIMS.DAT",
  "relationType": "datafile",
  "error": "Source or target node not found: CLAIMS.CPY -> CLAIMS.DAT"
}
2025-11-23 01:44:05 [ERROR]: ❌ Failed to store relationship {
  "fromEntity": "CLAIMS.CPY",
  "toEntity": "CLAIMS.DAT",
  "relationType": "datafile",
  "error": "Source or target node not found: CLAIMS.CPY -> CLAIMS.DAT"
}
2025-11-23 01:44:05 [INFO]: ✅ Embedding generated {
  "textLength": 1427,
  "vectorLength": 1536,
  "nonZeroValues": 603
}
2025-11-23 01:44:05 [INFO]: 🔍 Vector store attempting to store {
  "id": "599ca9e9-7787-4af1-8396-54354a990b94:ParserAgent-1763842445879",
  "vectorType": "object",
  "isArray": true,
  "vectorLength": 1536,
  "expectedDimension": 1536,
  "firstFewValues": [
    0,
    0,
    0.0189286692108525,
    0.0189286692108525,
    0
  ]
}
2025-11-23 01:44:05 [INFO]: 📦 Vector stored {
  "id": "599ca9e9-7787-4af1-8396-54354a990b94:ParserAgent-1763842445879",
  "dimension": 1536,
  "metadata": [
    "conversationId",
    "messageId",
    "content",
    "role",
    "type"
  ]
}
2025-11-23 01:44:05 [INFO]: 💬 Conversation context stored {
  "conversationId": "599ca9e9-7787-4af1-8396-54354a990b94",
  "messageId": "ParserAgent-1763842445879",
  "role": "assistant",
  "contentLength": 1427
}
2025-11-23 01:44:05 [INFO]: ✅ ParserAgent completed successfully {
  "agent": "ParserAgent",
  "confidence": 0.95,
  "outputSize": 1427
}
2025-11-23 01:44:05 [INFO]: 🔧 Workflow step: modernize_step {
  "workflowId": "workflow_1763842420685_ga6v6w4cz"
}
2025-11-23 01:44:05 [INFO]: 🚀 Starting ModernizerAgent {
  "agent": "ModernizerAgent",
  "inputSize": 2641
}
2025-11-23 01:44:05 [INFO]: ✅ Embedding generated {
  "textLength": 1427,
  "vectorLength": 1536,
  "nonZeroValues": 603
}
2025-11-23 01:44:05 [INFO]: 🔍 Vector store search query {
  "vectorType": "object",
  "isArray": true,
  "vectorLength": 1536,
  "expectedDimension": 1536,
  "firstFewValues": [
    0,
    0,
    0.0189286692108525,
    0.0189286692108525,
    0
  ]
}
2025-11-23 01:44:05 [INFO]: 🔍 Vector search completed {
  "queryDimension": 1536,
  "totalVectors": 27,
  "resultsFound": 1,
  "threshold": 0.7
}
2025-11-23 01:44:05 [INFO]: 🔍 Vector store search query {
  "vectorType": "object",
  "isArray": true,
  "vectorLength": 1536,
  "expectedDimension": 1536,
  "firstFewValues": [
    0,
    0,
    0.0189286692108525,
    0.0189286692108525,
    0
  ]
}
2025-11-23 01:44:05 [INFO]: 🔍 Vector search completed {
  "queryDimension": 1536,
  "totalVectors": 27,
  "resultsFound": 0,
  "threshold": 0.7
}
2025-11-23 01:44:05 [INFO]: 🔍 Vector store search query {
  "vectorType": "object",
  "isArray": true,
  "vectorLength": 1536,
  "expectedDimension": 1536,
  "firstFewValues": [
    0,
    0,
    0.0189286692108525,
    0.0189286692108525,
    0
  ]
}
2025-11-23 01:44:05 [INFO]: 🔍 Vector search completed {
  "queryDimension": 1536,
  "totalVectors": 27,
  "resultsFound": 1,
  "threshold": 0.7
}
2025-11-23 01:44:05 [INFO]: 🎯 Retrieved relevant context {
  "conversationId": "599ca9e9-7787-4af1-8396-54354a990b94",
  "conversationItems": 1,
  "codePatterns": 0,
  "entities": 1
}
2025-11-23 01:44:05 [INFO]: 🤖 Generating AI content {
  "provider": "gemini",
  "mockMode": false,
  "promptLength": 3620,
  "temperature": 0.4,
  "maxTokens": 6000
}
2025-11-23 01:44:37 [INFO]: ✅ AI content generated successfully {
  "responseLength": 6516
}
2025-11-23 01:44:37 [INFO]: ✅ Embedding generated {
  "textLength": 7620,
  "vectorLength": 1536,
  "nonZeroValues": 1163
}
2025-11-23 01:44:37 [INFO]: 🔍 Vector store attempting to store {
  "id": "CLAIMS.CPY_modern_Java",
  "vectorType": "object",
  "isArray": true,
  "vectorLength": 1536,
  "expectedDimension": 1536,
  "firstFewValues": [
    0.0036042413717570984,
    0.02522968960229969,
    0.036042413717570984,
    0.007208482743514197,
    0
  ]
}
2025-11-23 01:44:37 [INFO]: 📦 Vector stored {
  "id": "CLAIMS.CPY_modern_Java",
  "dimension": 1536,
  "metadata": [
    "entityType",
    "code",
    "language",
    "originalProgram",
    "targetLanguage",
    "targetFramework",
    "modernizationMetrics",
    "migrationPlan",
    "lastModernized"
  ]
}
2025-11-23 01:44:37 [INFO]: 🔗 Node added to graph {
  "id": "CLAIMS.CPY_modern_Java",
  "type": "modernized_program",
  "propertiesCount": 7
}
2025-11-23 01:44:37 [INFO]: 💾 COBOL entity stored {
  "entityId": "CLAIMS.CPY_modern_Java",
  "entityType": "modernized_program",
  "codeLength": 117
}
2025-11-23 01:44:37 [INFO]: ➡️ Edge added to graph {
  "from": "CLAIMS.CPY",
  "to": "CLAIMS.CPY_modern_Java",
  "type": "modernized_to"
}
2025-11-23 01:44:37 [INFO]: 🔗 Relationship stored {
  "from": "CLAIMS.CPY",
  "to": "CLAIMS.CPY_modern_Java",
  "type": "modernized_to"
}
2025-11-23 01:44:37 [INFO]: ✅ Embedding generated {
  "textLength": 7620,
  "vectorLength": 1536,
  "nonZeroValues": 1163
}
2025-11-23 01:44:37 [INFO]: 🔍 Vector store attempting to store {
  "id": "599ca9e9-7787-4af1-8396-54354a990b94:ModernizerAgent-1763842477220",
  "vectorType": "object",
  "isArray": true,
  "vectorLength": 1536,
  "expectedDimension": 1536,
  "firstFewValues": [
    0.0036042413717570984,
    0.02522968960229969,
    0.036042413717570984,
    0.007208482743514197,
    0
  ]
}
2025-11-23 01:44:37 [INFO]: 📦 Vector stored {
  "id": "599ca9e9-7787-4af1-8396-54354a990b94:ModernizerAgent-1763842477220",
  "dimension": 1536,
  "metadata": [
    "conversationId",
    "messageId",
    "content",
    "role",
    "type"
  ]
}
2025-11-23 01:44:37 [INFO]: 💬 Conversation context stored {
  "conversationId": "599ca9e9-7787-4af1-8396-54354a990b94",
  "messageId": "ModernizerAgent-1763842477220",
  "role": "assistant",
  "contentLength": 7620
}
2025-11-23 01:44:37 [INFO]: ✅ ModernizerAgent completed successfully {
  "agent": "ModernizerAgent",
  "confidence": 0.7,
  "outputSize": 7620
}
2025-11-23 01:44:37 [INFO]: 🔧 Workflow step: validate_step {
  "workflowId": "workflow_1763842420685_ga6v6w4cz"
}
2025-11-23 01:44:37 [INFO]: 🚀 Starting ValidatorAgent {
  "agent": "ValidatorAgent",
  "inputSize": 9137
}
2025-11-23 01:44:37 [INFO]: ✅ Embedding generated {
  "textLength": 7620,
  "vectorLength": 1536,
  "nonZeroValues": 1163
}
2025-11-23 01:44:37 [INFO]: 🔍 Vector store search query {
  "vectorType": "object",
  "isArray": true,
  "vectorLength": 1536,
  "expectedDimension": 1536,
  "firstFewValues": [
    0.0036042413717570984,
    0.02522968960229969,
    0.036042413717570984,
    0.007208482743514197,
    0
  ]
}
2025-11-23 01:44:37 [INFO]: 🔍 Vector search completed {
  "queryDimension": 1536,
  "totalVectors": 28,
  "resultsFound": 1,
  "threshold": 0.7
}
2025-11-23 01:44:37 [INFO]: 🔍 Vector store search query {
  "vectorType": "object",
  "isArray": true,
  "vectorLength": 1536,
  "expectedDimension": 1536,
  "firstFewValues": [
    0.0036042413717570984,
    0.02522968960229969,
    0.036042413717570984,
    0.007208482743514197,
    0
  ]
}
2025-11-23 01:44:37 [INFO]: 🔍 Vector search completed {
  "queryDimension": 1536,
  "totalVectors": 28,
  "resultsFound": 0,
  "threshold": 0.7
}
2025-11-23 01:44:37 [INFO]: 🔍 Vector store search query {
  "vectorType": "object",
  "isArray": true,
  "vectorLength": 1536,
  "expectedDimension": 1536,
  "firstFewValues": [
    0.0036042413717570984,
    0.02522968960229969,
    0.036042413717570984,
    0.007208482743514197,
    0
  ]
}
2025-11-23 01:44:37 [INFO]: 🔍 Vector search completed {
  "queryDimension": 1536,
  "totalVectors": 28,
  "resultsFound": 1,
  "threshold": 0.7
}
2025-11-23 01:44:37 [INFO]: 🎯 Retrieved relevant context {
  "conversationId": "599ca9e9-7787-4af1-8396-54354a990b94",
  "conversationItems": 1,
  "codePatterns": 0,
  "entities": 1
}
2025-11-23 01:44:37 [INFO]: 🤖 Generating AI content {
  "provider": "gemini",
  "mockMode": false,
  "promptLength": 10839,
  "temperature": 0.2,
  "maxTokens": 5000
}
2025-11-23 01:45:12 [INFO]: ✅ AI content generated successfully {
  "responseLength": 4571
}
2025-11-23 01:45:12 [INFO]: ✅ Embedding generated {
  "textLength": 6145,
  "vectorLength": 1536,
  "nonZeroValues": 1155
}
2025-11-23 01:45:12 [INFO]: 🔍 Vector store attempting to store {
  "id": "CLAIMS.CPY_validation_1763842512647",
  "vectorType": "object",
  "isArray": true,
  "vectorLength": 1536,
  "expectedDimension": 1536,
  "firstFewValues": [
    0.03347570115910026,
    0.022317134106066838,
    0.0055792835265167096,
    0.011158567053033419,
    0.04463426821213369
  ]
}
2025-11-23 01:45:12 [INFO]: 📦 Vector stored {
  "id": "CLAIMS.CPY_validation_1763842512647",
  "dimension": 1536,
  "metadata": [
    "entityType",
    "code",
    "language",
    "originalProgram",
    "overallScore",
    "status",
    "issueCount",
    "validatedAt"
  ]
}
2025-11-23 01:45:12 [INFO]: 🔗 Node added to graph {
  "id": "CLAIMS.CPY_validation_1763842512647",
  "type": "validation_result",
  "propertiesCount": 6
}
2025-11-23 01:45:12 [INFO]: 💾 COBOL entity stored {
  "entityId": "CLAIMS.CPY_validation_1763842512647",
  "entityType": "validation_result",
  "codeLength": 6145
}
2025-11-23 01:45:12 [INFO]: ➡️ Edge added to graph {
  "from": "CLAIMS.CPY_modern_Java",
  "to": "CLAIMS.CPY_validation_1763842512647",
  "type": "validated_by"
}
2025-11-23 01:45:12 [INFO]: 🔗 Relationship stored {
  "from": "CLAIMS.CPY_modern_Java",
  "to": "CLAIMS.CPY_validation_1763842512647",
  "type": "validated_by"
}
2025-11-23 01:45:12 [INFO]: ✅ Embedding generated {
  "textLength": 6145,
  "vectorLength": 1536,
  "nonZeroValues": 1155
}
2025-11-23 01:45:12 [INFO]: 🔍 Vector store attempting to store {
  "id": "599ca9e9-7787-4af1-8396-54354a990b94:ValidatorAgent-1763842512661",
  "vectorType": "object",
  "isArray": true,
  "vectorLength": 1536,
  "expectedDimension": 1536,
  "firstFewValues": [
    0.03347570115910026,
    0.022317134106066838,
    0.0055792835265167096,
    0.011158567053033419,
    0.04463426821213369
  ]
}
2025-11-23 01:45:12 [INFO]: 📦 Vector stored {
  "id": "599ca9e9-7787-4af1-8396-54354a990b94:ValidatorAgent-1763842512661",
  "dimension": 1536,
  "metadata": [
    "conversationId",
    "messageId",
    "content",
    "role",
    "type"
  ]
}
2025-11-23 01:45:12 [INFO]: 💬 Conversation context stored {
  "conversationId": "599ca9e9-7787-4af1-8396-54354a990b94",
  "messageId": "ValidatorAgent-1763842512661",
  "role": "assistant",
  "contentLength": 6145
}
2025-11-23 01:45:12 [INFO]: ✅ ValidatorAgent completed successfully {
  "agent": "ValidatorAgent",
  "confidence": 0.7999999999999998,
  "outputSize": 6145
}
2025-11-23 01:45:12 [INFO]: 🔧 Workflow step: validation_concerns {
  "workflowId": "workflow_1763842420685_ga6v6w4cz",
  "score": 60
}
2025-11-23 01:45:12 [INFO]: 🔧 Workflow step: explain_step {
  "workflowId": "workflow_1763842420685_ga6v6w4cz"
}
2025-11-23 01:45:12 [INFO]: 🚀 Starting ExplainerAgent {
  "agent": "ExplainerAgent",
  "inputSize": 15345
}
2025-11-23 01:45:12 [INFO]: ✅ Embedding generated {
  "textLength": 15235,
  "vectorLength": 1536,
  "nonZeroValues": 1431
}
2025-11-23 01:45:12 [INFO]: 🔍 Vector store search query {
  "vectorType": "object",
  "isArray": true,
  "vectorLength": 1536,
  "expectedDimension": 1536,
  "firstFewValues": [
    0,
    0.027211863814330817,
    0.024944208496469916,
    0.009070621271443605,
    0.009070621271443605
  ]
}
2025-11-23 01:45:12 [INFO]: 🔍 Vector search completed {
  "queryDimension": 1536,
  "totalVectors": 30,
  "resultsFound": 0,
  "threshold": 0.7
}
2025-11-23 01:45:12 [INFO]: 🔍 Vector store search query {
  "vectorType": "object",
  "isArray": true,
  "vectorLength": 1536,
  "expectedDimension": 1536,
  "firstFewValues": [
    0,
    0.027211863814330817,
    0.024944208496469916,
    0.009070621271443605,
    0.009070621271443605
  ]
}
2025-11-23 01:45:12 [INFO]: 🔍 Vector search completed {
  "queryDimension": 1536,
  "totalVectors": 30,
  "resultsFound": 0,
  "threshold": 0.7
}
2025-11-23 01:45:12 [INFO]: 🔍 Vector store search query {
  "vectorType": "object",
  "isArray": true,
  "vectorLength": 1536,
  "expectedDimension": 1536,
  "firstFewValues": [
    0,
    0.027211863814330817,
    0.024944208496469916,
    0.009070621271443605,
    0.009070621271443605
  ]
}
2025-11-23 01:45:12 [INFO]: 🔍 Vector search completed {
  "queryDimension": 1536,
  "totalVectors": 30,
  "resultsFound": 0,
  "threshold": 0.7
}
2025-11-23 01:45:12 [INFO]: 🎯 Retrieved relevant context {
  "conversationId": "599ca9e9-7787-4af1-8396-54354a990b94",
  "conversationItems": 0,
  "codePatterns": 0,
  "entities": 0
}
2025-11-23 01:45:12 [INFO]: 🤖 Generating AI content {
  "provider": "gemini",
  "mockMode": false,
  "promptLength": 17219,
  "temperature": 0.5,
  "maxTokens": 6000
}
2025-11-23 01:45:47 [INFO]: ✅ AI content generated successfully {
  "responseLength": 9057
}
2025-11-23 01:45:47 [INFO]: ✅ Embedding generated {
  "textLength": 20274,
  "vectorLength": 1536,
  "nonZeroValues": 1387
}
2025-11-23 01:45:47 [INFO]: 🔍 Vector store attempting to store {
  "id": "explanation_1763842547738",
  "vectorType": "object",
  "isArray": true,
  "vectorLength": 1536,
  "expectedDimension": 1536,
  "firstFewValues": [
    0,
    0.0016733993740784318,
    0.005020198122235295,
    0.04685518247419609,
    0.015060594366705884
  ]
}
2025-11-23 01:45:47 [INFO]: 📦 Vector stored {
  "id": "explanation_1763842547738",
  "dimension": 1536,
  "metadata": [
    "entityType",
    "code",
    "language",
    "explanationType",
    "targetAudience",
    "sectionCount",
    "insightCount",
    "createdAt"
  ]
}
2025-11-23 01:45:47 [INFO]: 🔗 Node added to graph {
  "id": "explanation_1763842547738",
  "type": "explanation",
  "propertiesCount": 6
}
2025-11-23 01:45:47 [INFO]: 💾 COBOL entity stored {
  "entityId": "explanation_1763842547738",
  "entityType": "explanation",
  "codeLength": 20274
}
2025-11-23 01:45:47 [INFO]: ✅ Embedding generated {
  "textLength": 20274,
  "vectorLength": 1536,
  "nonZeroValues": 1387
}
2025-11-23 01:45:47 [INFO]: 🔍 Vector store attempting to store {
  "id": "599ca9e9-7787-4af1-8396-54354a990b94:ExplainerAgent-1763842547750",
  "vectorType": "object",
  "isArray": true,
  "vectorLength": 1536,
  "expectedDimension": 1536,
  "firstFewValues": [
    0,
    0.0016733993740784318,
    0.005020198122235295,
    0.04685518247419609,
    0.015060594366705884
  ]
}
2025-11-23 01:45:47 [INFO]: 📦 Vector stored {
  "id": "599ca9e9-7787-4af1-8396-54354a990b94:ExplainerAgent-1763842547750",
  "dimension": 1536,
  "metadata": [
    "conversationId",
    "messageId",
    "content",
    "role",
    "type"
  ]
}
2025-11-23 01:45:47 [INFO]: 💬 Conversation context stored {
  "conversationId": "599ca9e9-7787-4af1-8396-54354a990b94",
  "messageId": "ExplainerAgent-1763842547750",
  "role": "assistant",
  "contentLength": 20274
}
2025-11-23 01:45:47 [INFO]: ✅ ExplainerAgent completed successfully {
  "agent": "ExplainerAgent",
  "confidence": 0.8999999999999999,
  "outputSize": 20274
}
2025-11-23 01:45:47 [INFO]: 🔧 Workflow step: workflow_completed {
  "workflowId": "workflow_1763842420685_ga6v6w4cz",
  "workflowType": "full_modernization",
  "duration": 127071,
  "success": true
}
2025-11-23 01:45:47 [INFO]: Job 599ca9e9-7787-4af1-8396-54354a990b94: Pipeline completed 
2025-11-23 01:45:47 [INFO]: Job 599ca9e9-7787-4af1-8396-54354a990b94: Processing completed successfully 
2025-11-23 01:45:47 [INFO]: ✅ Job 599ca9e9-7787-4af1-8396-54354a990b94 completed successfully - processed 2 files 
2025-11-23 02:00:42 [INFO]: 🔄 Received SIGINT, shutting down gracefully... 
2025-11-23 02:00:46 [INFO]: 🚀 Initializing AI Modernization Assistant... 
2025-11-23 02:00:46 [INFO]: 🤖 AI Client initialized {
  "provider": "gemini",
  "mockMode": false,
  "hasApiKey": true
}
2025-11-23 02:00:46 [INFO]: ✅ AI system initialized successfully 
2025-11-23 02:00:46 [INFO]: 🌟 AI Modernization Assistant server running on port 3001 
2025-11-23 02:00:46 [INFO]: 📁 Upload directory: D:\mumbaiHack\404-KILLERS\engine\uploads 
2025-11-23 02:00:46 [INFO]: 🔧 Environment: development 
2025-11-23 02:00:46 [INFO]: 🤖 AI Provider: gemini 
2025-11-23 02:00:46 [INFO]: 🔑 API Key configured: true 
2025-11-23 02:02:02 [INFO]: 📁 File upload received: 2 file(s) 
2025-11-23 02:02:02 [INFO]:   - sample.dat (741 bytes) 
2025-11-23 02:02:02 [INFO]:   - sample.cpy (524 bytes) 
2025-11-23 02:02:02 [INFO]: Job a2328c91-dc2d-4b17-b5c8-f6b8399ff652: Starting analysis of 2 files... 
2025-11-23 02:02:02 [INFO]: 📊 File breakdown: 1 .cpy, 1 .dat, 0 other 
2025-11-23 02:02:02 [INFO]: Job a2328c91-dc2d-4b17-b5c8-f6b8399ff652: Processing sample.dat... 
2025-11-23 02:02:02 [INFO]: 📄 Starting file chunking {
  "filePath": "files-1763843522370-432648502.dat",
  "maxChunkSize": 4000,
  "overlap": 200,
  "strategy": "auto"
}
2025-11-23 02:02:02 [INFO]: Job a2328c91-dc2d-4b17-b5c8-f6b8399ff652: Processing sample.cpy... 
2025-11-23 02:02:02 [INFO]: 📄 Starting file chunking {
  "filePath": "files-1763843522372-508833422.cpy",
  "maxChunkSize": 4000,
  "overlap": 200,
  "strategy": "auto"
}
2025-11-23 02:02:02 [INFO]: Job a2328c91-dc2d-4b17-b5c8-f6b8399ff652: Combined 2 chunks from 2 files 
2025-11-23 02:02:02 [INFO]: Job a2328c91-dc2d-4b17-b5c8-f6b8399ff652: Starting modernization pipeline... 
2025-11-23 02:02:02 [INFO]: 🔧 Workflow step: workflow_started {
  "workflowId": "workflow_1763843522673_ocsuhvpvo",
  "workflowType": "full_modernization",
  "input": "object"
}
2025-11-23 02:02:02 [INFO]: 🔧 Workflow step: parse_step {
  "workflowId": "workflow_1763843522673_ocsuhvpvo"
}
2025-11-23 02:02:02 [INFO]: 🚀 Starting ParserAgent {
  "agent": "ParserAgent",
  "inputSize": 3245
}
2025-11-23 02:02:02 [INFO]: 🤖 Generating AI content {
  "provider": "gemini",
  "mockMode": false,
  "promptLength": 1551,
  "temperature": 0.3,
  "maxTokens": 4000
}
2025-11-23 02:02:23 [INFO]: ✅ AI content generated successfully {
  "responseLength": 2210
}
2025-11-23 02:02:23 [INFO]: ✅ Embedding generated {
  "textLength": 1460,
  "vectorLength": 1536,
  "nonZeroValues": 659
}
2025-11-23 02:02:23 [INFO]: 🔍 Vector store attempting to store {
  "id": "UNKNOWN (Program file not provided)",
  "vectorType": "object",
  "isArray": true,
  "vectorLength": 1536,
  "expectedDimension": 1536,
  "firstFewValues": [
    0,
    0,
    0,
    0,
    0.05744849896214231
  ]
}
2025-11-23 02:02:23 [INFO]: 📦 Vector stored {
  "id": "UNKNOWN (Program file not provided)",
  "dimension": 1536,
  "metadata": [
    "entityType",
    "code",
    "language",
    "analysisResult",
    "qualityMetrics",
    "lastAnalyzed"
  ]
}
2025-11-23 02:02:23 [INFO]: 🔗 Node added to graph {
  "id": "UNKNOWN (Program file not provided)",
  "type": "cobol_program",
  "propertiesCount": 5
}
2025-11-23 02:02:23 [INFO]: 💾 COBOL entity stored {
  "entityId": "UNKNOWN (Program file not provided)",
  "entityType": "program",
  "codeLength": 1331
}
2025-11-23 02:02:23 [ERROR]: ❌ Failed to add edge {
  "fromId": "UNKNOWN (Program file not provided)",
  "toId": "sample.cpy",
  "relationType": "copy",
  "error": "Source or target node not found: UNKNOWN (Program file not provided) -> sample.cpy"
}
2025-11-23 02:02:23 [ERROR]: ❌ Failed to store relationship {
  "fromEntity": "UNKNOWN (Program file not provided)",
  "toEntity": "sample.cpy",
  "relationType": "copy",
  "error": "Source or target node not found: UNKNOWN (Program file not provided) -> sample.cpy"
}
2025-11-23 02:02:23 [INFO]: ✅ Embedding generated {
  "textLength": 1460,
  "vectorLength": 1536,
  "nonZeroValues": 659
}
2025-11-23 02:02:23 [INFO]: 🔍 Vector store attempting to store {
  "id": "a2328c91-dc2d-4b17-b5c8-f6b8399ff652:ParserAgent-1763843543847",
  "vectorType": "object",
  "isArray": true,
  "vectorLength": 1536,
  "expectedDimension": 1536,
  "firstFewValues": [
    0,
    0,
    0,
    0,
    0.05744849896214231
  ]
}
2025-11-23 02:02:23 [INFO]: 📦 Vector stored {
  "id": "a2328c91-dc2d-4b17-b5c8-f6b8399ff652:ParserAgent-1763843543847",
  "dimension": 1536,
  "metadata": [
    "conversationId",
    "messageId",
    "content",
    "role",
    "type"
  ]
}
2025-11-23 02:02:23 [INFO]: 💬 Conversation context stored {
  "conversationId": "a2328c91-dc2d-4b17-b5c8-f6b8399ff652",
  "messageId": "ParserAgent-1763843543847",
  "role": "assistant",
  "contentLength": 1460
}
2025-11-23 02:02:23 [INFO]: ✅ ParserAgent completed successfully {
  "agent": "ParserAgent",
  "confidence": 0.95,
  "outputSize": 1460
}
2025-11-23 02:02:23 [INFO]: 🔧 Workflow step: modernize_step {
  "workflowId": "workflow_1763843522673_ocsuhvpvo"
}
2025-11-23 02:02:23 [INFO]: 🚀 Starting ModernizerAgent {
  "agent": "ModernizerAgent",
  "inputSize": 2951
}
2025-11-23 02:02:23 [INFO]: ✅ Embedding generated {
  "textLength": 1460,
  "vectorLength": 1536,
  "nonZeroValues": 659
}
2025-11-23 02:02:23 [INFO]: 🔍 Vector store search query {
  "vectorType": "object",
  "isArray": true,
  "vectorLength": 1536,
  "expectedDimension": 1536,
  "firstFewValues": [
    0,
    0,
    0,
    0,
    0.05744849896214231
  ]
}
2025-11-23 02:02:23 [INFO]: 🔍 Vector search completed {
  "queryDimension": 1536,
  "totalVectors": 2,
  "resultsFound": 1,
  "threshold": 0.7
}
2025-11-23 02:02:23 [INFO]: 🔍 Vector store search query {
  "vectorType": "object",
  "isArray": true,
  "vectorLength": 1536,
  "expectedDimension": 1536,
  "firstFewValues": [
    0,
    0,
    0,
    0,
    0.05744849896214231
  ]
}
2025-11-23 02:02:23 [INFO]: 🔍 Vector search completed {
  "queryDimension": 1536,
  "totalVectors": 2,
  "resultsFound": 0,
  "threshold": 0.7
}
2025-11-23 02:02:23 [INFO]: 🔍 Vector store search query {
  "vectorType": "object",
  "isArray": true,
  "vectorLength": 1536,
  "expectedDimension": 1536,
  "firstFewValues": [
    0,
    0,
    0,
    0,
    0.05744849896214231
  ]
}
2025-11-23 02:02:23 [INFO]: 🔍 Vector search completed {
  "queryDimension": 1536,
  "totalVectors": 2,
  "resultsFound": 1,
  "threshold": 0.7
}
2025-11-23 02:02:23 [INFO]: 🎯 Retrieved relevant context {
  "conversationId": "a2328c91-dc2d-4b17-b5c8-f6b8399ff652",
  "conversationItems": 1,
  "codePatterns": 0,
  "entities": 1
}
2025-11-23 02:02:23 [INFO]: 🤖 Generating AI content {
  "provider": "gemini",
  "mockMode": false,
  "promptLength": 3952,
  "temperature": 0.4,
  "maxTokens": 6000
}
2025-11-23 02:02:55 [INFO]: ✅ AI content generated successfully {
  "responseLength": 5953
}
2025-11-23 02:02:55 [INFO]: ✅ Embedding generated {
  "textLength": 774,
  "vectorLength": 1536,
  "nonZeroValues": 437
}
2025-11-23 02:02:55 [INFO]: 🔍 Vector store attempting to store {
  "id": "UNKNOWN (Program file not provided)_modern_Java",
  "vectorType": "object",
  "isArray": true,
  "vectorLength": 1536,
  "expectedDimension": 1536,
  "firstFewValues": [
    0,
    0,
    0,
    0.06711560552140257,
    0.033557802760701284
  ]
}
2025-11-23 02:02:55 [INFO]: 📦 Vector stored {
  "id": "UNKNOWN (Program file not provided)_modern_Java",
  "dimension": 1536,
  "metadata": [
    "entityType",
    "code",
    "language",
    "originalProgram",
    "targetLanguage",
    "targetFramework",
    "modernizationMetrics",
    "migrationPlan",
    "lastModernized"
  ]
}
2025-11-23 02:02:55 [INFO]: 🔗 Node added to graph {
  "id": "UNKNOWN (Program file not provided)_modern_Java",
  "type": "modernized_program",
  "propertiesCount": 7
}
2025-11-23 02:02:55 [INFO]: 💾 COBOL entity stored {
  "entityId": "UNKNOWN (Program file not provided)_modern_Java",
  "entityType": "modernized_program",
  "codeLength": 80
}
2025-11-23 02:02:55 [INFO]: ➡️ Edge added to graph {
  "from": "UNKNOWN (Program file not provided)",
  "to": "UNKNOWN (Program file not provided)_modern_Java",
  "type": "modernized_to"
}
2025-11-23 02:02:55 [INFO]: 🔗 Relationship stored {
  "from": "UNKNOWN (Program file not provided)",
  "to": "UNKNOWN (Program file not provided)_modern_Java",
  "type": "modernized_to"
}
2025-11-23 02:02:55 [INFO]: ✅ Embedding generated {
  "textLength": 774,
  "vectorLength": 1536,
  "nonZeroValues": 437
}
2025-11-23 02:02:55 [INFO]: 🔍 Vector store attempting to store {
  "id": "a2328c91-dc2d-4b17-b5c8-f6b8399ff652:ModernizerAgent-1763843575582",
  "vectorType": "object",
  "isArray": true,
  "vectorLength": 1536,
  "expectedDimension": 1536,
  "firstFewValues": [
    0,
    0,
    0,
    0.06711560552140257,
    0.033557802760701284
  ]
}
2025-11-23 02:02:55 [INFO]: 📦 Vector stored {
  "id": "a2328c91-dc2d-4b17-b5c8-f6b8399ff652:ModernizerAgent-1763843575582",
  "dimension": 1536,
  "metadata": [
    "conversationId",
    "messageId",
    "content",
    "role",
    "type"
  ]
}
2025-11-23 02:02:55 [INFO]: 💬 Conversation context stored {
  "conversationId": "a2328c91-dc2d-4b17-b5c8-f6b8399ff652",
  "messageId": "ModernizerAgent-1763843575582",
  "role": "assistant",
  "contentLength": 774
}
2025-11-23 02:02:55 [INFO]: ✅ ModernizerAgent completed successfully {
  "agent": "ModernizerAgent",
  "confidence": 0.95,
  "outputSize": 774
}
2025-11-23 02:02:55 [INFO]: 🔧 Workflow step: validate_step {
  "workflowId": "workflow_1763843522673_ocsuhvpvo"
}
2025-11-23 02:02:55 [INFO]: 🚀 Starting ValidatorAgent {
  "agent": "ValidatorAgent",
  "inputSize": 2324
}
2025-11-23 02:02:55 [INFO]: ✅ Embedding generated {
  "textLength": 774,
  "vectorLength": 1536,
  "nonZeroValues": 437
}
2025-11-23 02:02:55 [INFO]: 🔍 Vector store search query {
  "vectorType": "object",
  "isArray": true,
  "vectorLength": 1536,
  "expectedDimension": 1536,
  "firstFewValues": [
    0,
    0,
    0,
    0.06711560552140257,
    0.033557802760701284
  ]
}
2025-11-23 02:02:55 [INFO]: 🔍 Vector search completed {
  "queryDimension": 1536,
  "totalVectors": 4,
  "resultsFound": 1,
  "threshold": 0.7
}
2025-11-23 02:02:55 [INFO]: 🔍 Vector store search query {
  "vectorType": "object",
  "isArray": true,
  "vectorLength": 1536,
  "expectedDimension": 1536,
  "firstFewValues": [
    0,
    0,
    0,
    0.06711560552140257,
    0.033557802760701284
  ]
}
2025-11-23 02:02:55 [INFO]: 🔍 Vector search completed {
  "queryDimension": 1536,
  "totalVectors": 4,
  "resultsFound": 0,
  "threshold": 0.7
}
2025-11-23 02:02:55 [INFO]: 🔍 Vector store search query {
  "vectorType": "object",
  "isArray": true,
  "vectorLength": 1536,
  "expectedDimension": 1536,
  "firstFewValues": [
    0,
    0,
    0,
    0.06711560552140257,
    0.033557802760701284
  ]
}
2025-11-23 02:02:55 [INFO]: 🔍 Vector search completed {
  "queryDimension": 1536,
  "totalVectors": 4,
  "resultsFound": 1,
  "threshold": 0.7
}
2025-11-23 02:02:55 [INFO]: 🎯 Retrieved relevant context {
  "conversationId": "a2328c91-dc2d-4b17-b5c8-f6b8399ff652",
  "conversationItems": 1,
  "codePatterns": 0,
  "entities": 1
}
2025-11-23 02:02:55 [INFO]: 🤖 Generating AI content {
  "provider": "gemini",
  "mockMode": false,
  "promptLength": 4051,
  "temperature": 0.2,
  "maxTokens": 5000
}
2025-11-23 02:03:20 [INFO]: ✅ AI content generated successfully {
  "responseLength": 5575
}
2025-11-23 02:03:20 [INFO]: ✅ Embedding generated {
  "textLength": 5483,
  "vectorLength": 1536,
  "nonZeroValues": 1200
}
2025-11-23 02:03:20 [INFO]: 🔍 Vector store attempting to store {
  "id": "UNKNOWN (Program file not provided)_validation_1763843600145",
  "vectorType": "object",
  "isArray": true,
  "vectorLength": 1536,
  "expectedDimension": 1536,
  "firstFewValues": [
    0.00567815320163823,
    0.017034459604914686,
    0.028390766008191147,
    0.03406891920982937,
    0.02271261280655292
  ]
}
2025-11-23 02:03:20 [INFO]: 📦 Vector stored {
  "id": "UNKNOWN (Program file not provided)_validation_1763843600145",
  "dimension": 1536,
  "metadata": [
    "entityType",
    "code",
    "language",
    "originalProgram",
    "overallScore",
    "status",
    "issueCount",
    "validatedAt"
  ]
}
2025-11-23 02:03:20 [INFO]: 🔗 Node added to graph {
  "id": "UNKNOWN (Program file not provided)_validation_1763843600145",
  "type": "validation_result",
  "propertiesCount": 6
}
2025-11-23 02:03:20 [INFO]: 💾 COBOL entity stored {
  "entityId": "UNKNOWN (Program file not provided)_validation_1763843600145",
  "entityType": "validation_result",
  "codeLength": 5483
}
2025-11-23 02:03:20 [INFO]: ➡️ Edge added to graph {
  "from": "UNKNOWN (Program file not provided)_modern_Java",
  "to": "UNKNOWN (Program file not provided)_validation_1763843600145",
  "type": "validated_by"
}
2025-11-23 02:03:20 [INFO]: 🔗 Relationship stored {
  "from": "UNKNOWN (Program file not provided)_modern_Java",
  "to": "UNKNOWN (Program file not provided)_validation_1763843600145",
  "type": "validated_by"
}
2025-11-23 02:03:20 [INFO]: ✅ Embedding generated {
  "textLength": 5483,
  "vectorLength": 1536,
  "nonZeroValues": 1200
}
2025-11-23 02:03:20 [INFO]: 🔍 Vector store attempting to store {
  "id": "a2328c91-dc2d-4b17-b5c8-f6b8399ff652:ValidatorAgent-1763843600156",
  "vectorType": "object",
  "isArray": true,
  "vectorLength": 1536,
  "expectedDimension": 1536,
  "firstFewValues": [
    0.00567815320163823,
    0.017034459604914686,
    0.028390766008191147,
    0.03406891920982937,
    0.02271261280655292
  ]
}
2025-11-23 02:03:20 [INFO]: 📦 Vector stored {
  "id": "a2328c91-dc2d-4b17-b5c8-f6b8399ff652:ValidatorAgent-1763843600156",
  "dimension": 1536,
  "metadata": [
    "conversationId",
    "messageId",
    "content",
    "role",
    "type"
  ]
}
2025-11-23 02:03:20 [INFO]: 💬 Conversation context stored {
  "conversationId": "a2328c91-dc2d-4b17-b5c8-f6b8399ff652",
  "messageId": "ValidatorAgent-1763843600156",
  "role": "assistant",
  "contentLength": 5483
}
2025-11-23 02:03:20 [INFO]: ✅ ValidatorAgent completed successfully {
  "agent": "ValidatorAgent",
  "confidence": 0.95,
  "outputSize": 5483
}
2025-11-23 02:03:20 [INFO]: 🔧 Workflow step: validation_concerns {
  "workflowId": "workflow_1763843522673_ocsuhvpvo",
  "score": 5
}
2025-11-23 02:03:20 [INFO]: 🔧 Workflow step: explain_step {
  "workflowId": "workflow_1763843522673_ocsuhvpvo"
}
2025-11-23 02:03:20 [INFO]: 🚀 Starting ExplainerAgent {
  "agent": "ExplainerAgent",
  "inputSize": 7870
}
2025-11-23 02:03:20 [INFO]: ✅ Embedding generated {
  "textLength": 7760,
  "vectorLength": 1536,
  "nonZeroValues": 1321
}
2025-11-23 02:03:20 [INFO]: 🔍 Vector store search query {
  "vectorType": "object",
  "isArray": true,
  "vectorLength": 1536,
  "expectedDimension": 1536,
  "firstFewValues": [
    0.004395232878518366,
    0.030766630149628563,
    0.013185698635555099,
    0.013185698635555097,
    0.07032372605629386
  ]
}
2025-11-23 02:03:20 [INFO]: 🔍 Vector search completed {
  "queryDimension": 1536,
  "totalVectors": 6,
  "resultsFound": 0,
  "threshold": 0.7
}
2025-11-23 02:03:20 [INFO]: 🔍 Vector store search query {
  "vectorType": "object",
  "isArray": true,
  "vectorLength": 1536,
  "expectedDimension": 1536,
  "firstFewValues": [
    0.004395232878518366,
    0.030766630149628563,
    0.013185698635555099,
    0.013185698635555097,
    0.07032372605629386
  ]
}
2025-11-23 02:03:20 [INFO]: 🔍 Vector search completed {
  "queryDimension": 1536,
  "totalVectors": 6,
  "resultsFound": 0,
  "threshold": 0.7
}
2025-11-23 02:03:20 [INFO]: 🔍 Vector store search query {
  "vectorType": "object",
  "isArray": true,
  "vectorLength": 1536,
  "expectedDimension": 1536,
  "firstFewValues": [
    0.004395232878518366,
    0.030766630149628563,
    0.013185698635555099,
    0.013185698635555097,
    0.07032372605629386
  ]
}
2025-11-23 02:03:20 [INFO]: 🔍 Vector search completed {
  "queryDimension": 1536,
  "totalVectors": 6,
  "resultsFound": 0,
  "threshold": 0.7
}
2025-11-23 02:03:20 [INFO]: 🎯 Retrieved relevant context {
  "conversationId": "a2328c91-dc2d-4b17-b5c8-f6b8399ff652",
  "conversationItems": 0,
  "codePatterns": 0,
  "entities": 0
}
2025-11-23 02:03:20 [INFO]: 🤖 Generating AI content {
  "provider": "gemini",
  "mockMode": false,
  "promptLength": 10237,
  "temperature": 0.5,
  "maxTokens": 6000
}
2025-11-23 02:03:54 [INFO]: ✅ AI content generated successfully {
  "responseLength": 10850
}
2025-11-23 02:03:54 [INFO]: ✅ Embedding generated {
  "textLength": 24052,
  "vectorLength": 1536,
  "nonZeroValues": 1404
}
2025-11-23 02:03:54 [INFO]: 🔍 Vector store attempting to store {
  "id": "explanation_1763843634966",
  "vectorType": "object",
  "isArray": true,
  "vectorLength": 1536,
  "expectedDimension": 1536,
  "firstFewValues": [
    0.001362335869169137,
    0.016348030430029643,
    0.010898686953353096,
    0.04359474781341238,
    0.016348030430029643
  ]
}
2025-11-23 02:03:55 [INFO]: 📦 Vector stored {
  "id": "explanation_1763843634966",
  "dimension": 1536,
  "metadata": [
    "entityType",
    "code",
    "language",
    "explanationType",
    "targetAudience",
    "sectionCount",
    "insightCount",
    "createdAt"
  ]
}
2025-11-23 02:03:55 [INFO]: 🔗 Node added to graph {
  "id": "explanation_1763843634966",
  "type": "explanation",
  "propertiesCount": 6
}
2025-11-23 02:03:55 [INFO]: 💾 COBOL entity stored {
  "entityId": "explanation_1763843634966",
  "entityType": "explanation",
  "codeLength": 24052
}
2025-11-23 02:03:55 [INFO]: ✅ Embedding generated {
  "textLength": 24052,
  "vectorLength": 1536,
  "nonZeroValues": 1404
}
2025-11-23 02:03:55 [INFO]: 🔍 Vector store attempting to store {
  "id": "a2328c91-dc2d-4b17-b5c8-f6b8399ff652:ExplainerAgent-1763843635029",
  "vectorType": "object",
  "isArray": true,
  "vectorLength": 1536,
  "expectedDimension": 1536,
  "firstFewValues": [
    0.001362335869169137,
    0.016348030430029643,
    0.010898686953353096,
    0.04359474781341238,
    0.016348030430029643
  ]
}
2025-11-23 02:03:55 [INFO]: 📦 Vector stored {
  "id": "a2328c91-dc2d-4b17-b5c8-f6b8399ff652:ExplainerAgent-1763843635029",
  "dimension": 1536,
  "metadata": [
    "conversationId",
    "messageId",
    "content",
    "role",
    "type"
  ]
}
2025-11-23 02:03:55 [INFO]: 💬 Conversation context stored {
  "conversationId": "a2328c91-dc2d-4b17-b5c8-f6b8399ff652",
  "messageId": "ExplainerAgent-1763843635029",
  "role": "assistant",
  "contentLength": 24052
}
2025-11-23 02:03:55 [INFO]: ✅ ExplainerAgent completed successfully {
  "agent": "ExplainerAgent",
  "confidence": 0.8999999999999999,
  "outputSize": 24052
}
2025-11-23 02:03:55 [INFO]: 🔧 Workflow step: workflow_completed {
  "workflowId": "workflow_1763843522673_ocsuhvpvo",
  "workflowType": "full_modernization",
  "duration": 112381,
  "success": true
}
2025-11-23 02:03:55 [INFO]: Job a2328c91-dc2d-4b17-b5c8-f6b8399ff652: Pipeline completed 
2025-11-23 02:03:55 [INFO]: Job a2328c91-dc2d-4b17-b5c8-f6b8399ff652: Processing completed successfully 
2025-11-23 02:03:55 [INFO]: ✅ Job a2328c91-dc2d-4b17-b5c8-f6b8399ff652 completed successfully - processed 2 files 
2025-11-23 02:17:41 [INFO]: 🚀 Initializing AI Modernization Assistant... 
2025-11-23 02:17:41 [INFO]: 🤖 AI Client initialized {
  "provider": "gemini",
  "mockMode": false,
  "hasApiKey": true
}
2025-11-23 02:17:41 [INFO]: ✅ AI system initialized successfully 
2025-11-23 02:17:41 [INFO]: 🌟 AI Modernization Assistant server running on port 3001 
2025-11-23 02:17:41 [INFO]: 📁 Upload directory: D:\mumbaiHack\404-KILLERS\engine\uploads 
2025-11-23 02:17:41 [INFO]: 🔧 Environment: development 
2025-11-23 02:17:41 [INFO]: 🤖 AI Provider: gemini 
2025-11-23 02:17:41 [INFO]: 🔑 API Key configured: true 
2025-11-23 02:19:09 [INFO]: 🚀 Initializing AI Modernization Assistant... 
2025-11-23 02:19:09 [INFO]: 🤖 AI Client initialized {
  "provider": "gemini",
  "mockMode": false,
  "hasApiKey": true
}
2025-11-23 02:19:09 [INFO]: ✅ AI system initialized successfully 
2025-11-23 02:19:09 [INFO]: 🌟 AI Modernization Assistant server running on port 3001 
2025-11-23 02:19:09 [INFO]: 📁 Upload directory: D:\mumbaiHack\404-KILLERS\engine\uploads 
2025-11-23 02:19:09 [INFO]: 🔧 Environment: development 
2025-11-23 02:19:09 [INFO]: 🤖 AI Provider: gemini 
2025-11-23 02:19:09 [INFO]: 🔑 API Key configured: true 
2025-11-23 02:19:42 [INFO]: 📁 File upload received: 2 file(s) 
2025-11-23 02:19:42 [INFO]:   - sample.dat (741 bytes) 
2025-11-23 02:19:42 [INFO]:   - sample.cpy (524 bytes) 
2025-11-23 02:19:42 [INFO]: Job 51cd4246-4fe4-4f17-8919-0584eccacdaa: Starting analysis of 2 files... 
2025-11-23 02:19:42 [INFO]: 📊 File breakdown: 1 .cpy, 1 .dat, 0 other 
2025-11-23 02:19:42 [INFO]: Job 51cd4246-4fe4-4f17-8919-0584eccacdaa: Processing sample.dat... 
2025-11-23 02:19:43 [INFO]: 📄 Starting file chunking {
  "filePath": "files-1763844582687-388491469.dat",
  "maxChunkSize": 4000,
  "overlap": 200,
  "strategy": "auto"
}
2025-11-23 02:19:43 [INFO]: Job 51cd4246-4fe4-4f17-8919-0584eccacdaa: Processing sample.cpy... 
2025-11-23 02:19:43 [INFO]: 📄 Starting file chunking {
  "filePath": "files-1763844582704-246500592.cpy",
  "maxChunkSize": 4000,
  "overlap": 200,
  "strategy": "auto"
}
2025-11-23 02:19:43 [INFO]: Job 51cd4246-4fe4-4f17-8919-0584eccacdaa: Combined 2 chunks from 2 files 
2025-11-23 02:19:43 [INFO]: Job 51cd4246-4fe4-4f17-8919-0584eccacdaa: Starting modernization pipeline... 
2025-11-23 02:19:43 [INFO]: 🔧 Workflow step: workflow_started {
  "workflowId": "workflow_1763844583218_eic25p0yx",
  "workflowType": "full_modernization",
  "input": "object"
}
2025-11-23 02:19:43 [INFO]: 🔧 Workflow step: parse_step {
  "workflowId": "workflow_1763844583218_eic25p0yx"
}
2025-11-23 02:19:43 [INFO]: 🚀 Starting ParserAgent {
  "agent": "ParserAgent",
  "inputSize": 3245
}
2025-11-23 02:19:43 [INFO]: 🤖 Generating AI content {
  "provider": "gemini",
  "mockMode": false,
  "promptLength": 1551,
  "temperature": 0.3,
  "maxTokens": 4000
}
2025-11-23 02:20:05 [INFO]: ✅ AI content generated successfully {
  "responseLength": 2066
}
2025-11-23 02:20:05 [INFO]: ✅ Embedding generated {
  "textLength": 1685,
  "vectorLength": 1536,
  "nonZeroValues": 688
}
2025-11-23 02:20:05 [INFO]: 🔍 Vector store attempting to store {
  "id": "CUSTOMER-DATA-STRUCTURE",
  "vectorType": "object",
  "isArray": true,
  "vectorLength": 1536,
  "expectedDimension": 1536,
  "firstFewValues": [
    0,
    0,
    0,
    0,
    0
  ]
}
2025-11-23 02:20:05 [INFO]: 📦 Vector stored {
  "id": "CUSTOMER-DATA-STRUCTURE",
  "dimension": 1536,
  "metadata": [
    "entityType",
    "code",
    "language",
    "analysisResult",
    "qualityMetrics",
    "lastAnalyzed"
  ]
}
2025-11-23 02:20:05 [INFO]: 🔗 Node added to graph {
  "id": "CUSTOMER-DATA-STRUCTURE",
  "type": "cobol_program",
  "propertiesCount": 5
}
2025-11-23 02:20:05 [INFO]: 💾 COBOL entity stored {
  "entityId": "CUSTOMER-DATA-STRUCTURE",
  "entityType": "program",
  "codeLength": 1331
}
2025-11-23 02:20:05 [ERROR]: ❌ Failed to add edge {
  "fromId": "CUSTOMER-DATA-STRUCTURE",
  "toId": "sample.cpy",
  "relationType": "copy",
  "error": "Source or target node not found: CUSTOMER-DATA-STRUCTURE -> sample.cpy"
}
2025-11-23 02:20:05 [ERROR]: ❌ Failed to store relationship {
  "fromEntity": "CUSTOMER-DATA-STRUCTURE",
  "toEntity": "sample.cpy",
  "relationType": "copy",
  "error": "Source or target node not found: CUSTOMER-DATA-STRUCTURE -> sample.cpy"
}
2025-11-23 02:20:05 [INFO]: ✅ Embedding generated {
  "textLength": 1685,
  "vectorLength": 1536,
  "nonZeroValues": 688
}
2025-11-23 02:20:05 [INFO]: 🔍 Vector store attempting to store {
  "id": "51cd4246-4fe4-4f17-8919-0584eccacdaa:ParserAgent-1763844605773",
  "vectorType": "object",
  "isArray": true,
  "vectorLength": 1536,
  "expectedDimension": 1536,
  "firstFewValues": [
    0,
    0,
    0,
    0,
    0
  ]
}
2025-11-23 02:20:05 [INFO]: 📦 Vector stored {
  "id": "51cd4246-4fe4-4f17-8919-0584eccacdaa:ParserAgent-1763844605773",
  "dimension": 1536,
  "metadata": [
    "conversationId",
    "messageId",
    "content",
    "role",
    "type"
  ]
}
2025-11-23 02:20:05 [INFO]: 💬 Conversation context stored {
  "conversationId": "51cd4246-4fe4-4f17-8919-0584eccacdaa",
  "messageId": "ParserAgent-1763844605773",
  "role": "assistant",
  "contentLength": 1685
}
2025-11-23 02:20:05 [INFO]: ✅ ParserAgent completed successfully {
  "agent": "ParserAgent",
  "confidence": 0.95,
  "outputSize": 1685
}
2025-11-23 02:20:05 [INFO]: 🔧 Workflow step: modernize_step {
  "workflowId": "workflow_1763844583218_eic25p0yx"
}
2025-11-23 02:20:05 [INFO]: 🚀 Starting ModernizerAgent {
  "agent": "ModernizerAgent",
  "inputSize": 3176
}
2025-11-23 02:20:05 [INFO]: ✅ Embedding generated {
  "textLength": 1685,
  "vectorLength": 1536,
  "nonZeroValues": 688
}
2025-11-23 02:20:05 [INFO]: 🔍 Vector store search query {
  "vectorType": "object",
  "isArray": true,
  "vectorLength": 1536,
  "expectedDimension": 1536,
  "firstFewValues": [
    0,
    0,
    0,
    0,
    0
  ]
}
2025-11-23 02:20:05 [INFO]: 🔍 Vector search completed {
  "queryDimension": 1536,
  "totalVectors": 2,
  "resultsFound": 1,
  "threshold": 0.7
}
2025-11-23 02:20:05 [INFO]: 🔍 Vector store search query {
  "vectorType": "object",
  "isArray": true,
  "vectorLength": 1536,
  "expectedDimension": 1536,
  "firstFewValues": [
    0,
    0,
    0,
    0,
    0
  ]
}
2025-11-23 02:20:05 [INFO]: 🔍 Vector search completed {
  "queryDimension": 1536,
  "totalVectors": 2,
  "resultsFound": 0,
  "threshold": 0.7
}
2025-11-23 02:20:05 [INFO]: 🔍 Vector store search query {
  "vectorType": "object",
  "isArray": true,
  "vectorLength": 1536,
  "expectedDimension": 1536,
  "firstFewValues": [
    0,
    0,
    0,
    0,
    0
  ]
}
2025-11-23 02:20:05 [INFO]: 🔍 Vector search completed {
  "queryDimension": 1536,
  "totalVectors": 2,
  "resultsFound": 1,
  "threshold": 0.7
}
2025-11-23 02:20:05 [INFO]: 🎯 Retrieved relevant context {
  "conversationId": "51cd4246-4fe4-4f17-8919-0584eccacdaa",
  "conversationItems": 1,
  "codePatterns": 0,
  "entities": 1
}
2025-11-23 02:20:05 [INFO]: 🤖 Generating AI content {
  "provider": "gemini",
  "mockMode": false,
  "promptLength": 4177,
  "temperature": 0.4,
  "maxTokens": 6000
}
2025-11-23 02:20:36 [INFO]: ✅ AI content generated successfully {
  "responseLength": 6863
}
2025-11-23 02:20:36 [INFO]: ✅ Embedding generated {
  "textLength": 774,
  "vectorLength": 1536,
  "nonZeroValues": 439
}
2025-11-23 02:20:36 [INFO]: 🔍 Vector store attempting to store {
  "id": "CUSTOMER-DATA-STRUCTURE_modern_Java",
  "vectorType": "object",
  "isArray": true,
  "vectorLength": 1536,
  "expectedDimension": 1536,
  "firstFewValues": [
    0,
    0,
    0,
    0.06734350297014753,
    0.033671751485073766
  ]
}
2025-11-23 02:20:36 [INFO]: 📦 Vector stored {
  "id": "CUSTOMER-DATA-STRUCTURE_modern_Java",
  "dimension": 1536,
  "metadata": [
    "entityType",
    "code",
    "language",
    "originalProgram",
    "targetLanguage",
    "targetFramework",
    "modernizationMetrics",
    "migrationPlan",
    "lastModernized"
  ]
}
2025-11-23 02:20:36 [INFO]: 🔗 Node added to graph {
  "id": "CUSTOMER-DATA-STRUCTURE_modern_Java",
  "type": "modernized_program",
  "propertiesCount": 7
}
2025-11-23 02:20:36 [INFO]: 💾 COBOL entity stored {
  "entityId": "CUSTOMER-DATA-STRUCTURE_modern_Java",
  "entityType": "modernized_program",
  "codeLength": 80
}
2025-11-23 02:20:36 [INFO]: ➡️ Edge added to graph {
  "from": "CUSTOMER-DATA-STRUCTURE",
  "to": "CUSTOMER-DATA-STRUCTURE_modern_Java",
  "type": "modernized_to"
}
2025-11-23 02:20:36 [INFO]: 🔗 Relationship stored {
  "from": "CUSTOMER-DATA-STRUCTURE",
  "to": "CUSTOMER-DATA-STRUCTURE_modern_Java",
  "type": "modernized_to"
}
2025-11-23 02:20:36 [INFO]: ✅ Embedding generated {
  "textLength": 774,
  "vectorLength": 1536,
  "nonZeroValues": 439
}
2025-11-23 02:20:36 [INFO]: 🔍 Vector store attempting to store {
  "id": "51cd4246-4fe4-4f17-8919-0584eccacdaa:ModernizerAgent-1763844636402",
  "vectorType": "object",
  "isArray": true,
  "vectorLength": 1536,
  "expectedDimension": 1536,
  "firstFewValues": [
    0,
    0,
    0,
    0.06734350297014753,
    0.033671751485073766
  ]
}
2025-11-23 02:20:36 [INFO]: 📦 Vector stored {
  "id": "51cd4246-4fe4-4f17-8919-0584eccacdaa:ModernizerAgent-1763844636402",
  "dimension": 1536,
  "metadata": [
    "conversationId",
    "messageId",
    "content",
    "role",
    "type"
  ]
}
2025-11-23 02:20:36 [INFO]: 💬 Conversation context stored {
  "conversationId": "51cd4246-4fe4-4f17-8919-0584eccacdaa",
  "messageId": "ModernizerAgent-1763844636402",
  "role": "assistant",
  "contentLength": 774
}
2025-11-23 02:20:36 [INFO]: ✅ ModernizerAgent completed successfully {
  "agent": "ModernizerAgent",
  "confidence": 0.95,
  "outputSize": 774
}
2025-11-23 02:20:36 [INFO]: 🔧 Workflow step: validate_step {
  "workflowId": "workflow_1763844583218_eic25p0yx"
}
2025-11-23 02:20:36 [INFO]: 🚀 Starting ValidatorAgent {
  "agent": "ValidatorAgent",
  "inputSize": 2549
}
2025-11-23 02:20:36 [INFO]: ✅ Embedding generated {
  "textLength": 774,
  "vectorLength": 1536,
  "nonZeroValues": 439
}
2025-11-23 02:20:36 [INFO]: 🔍 Vector store search query {
  "vectorType": "object",
  "isArray": true,
  "vectorLength": 1536,
  "expectedDimension": 1536,
  "firstFewValues": [
    0,
    0,
    0,
    0.06734350297014753,
    0.033671751485073766
  ]
}
2025-11-23 02:20:36 [INFO]: 🔍 Vector search completed {
  "queryDimension": 1536,
  "totalVectors": 4,
  "resultsFound": 1,
  "threshold": 0.7
}
2025-11-23 02:20:36 [INFO]: 🔍 Vector store search query {
  "vectorType": "object",
  "isArray": true,
  "vectorLength": 1536,
  "expectedDimension": 1536,
  "firstFewValues": [
    0,
    0,
    0,
    0.06734350297014753,
    0.033671751485073766
  ]
}
2025-11-23 02:20:36 [INFO]: 🔍 Vector search completed {
  "queryDimension": 1536,
  "totalVectors": 4,
  "resultsFound": 0,
  "threshold": 0.7
}
2025-11-23 02:20:36 [INFO]: 🔍 Vector store search query {
  "vectorType": "object",
  "isArray": true,
  "vectorLength": 1536,
  "expectedDimension": 1536,
  "firstFewValues": [
    0,
    0,
    0,
    0.06734350297014753,
    0.033671751485073766
  ]
}
2025-11-23 02:20:36 [INFO]: 🔍 Vector search completed {
  "queryDimension": 1536,
  "totalVectors": 4,
  "resultsFound": 1,
  "threshold": 0.7
}
2025-11-23 02:20:36 [INFO]: 🎯 Retrieved relevant context {
  "conversationId": "51cd4246-4fe4-4f17-8919-0584eccacdaa",
  "conversationItems": 1,
  "codePatterns": 0,
  "entities": 1
}
2025-11-23 02:20:36 [INFO]: 🤖 Generating AI content {
  "provider": "gemini",
  "mockMode": false,
  "promptLength": 4276,
  "temperature": 0.2,
  "maxTokens": 5000
}
2025-11-23 02:20:57 [INFO]: ✅ AI content generated successfully {
  "responseLength": 4762
}
2025-11-23 02:20:57 [INFO]: ✅ Embedding generated {
  "textLength": 4621,
  "vectorLength": 1536,
  "nonZeroValues": 1178
}
2025-11-23 02:20:57 [INFO]: 🔍 Vector store attempting to store {
  "id": "CUSTOMER-DATA-STRUCTURE_validation_1763844657296",
  "vectorType": "object",
  "isArray": true,
  "vectorLength": 1536,
  "expectedDimension": 1536,
  "firstFewValues": [
    0.007186437903312047,
    0.007186437903312047,
    0.007186437903312047,
    0.014372875806624094,
    0.007186437903312047
  ]
}
2025-11-23 02:20:57 [INFO]: 📦 Vector stored {
  "id": "CUSTOMER-DATA-STRUCTURE_validation_1763844657296",
  "dimension": 1536,
  "metadata": [
    "entityType",
    "code",
    "language",
    "originalProgram",
    "overallScore",
    "status",
    "issueCount",
    "validatedAt"
  ]
}
2025-11-23 02:20:57 [INFO]: 🔗 Node added to graph {
  "id": "CUSTOMER-DATA-STRUCTURE_validation_1763844657296",
  "type": "validation_result",
  "propertiesCount": 6
}
2025-11-23 02:20:57 [INFO]: 💾 COBOL entity stored {
  "entityId": "CUSTOMER-DATA-STRUCTURE_validation_1763844657296",
  "entityType": "validation_result",
  "codeLength": 4621
}
2025-11-23 02:20:57 [INFO]: ➡️ Edge added to graph {
  "from": "CUSTOMER-DATA-STRUCTURE_modern_Java",
  "to": "CUSTOMER-DATA-STRUCTURE_validation_1763844657296",
  "type": "validated_by"
}
2025-11-23 02:20:57 [INFO]: 🔗 Relationship stored {
  "from": "CUSTOMER-DATA-STRUCTURE_modern_Java",
  "to": "CUSTOMER-DATA-STRUCTURE_validation_1763844657296",
  "type": "validated_by"
}
2025-11-23 02:20:57 [INFO]: ✅ Embedding generated {
  "textLength": 4621,
  "vectorLength": 1536,
  "nonZeroValues": 1178
}
2025-11-23 02:20:57 [INFO]: 🔍 Vector store attempting to store {
  "id": "51cd4246-4fe4-4f17-8919-0584eccacdaa:ValidatorAgent-1763844657304",
  "vectorType": "object",
  "isArray": true,
  "vectorLength": 1536,
  "expectedDimension": 1536,
  "firstFewValues": [
    0.007186437903312047,
    0.007186437903312047,
    0.007186437903312047,
    0.014372875806624094,
    0.007186437903312047
  ]
}
2025-11-23 02:20:57 [INFO]: 📦 Vector stored {
  "id": "51cd4246-4fe4-4f17-8919-0584eccacdaa:ValidatorAgent-1763844657304",
  "dimension": 1536,
  "metadata": [
    "conversationId",
    "messageId",
    "content",
    "role",
    "type"
  ]
}
2025-11-23 02:20:57 [INFO]: 💬 Conversation context stored {
  "conversationId": "51cd4246-4fe4-4f17-8919-0584eccacdaa",
  "messageId": "ValidatorAgent-1763844657304",
  "role": "assistant",
  "contentLength": 4621
}
2025-11-23 02:20:57 [INFO]: ✅ ValidatorAgent completed successfully {
  "agent": "ValidatorAgent",
  "confidence": 0.95,
  "outputSize": 4621
}
2025-11-23 02:20:57 [INFO]: 🔧 Workflow step: validation_concerns {
  "workflowId": "workflow_1763844583218_eic25p0yx",
  "score": 10
}
2025-11-23 02:20:57 [INFO]: 🔧 Workflow step: explain_step {
  "workflowId": "workflow_1763844583218_eic25p0yx"
}
2025-11-23 02:20:57 [INFO]: 🚀 Starting ExplainerAgent {
  "agent": "ExplainerAgent",
  "inputSize": 7233
}
2025-11-23 02:20:57 [INFO]: ✅ Embedding generated {
  "textLength": 7123,
  "vectorLength": 1536,
  "nonZeroValues": 1313
}
2025-11-23 02:20:57 [INFO]: 🔍 Vector store search query {
  "vectorType": "object",
  "isArray": true,
  "vectorLength": 1536,
  "expectedDimension": 1536,
  "firstFewValues": [
    0.0099194829941484,
    0.0148792244912226,
    0,
    0.0198389659882968,
    0.024798707485371
  ]
}
2025-11-23 02:20:57 [INFO]: 🔍 Vector search completed {
  "queryDimension": 1536,
  "totalVectors": 6,
  "resultsFound": 0,
  "threshold": 0.7
}
2025-11-23 02:20:57 [INFO]: 🔍 Vector store search query {
  "vectorType": "object",
  "isArray": true,
  "vectorLength": 1536,
  "expectedDimension": 1536,
  "firstFewValues": [
    0.0099194829941484,
    0.0148792244912226,
    0,
    0.0198389659882968,
    0.024798707485371
  ]
}
2025-11-23 02:20:57 [INFO]: 🔍 Vector search completed {
  "queryDimension": 1536,
  "totalVectors": 6,
  "resultsFound": 0,
  "threshold": 0.7
}
2025-11-23 02:20:57 [INFO]: 🔍 Vector store search query {
  "vectorType": "object",
  "isArray": true,
  "vectorLength": 1536,
  "expectedDimension": 1536,
  "firstFewValues": [
    0.0099194829941484,
    0.0148792244912226,
    0,
    0.0198389659882968,
    0.024798707485371
  ]
}
2025-11-23 02:20:57 [INFO]: 🔍 Vector search completed {
  "queryDimension": 1536,
  "totalVectors": 6,
  "resultsFound": 0,
  "threshold": 0.7
}
2025-11-23 02:20:57 [INFO]: 🎯 Retrieved relevant context {
  "conversationId": "51cd4246-4fe4-4f17-8919-0584eccacdaa",
  "conversationItems": 0,
  "codePatterns": 0,
  "entities": 0
}
2025-11-23 02:20:57 [INFO]: 🤖 Generating AI content {
  "provider": "gemini",
  "mockMode": false,
  "promptLength": 9398,
  "temperature": 0.5,
  "maxTokens": 6000
}
2025-11-23 02:21:31 [INFO]: ✅ AI content generated successfully {
  "responseLength": 8466
}
2025-11-23 02:21:31 [INFO]: ✅ Embedding generated {
  "textLength": 19026,
  "vectorLength": 1536,
  "nonZeroValues": 1403
}
2025-11-23 02:21:31 [INFO]: 🔍 Vector store attempting to store {
  "id": "explanation_1763844691445",
  "vectorType": "object",
  "isArray": true,
  "vectorLength": 1536,
  "expectedDimension": 1536,
  "firstFewValues": [
    0.010232220575900704,
    0.030696661727702107,
    0.005116110287950352,
    0.0034107401919669014,
    0.03069666172770211
  ]
}
2025-11-23 02:21:31 [INFO]: 📦 Vector stored {
  "id": "explanation_1763844691445",
  "dimension": 1536,
  "metadata": [
    "entityType",
    "code",
    "language",
    "explanationType",
    "targetAudience",
    "sectionCount",
    "insightCount",
    "createdAt"
  ]
}
2025-11-23 02:21:31 [INFO]: 🔗 Node added to graph {
  "id": "explanation_1763844691445",
  "type": "explanation",
  "propertiesCount": 6
}
2025-11-23 02:21:31 [INFO]: 💾 COBOL entity stored {
  "entityId": "explanation_1763844691445",
  "entityType": "explanation",
  "codeLength": 19026
}
2025-11-23 02:21:31 [INFO]: ✅ Embedding generated {
  "textLength": 19026,
  "vectorLength": 1536,
  "nonZeroValues": 1403
}
2025-11-23 02:21:31 [INFO]: 🔍 Vector store attempting to store {
  "id": "51cd4246-4fe4-4f17-8919-0584eccacdaa:ExplainerAgent-1763844691453",
  "vectorType": "object",
  "isArray": true,
  "vectorLength": 1536,
  "expectedDimension": 1536,
  "firstFewValues": [
    0.010232220575900704,
    0.030696661727702107,
    0.005116110287950352,
    0.0034107401919669014,
    0.03069666172770211
  ]
}
2025-11-23 02:21:31 [INFO]: 📦 Vector stored {
  "id": "51cd4246-4fe4-4f17-8919-0584eccacdaa:ExplainerAgent-1763844691453",
  "dimension": 1536,
  "metadata": [
    "conversationId",
    "messageId",
    "content",
    "role",
    "type"
  ]
}
2025-11-23 02:21:31 [INFO]: 💬 Conversation context stored {
  "conversationId": "51cd4246-4fe4-4f17-8919-0584eccacdaa",
  "messageId": "ExplainerAgent-1763844691453",
  "role": "assistant",
  "contentLength": 19026
}
2025-11-23 02:21:31 [INFO]: ✅ ExplainerAgent completed successfully {
  "agent": "ExplainerAgent",
  "confidence": 0.8999999999999999,
  "outputSize": 19026
}
2025-11-23 02:21:31 [INFO]: 🔧 Workflow step: workflow_completed {
  "workflowId": "workflow_1763844583218_eic25p0yx",
  "workflowType": "full_modernization",
  "duration": 108244,
  "success": true
}
2025-11-23 02:21:31 [INFO]: Job 51cd4246-4fe4-4f17-8919-0584eccacdaa: Pipeline completed 
2025-11-23 02:21:31 [INFO]: Job 51cd4246-4fe4-4f17-8919-0584eccacdaa: Processing completed successfully 
2025-11-23 02:21:31 [INFO]: ✅ Job 51cd4246-4fe4-4f17-8919-0584eccacdaa completed successfully - processed 2 files 
2025-11-23 02:24:06 [INFO]: 🚀 Initializing AI Modernization Assistant... 
2025-11-23 02:24:06 [INFO]: 🤖 AI Client initialized {
  "provider": "gemini",
  "mockMode": false,
  "hasApiKey": true
}
2025-11-23 02:24:06 [INFO]: ✅ AI system initialized successfully 
2025-11-23 02:24:06 [INFO]: 🌟 AI Modernization Assistant server running on port 3001 
2025-11-23 02:24:06 [INFO]: 📁 Upload directory: D:\mumbaiHack\404-KILLERS\engine\uploads 
2025-11-23 02:24:06 [INFO]: 🔧 Environment: development 
2025-11-23 02:24:06 [INFO]: 🤖 AI Provider: gemini 
2025-11-23 02:24:06 [INFO]: 🔑 API Key configured: true 
2025-11-23 02:25:47 [INFO]: 🚀 Initializing AI Modernization Assistant... 
2025-11-23 02:25:47 [INFO]: 🤖 AI Client initialized {
  "provider": "gemini",
  "mockMode": false,
  "hasApiKey": true
}
2025-11-23 02:25:47 [INFO]: ✅ AI system initialized successfully 
2025-11-23 02:25:47 [INFO]: 🌟 AI Modernization Assistant server running on port 3000 
2025-11-23 02:25:47 [INFO]: 📁 Upload directory: D:\mumbaiHack\404-KILLERS\engine\uploads 
2025-11-23 02:25:47 [INFO]: 🔧 Environment: development 
2025-11-23 02:25:48 [INFO]: 🤖 AI Provider: gemini 
2025-11-23 02:25:48 [INFO]: 🔑 API Key configured: true 
2025-11-23 02:26:15 [INFO]: 📁 File upload received: 2 file(s) 
2025-11-23 02:26:15 [INFO]:   - sample.dat (741 bytes) 
2025-11-23 02:26:15 [INFO]:   - sample.cpy (524 bytes) 
2025-11-23 02:26:15 [INFO]: Job 6da1060a-1e81-489f-a7ac-e88f763878e5: Starting analysis of 2 files... 
2025-11-23 02:26:15 [INFO]: 📊 File breakdown: 1 .cpy, 1 .dat, 0 other 
2025-11-23 02:26:15 [INFO]: Job 6da1060a-1e81-489f-a7ac-e88f763878e5: Processing sample.dat... 
2025-11-23 02:26:15 [INFO]: 📄 Starting file chunking {
  "filePath": "files-1763844975481-630655069.dat",
  "maxChunkSize": 4000,
  "overlap": 200,
  "strategy": "auto"
}
2025-11-23 02:26:15 [INFO]: Job 6da1060a-1e81-489f-a7ac-e88f763878e5: Processing sample.cpy... 
2025-11-23 02:26:15 [INFO]: 📄 Starting file chunking {
  "filePath": "files-1763844975487-717551593.cpy",
  "maxChunkSize": 4000,
  "overlap": 200,
  "strategy": "auto"
}
2025-11-23 02:26:15 [INFO]: Job 6da1060a-1e81-489f-a7ac-e88f763878e5: Combined 2 chunks from 2 files 
2025-11-23 02:26:15 [INFO]: Job 6da1060a-1e81-489f-a7ac-e88f763878e5: Starting modernization pipeline... 
2025-11-23 02:26:15 [INFO]: 🔧 Workflow step: workflow_started {
  "workflowId": "workflow_1763844975689_vk8zoiww2",
  "workflowType": "full_modernization",
  "input": "object"
}
2025-11-23 02:26:15 [INFO]: 🔧 Workflow step: parse_step {
  "workflowId": "workflow_1763844975689_vk8zoiww2"
}
2025-11-23 02:26:15 [INFO]: 🚀 Starting ParserAgent {
  "agent": "ParserAgent",
  "inputSize": 3245
}
2025-11-23 02:26:15 [INFO]: 🤖 Generating AI content {
  "provider": "gemini",
  "mockMode": false,
  "promptLength": 1551,
  "temperature": 0.3,
  "maxTokens": 4000
}
2025-11-23 02:26:48 [INFO]: ✅ AI content generated successfully {
  "responseLength": 5725
}
2025-11-23 02:26:48 [INFO]: ✅ Embedding generated {
  "textLength": 1802,
  "vectorLength": 1536,
  "nonZeroValues": 730
}
2025-11-23 02:26:48 [INFO]: 🔍 Vector store attempting to store {
  "id": "sample.cpy",
  "vectorType": "object",
  "isArray": true,
  "vectorLength": 1536,
  "expectedDimension": 1536,
  "firstFewValues": [
    0.015937393387910663,
    0,
    0,
    0,
    0.015937393387910663
  ]
}
2025-11-23 02:26:48 [INFO]: 📦 Vector stored {
  "id": "sample.cpy",
  "dimension": 1536,
  "metadata": [
    "entityType",
    "code",
    "language",
    "analysisResult",
    "qualityMetrics",
    "lastAnalyzed"
  ]
}
2025-11-23 02:26:48 [INFO]: 🔗 Node added to graph {
  "id": "sample.cpy",
  "type": "cobol_program",
  "propertiesCount": 5
}
2025-11-23 02:26:48 [INFO]: 💾 COBOL entity stored {
  "entityId": "sample.cpy",
  "entityType": "program",
  "codeLength": 1331
}
2025-11-23 02:26:48 [ERROR]: ❌ Failed to add edge {
  "fromId": "sample.cpy",
  "toId": "N/A",
  "relationType": "copy",
  "error": "Source or target node not found: sample.cpy -> N/A"
}
2025-11-23 02:26:48 [ERROR]: ❌ Failed to store relationship {
  "fromEntity": "sample.cpy",
  "toEntity": "N/A",
  "relationType": "copy",
  "error": "Source or target node not found: sample.cpy -> N/A"
}
2025-11-23 02:26:49 [INFO]: ✅ Embedding generated {
  "textLength": 1802,
  "vectorLength": 1536,
  "nonZeroValues": 730
}
2025-11-23 02:26:49 [INFO]: 🔍 Vector store attempting to store {
  "id": "6da1060a-1e81-489f-a7ac-e88f763878e5:ParserAgent-1763845009187",
  "vectorType": "object",
  "isArray": true,
  "vectorLength": 1536,
  "expectedDimension": 1536,
  "firstFewValues": [
    0.015937393387910663,
    0,
    0,
    0,
    0.015937393387910663
  ]
}
2025-11-23 02:26:49 [INFO]: 📦 Vector stored {
  "id": "6da1060a-1e81-489f-a7ac-e88f763878e5:ParserAgent-1763845009187",
  "dimension": 1536,
  "metadata": [
    "conversationId",
    "messageId",
    "content",
    "role",
    "type"
  ]
}
2025-11-23 02:26:49 [INFO]: 💬 Conversation context stored {
  "conversationId": "6da1060a-1e81-489f-a7ac-e88f763878e5",
  "messageId": "ParserAgent-1763845009187",
  "role": "assistant",
  "contentLength": 1802
}
2025-11-23 02:26:49 [INFO]: ✅ ParserAgent completed successfully {
  "agent": "ParserAgent",
  "confidence": 0.95,
  "outputSize": 1802
}
2025-11-23 02:26:49 [INFO]: 🔧 Workflow step: modernize_step {
  "workflowId": "workflow_1763844975689_vk8zoiww2"
}
2025-11-23 02:26:50 [INFO]: 🚀 Starting ModernizerAgent {
  "agent": "ModernizerAgent",
  "inputSize": 3293
}
2025-11-23 02:26:50 [INFO]: ✅ Embedding generated {
  "textLength": 1802,
  "vectorLength": 1536,
  "nonZeroValues": 730
}
2025-11-23 02:26:50 [INFO]: 🔍 Vector store search query {
  "vectorType": "object",
  "isArray": true,
  "vectorLength": 1536,
  "expectedDimension": 1536,
  "firstFewValues": [
    0.015937393387910663,
    0,
    0,
    0,
    0.015937393387910663
  ]
}
2025-11-23 02:26:50 [INFO]: 🔍 Vector search completed {
  "queryDimension": 1536,
  "totalVectors": 2,
  "resultsFound": 1,
  "threshold": 0.7
}
2025-11-23 02:26:50 [INFO]: 🔍 Vector store search query {
  "vectorType": "object",
  "isArray": true,
  "vectorLength": 1536,
  "expectedDimension": 1536,
  "firstFewValues": [
    0.015937393387910663,
    0,
    0,
    0,
    0.015937393387910663
  ]
}
2025-11-23 02:26:50 [INFO]: 🔍 Vector search completed {
  "queryDimension": 1536,
  "totalVectors": 2,
  "resultsFound": 0,
  "threshold": 0.7
}
2025-11-23 02:26:50 [INFO]: 🔍 Vector store search query {
  "vectorType": "object",
  "isArray": true,
  "vectorLength": 1536,
  "expectedDimension": 1536,
  "firstFewValues": [
    0.015937393387910663,
    0,
    0,
    0,
    0.015937393387910663
  ]
}
2025-11-23 02:26:50 [INFO]: 🔍 Vector search completed {
  "queryDimension": 1536,
  "totalVectors": 2,
  "resultsFound": 1,
  "threshold": 0.7
}
2025-11-23 02:26:51 [INFO]: 🎯 Retrieved relevant context {
  "conversationId": "6da1060a-1e81-489f-a7ac-e88f763878e5",
  "conversationItems": 1,
  "codePatterns": 0,
  "entities": 1
}
2025-11-23 02:26:51 [INFO]: 🤖 Generating AI content {
  "provider": "gemini",
  "mockMode": false,
  "promptLength": 4294,
  "temperature": 0.4,
  "maxTokens": 6000
}
2025-11-23 02:27:23 [INFO]: ✅ AI content generated successfully {
  "responseLength": 5961
}
2025-11-23 02:27:23 [INFO]: ✅ Embedding generated {
  "textLength": 2364,
  "vectorLength": 1536,
  "nonZeroValues": 667
}
2025-11-23 02:27:23 [INFO]: 🔍 Vector store attempting to store {
  "id": "sample.cpy_modern_Java",
  "vectorType": "object",
  "isArray": true,
  "vectorLength": 1536,
  "expectedDimension": 1536,
  "firstFewValues": [
    0,
    0.019293302672441157,
    0.13505311870708808,
    0.019293302672441157,
    0
  ]
}
2025-11-23 02:27:23 [INFO]: 📦 Vector stored {
  "id": "sample.cpy_modern_Java",
  "dimension": 1536,
  "metadata": [
    "entityType",
    "code",
    "language",
    "originalProgram",
    "targetLanguage",
    "targetFramework",
    "modernizationMetrics",
    "migrationPlan",
    "lastModernized"
  ]
}
2025-11-23 02:27:23 [INFO]: 🔗 Node added to graph {
  "id": "sample.cpy_modern_Java",
  "type": "modernized_program",
  "propertiesCount": 7
}
2025-11-23 02:27:23 [INFO]: 💾 COBOL entity stored {
  "entityId": "sample.cpy_modern_Java",
  "entityType": "modernized_program",
  "codeLength": 80
}
2025-11-23 02:27:23 [INFO]: ➡️ Edge added to graph {
  "from": "sample.cpy",
  "to": "sample.cpy_modern_Java",
  "type": "modernized_to"
}
2025-11-23 02:27:23 [INFO]: 🔗 Relationship stored {
  "from": "sample.cpy",
  "to": "sample.cpy_modern_Java",
  "type": "modernized_to"
}
2025-11-23 02:27:23 [INFO]: ✅ Embedding generated {
  "textLength": 2364,
  "vectorLength": 1536,
  "nonZeroValues": 667
}
2025-11-23 02:27:23 [INFO]: 🔍 Vector store attempting to store {
  "id": "6da1060a-1e81-489f-a7ac-e88f763878e5:ModernizerAgent-1763845043712",
  "vectorType": "object",
  "isArray": true,
  "vectorLength": 1536,
  "expectedDimension": 1536,
  "firstFewValues": [
    0,
    0.019293302672441157,
    0.13505311870708808,
    0.019293302672441157,
    0
  ]
}
2025-11-23 02:27:23 [INFO]: 📦 Vector stored {
  "id": "6da1060a-1e81-489f-a7ac-e88f763878e5:ModernizerAgent-1763845043712",
  "dimension": 1536,
  "metadata": [
    "conversationId",
    "messageId",
    "content",
    "role",
    "type"
  ]
}
2025-11-23 02:27:23 [INFO]: 💬 Conversation context stored {
  "conversationId": "6da1060a-1e81-489f-a7ac-e88f763878e5",
  "messageId": "ModernizerAgent-1763845043712",
  "role": "assistant",
  "contentLength": 2364
}
2025-11-23 02:27:23 [INFO]: ✅ ModernizerAgent completed successfully {
  "agent": "ModernizerAgent",
  "confidence": 0.95,
  "outputSize": 2364
}
2025-11-23 02:27:23 [INFO]: 🔧 Workflow step: validate_step {
  "workflowId": "workflow_1763844975689_vk8zoiww2"
}
2025-11-23 02:27:23 [INFO]: 🚀 Starting ValidatorAgent {
  "agent": "ValidatorAgent",
  "inputSize": 4256
}
2025-11-23 02:27:23 [INFO]: ✅ Embedding generated {
  "textLength": 2364,
  "vectorLength": 1536,
  "nonZeroValues": 667
}
2025-11-23 02:27:23 [INFO]: 🔍 Vector store search query {
  "vectorType": "object",
  "isArray": true,
  "vectorLength": 1536,
  "expectedDimension": 1536,
  "firstFewValues": [
    0,
    0.019293302672441157,
    0.13505311870708808,
    0.019293302672441157,
    0
  ]
}
2025-11-23 02:27:23 [INFO]: 🔍 Vector search completed {
  "queryDimension": 1536,
  "totalVectors": 4,
  "resultsFound": 1,
  "threshold": 0.7
}
2025-11-23 02:27:23 [INFO]: 🔍 Vector store search query {
  "vectorType": "object",
  "isArray": true,
  "vectorLength": 1536,
  "expectedDimension": 1536,
  "firstFewValues": [
    0,
    0.019293302672441157,
    0.13505311870708808,
    0.019293302672441157,
    0
  ]
}
2025-11-23 02:27:24 [INFO]: 🔍 Vector search completed {
  "queryDimension": 1536,
  "totalVectors": 4,
  "resultsFound": 0,
  "threshold": 0.7
}
2025-11-23 02:27:24 [INFO]: 🔍 Vector store search query {
  "vectorType": "object",
  "isArray": true,
  "vectorLength": 1536,
  "expectedDimension": 1536,
  "firstFewValues": [
    0,
    0.019293302672441157,
    0.13505311870708808,
    0.019293302672441157,
    0
  ]
}
2025-11-23 02:27:24 [INFO]: 🔍 Vector search completed {
  "queryDimension": 1536,
  "totalVectors": 4,
  "resultsFound": 1,
  "threshold": 0.7
}
2025-11-23 02:27:24 [INFO]: 🎯 Retrieved relevant context {
  "conversationId": "6da1060a-1e81-489f-a7ac-e88f763878e5",
  "conversationItems": 1,
  "codePatterns": 0,
  "entities": 1
}
2025-11-23 02:27:24 [INFO]: 🤖 Generating AI content {
  "provider": "gemini",
  "mockMode": false,
  "promptLength": 7101,
  "temperature": 0.2,
  "maxTokens": 5000
}
2025-11-23 02:27:53 [INFO]: ✅ AI content generated successfully {
  "responseLength": 6628
}
2025-11-23 02:27:53 [INFO]: ✅ Embedding generated {
  "textLength": 6478,
  "vectorLength": 1536,
  "nonZeroValues": 1259
}
2025-11-23 02:27:53 [INFO]: 🔍 Vector store attempting to store {
  "id": "sample.cpy_validation_1763845073362",
  "vectorType": "object",
  "isArray": true,
  "vectorLength": 1536,
  "expectedDimension": 1536,
  "firstFewValues": [
    0.010069594832703312,
    0.005034797416351656,
    0.005034797416351656,
    0,
    0.010069594832703312
  ]
}
2025-11-23 02:27:53 [INFO]: 📦 Vector stored {
  "id": "sample.cpy_validation_1763845073362",
  "dimension": 1536,
  "metadata": [
    "entityType",
    "code",
    "language",
    "originalProgram",
    "overallScore",
    "status",
    "issueCount",
    "validatedAt"
  ]
}
2025-11-23 02:27:53 [INFO]: 🔗 Node added to graph {
  "id": "sample.cpy_validation_1763845073362",
  "type": "validation_result",
  "propertiesCount": 6
}
2025-11-23 02:27:53 [INFO]: 💾 COBOL entity stored {
  "entityId": "sample.cpy_validation_1763845073362",
  "entityType": "validation_result",
  "codeLength": 6478
}
2025-11-23 02:27:53 [INFO]: ➡️ Edge added to graph {
  "from": "sample.cpy_modern_Java",
  "to": "sample.cpy_validation_1763845073362",
  "type": "validated_by"
}
2025-11-23 02:27:53 [INFO]: 🔗 Relationship stored {
  "from": "sample.cpy_modern_Java",
  "to": "sample.cpy_validation_1763845073362",
  "type": "validated_by"
}
2025-11-23 02:27:53 [INFO]: ✅ Embedding generated {
  "textLength": 6478,
  "vectorLength": 1536,
  "nonZeroValues": 1259
}
2025-11-23 02:27:53 [INFO]: 🔍 Vector store attempting to store {
  "id": "6da1060a-1e81-489f-a7ac-e88f763878e5:ValidatorAgent-1763845073456",
  "vectorType": "object",
  "isArray": true,
  "vectorLength": 1536,
  "expectedDimension": 1536,
  "firstFewValues": [
    0.010069594832703312,
    0.005034797416351656,
    0.005034797416351656,
    0,
    0.010069594832703312
  ]
}
2025-11-23 02:27:53 [INFO]: 📦 Vector stored {
  "id": "6da1060a-1e81-489f-a7ac-e88f763878e5:ValidatorAgent-1763845073456",
  "dimension": 1536,
  "metadata": [
    "conversationId",
    "messageId",
    "content",
    "role",
    "type"
  ]
}
2025-11-23 02:27:53 [INFO]: 💬 Conversation context stored {
  "conversationId": "6da1060a-1e81-489f-a7ac-e88f763878e5",
  "messageId": "ValidatorAgent-1763845073456",
  "role": "assistant",
  "contentLength": 6478
}
2025-11-23 02:27:53 [INFO]: ✅ ValidatorAgent completed successfully {
  "agent": "ValidatorAgent",
  "confidence": 0.95,
  "outputSize": 6478
}
2025-11-23 02:27:53 [INFO]: 🔧 Workflow step: validation_concerns {
  "workflowId": "workflow_1763844975689_vk8zoiww2",
  "score": 40
}
2025-11-23 02:27:53 [INFO]: 🔧 Workflow step: explain_step {
  "workflowId": "workflow_1763844975689_vk8zoiww2"
}
2025-11-23 02:27:53 [INFO]: 🚀 Starting ExplainerAgent {
  "agent": "ExplainerAgent",
  "inputSize": 10797
}
2025-11-23 02:27:53 [INFO]: ✅ Embedding generated {
  "textLength": 10687,
  "vectorLength": 1536,
  "nonZeroValues": 1394
}
2025-11-23 02:27:53 [INFO]: 🔍 Vector store search query {
  "vectorType": "object",
  "isArray": true,
  "vectorLength": 1536,
  "expectedDimension": 1536,
  "firstFewValues": [
    0.013404265748569793,
    0.010053199311427344,
    0.04691493011999427,
    0.02345746505999714,
    0.06702132874284897
  ]
}
2025-11-23 02:27:53 [INFO]: 🔍 Vector search completed {
  "queryDimension": 1536,
  "totalVectors": 6,
  "resultsFound": 0,
  "threshold": 0.7
}
2025-11-23 02:27:53 [INFO]: 🔍 Vector store search query {
  "vectorType": "object",
  "isArray": true,
  "vectorLength": 1536,
  "expectedDimension": 1536,
  "firstFewValues": [
    0.013404265748569793,
    0.010053199311427344,
    0.04691493011999427,
    0.02345746505999714,
    0.06702132874284897
  ]
}
2025-11-23 02:27:53 [INFO]: 🔍 Vector search completed {
  "queryDimension": 1536,
  "totalVectors": 6,
  "resultsFound": 0,
  "threshold": 0.7
}
2025-11-23 02:27:53 [INFO]: 🔍 Vector store search query {
  "vectorType": "object",
  "isArray": true,
  "vectorLength": 1536,
  "expectedDimension": 1536,
  "firstFewValues": [
    0.013404265748569793,
    0.010053199311427344,
    0.04691493011999427,
    0.02345746505999714,
    0.06702132874284897
  ]
}
2025-11-23 02:27:53 [INFO]: 🔍 Vector search completed {
  "queryDimension": 1536,
  "totalVectors": 6,
  "resultsFound": 0,
  "threshold": 0.7
}
2025-11-23 02:27:53 [INFO]: 🎯 Retrieved relevant context {
  "conversationId": "6da1060a-1e81-489f-a7ac-e88f763878e5",
  "conversationItems": 0,
  "codePatterns": 0,
  "entities": 0
}
2025-11-23 02:27:54 [INFO]: 🤖 Generating AI content {
  "provider": "gemini",
  "mockMode": false,
  "promptLength": 14610,
  "temperature": 0.5,
  "maxTokens": 6000
}
2025-11-23 02:28:29 [INFO]: ✅ AI content generated successfully {
  "responseLength": 6816
}
2025-11-23 02:28:29 [INFO]: ✅ Embedding generated {
  "textLength": 15572,
  "vectorLength": 1536,
  "nonZeroValues": 1284
}
2025-11-23 02:28:29 [INFO]: 🔍 Vector store attempting to store {
  "id": "explanation_1763845109121",
  "vectorType": "object",
  "isArray": true,
  "vectorLength": 1536,
  "expectedDimension": 1536,
  "firstFewValues": [
    0.0020614700979805826,
    0.010307350489902913,
    0.004122940195961165,
    0.004122940195961165,
    0.012368820587883494
  ]
}
2025-11-23 02:28:29 [INFO]: 📦 Vector stored {
  "id": "explanation_1763845109121",
  "dimension": 1536,
  "metadata": [
    "entityType",
    "code",
    "language",
    "explanationType",
    "targetAudience",
    "sectionCount",
    "insightCount",
    "createdAt"
  ]
}
2025-11-23 02:28:29 [INFO]: 🔗 Node added to graph {
  "id": "explanation_1763845109121",
  "type": "explanation",
  "propertiesCount": 6
}
2025-11-23 02:28:29 [INFO]: 💾 COBOL entity stored {
  "entityId": "explanation_1763845109121",
  "entityType": "explanation",
  "codeLength": 15572
}
2025-11-23 02:28:29 [INFO]: ✅ Embedding generated {
  "textLength": 15572,
  "vectorLength": 1536,
  "nonZeroValues": 1284
}
2025-11-23 02:28:29 [INFO]: 🔍 Vector store attempting to store {
  "id": "6da1060a-1e81-489f-a7ac-e88f763878e5:ExplainerAgent-1763845109206",
  "vectorType": "object",
  "isArray": true,
  "vectorLength": 1536,
  "expectedDimension": 1536,
  "firstFewValues": [
    0.0020614700979805826,
    0.010307350489902913,
    0.004122940195961165,
    0.004122940195961165,
    0.012368820587883494
  ]
}
2025-11-23 02:28:29 [INFO]: 📦 Vector stored {
  "id": "6da1060a-1e81-489f-a7ac-e88f763878e5:ExplainerAgent-1763845109206",
  "dimension": 1536,
  "metadata": [
    "conversationId",
    "messageId",
    "content",
    "role",
    "type"
  ]
}
2025-11-23 02:28:29 [INFO]: 💬 Conversation context stored {
  "conversationId": "6da1060a-1e81-489f-a7ac-e88f763878e5",
  "messageId": "ExplainerAgent-1763845109206",
  "role": "assistant",
  "contentLength": 15572
}
2025-11-23 02:28:29 [INFO]: ✅ ExplainerAgent completed successfully {
  "agent": "ExplainerAgent",
  "confidence": 0.8999999999999999,
  "outputSize": 15572
}
2025-11-23 02:28:29 [INFO]: 🔧 Workflow step: workflow_completed {
  "workflowId": "workflow_1763844975689_vk8zoiww2",
  "workflowType": "full_modernization",
  "duration": 133586,
  "success": true
}
2025-11-23 02:28:29 [INFO]: Job 6da1060a-1e81-489f-a7ac-e88f763878e5: Pipeline completed 
2025-11-23 02:28:29 [INFO]: Job 6da1060a-1e81-489f-a7ac-e88f763878e5: Processing completed successfully 
2025-11-23 02:28:29 [INFO]: ✅ Job 6da1060a-1e81-489f-a7ac-e88f763878e5 completed successfully - processed 2 files 
2025-11-23 02:34:04 [INFO]: 🔄 Received SIGINT, shutting down gracefully... 
2025-11-23 02:34:08 [INFO]: 🚀 Initializing AI Modernization Assistant... 
2025-11-23 02:34:08 [INFO]: 🤖 AI Client initialized {
  "provider": "gemini",
  "mockMode": false,
  "hasApiKey": true
}
2025-11-23 02:34:08 [INFO]: ✅ AI system initialized successfully 
2025-11-23 02:34:08 [INFO]: 🌟 AI Modernization Assistant server running on port 3000 
2025-11-23 02:34:08 [INFO]: 📁 Upload directory: D:\mumbaiHack\404-KILLERS\engine\uploads 
2025-11-23 02:34:08 [INFO]: 🔧 Environment: development 
2025-11-23 02:34:08 [INFO]: 🤖 AI Provider: gemini 
2025-11-23 02:34:08 [INFO]: 🔑 API Key configured: true 
2025-11-23 02:34:26 [INFO]: 📁 File upload received: 2 file(s) 
2025-11-23 02:34:26 [INFO]:   - sample.dat (741 bytes) 
2025-11-23 02:34:26 [INFO]:   - sample.cpy (524 bytes) 
2025-11-23 02:34:26 [INFO]: Job f384c6b4-a5a2-4f6f-a65b-825e9738901d: Starting analysis of 2 files... 
2025-11-23 02:34:26 [INFO]: 📊 File breakdown: 1 .cpy, 1 .dat, 0 other 
2025-11-23 02:34:26 [INFO]: Job f384c6b4-a5a2-4f6f-a65b-825e9738901d: Processing sample.dat... 
2025-11-23 02:34:26 [INFO]: 📄 Starting file chunking {
  "filePath": "files-1763845466574-491232534.dat",
  "maxChunkSize": 4000,
  "overlap": 200,
  "strategy": "auto"
}
2025-11-23 02:34:26 [INFO]: Job f384c6b4-a5a2-4f6f-a65b-825e9738901d: Processing sample.cpy... 
2025-11-23 02:34:26 [INFO]: 📄 Starting file chunking {
  "filePath": "files-1763845466574-13973429.cpy",
  "maxChunkSize": 4000,
  "overlap": 200,
  "strategy": "auto"
}
2025-11-23 02:34:26 [INFO]: Job f384c6b4-a5a2-4f6f-a65b-825e9738901d: Combined 2 chunks from 2 files 
2025-11-23 02:34:26 [INFO]: Job f384c6b4-a5a2-4f6f-a65b-825e9738901d: Starting modernization pipeline... 
2025-11-23 02:34:26 [INFO]: 🔧 Workflow step: workflow_started {
  "workflowId": "workflow_1763845466638_aamn7a3mv",
  "workflowType": "full_modernization",
  "input": "object"
}
2025-11-23 02:34:26 [INFO]: 🔧 Workflow step: parse_step {
  "workflowId": "workflow_1763845466638_aamn7a3mv"
}
2025-11-23 02:34:26 [INFO]: 🚀 Starting ParserAgent {
  "agent": "ParserAgent",
  "inputSize": 3244
}
2025-11-23 02:34:26 [INFO]: 🤖 Generating AI content {
  "provider": "gemini",
  "mockMode": false,
  "promptLength": 1551,
  "temperature": 0.3,
  "maxTokens": 4000
}
2025-11-23 02:34:50 [INFO]: ✅ AI content generated successfully {
  "responseLength": 2014
}
2025-11-23 02:34:50 [INFO]: ✅ Embedding generated {
  "textLength": 1464,
  "vectorLength": 1536,
  "nonZeroValues": 643
}
2025-11-23 02:34:50 [INFO]: 🔍 Vector store attempting to store {
  "id": "SAMPLE.CPY",
  "vectorType": "object",
  "isArray": true,
  "vectorLength": 1536,
  "expectedDimension": 1536,
  "firstFewValues": [
    0.03708157183956475,
    0,
    0,
    0.018540785919782376,
    0
  ]
}
2025-11-23 02:34:50 [INFO]: 📦 Vector stored {
  "id": "SAMPLE.CPY",
  "dimension": 1536,
  "metadata": [
    "entityType",
    "code",
    "language",
    "analysisResult",
    "qualityMetrics",
    "lastAnalyzed"
  ]
}
2025-11-23 02:34:50 [INFO]: 🔗 Node added to graph {
  "id": "SAMPLE.CPY",
  "type": "cobol_program",
  "propertiesCount": 5
}
2025-11-23 02:34:50 [INFO]: 💾 COBOL entity stored {
  "entityId": "SAMPLE.CPY",
  "entityType": "program",
  "codeLength": 1331
}
2025-11-23 02:34:50 [INFO]: ✅ Embedding generated {
  "textLength": 305,
  "vectorLength": 1536,
  "nonZeroValues": 169
}
2025-11-23 02:34:50 [INFO]: 🔍 Vector store attempting to store {
  "id": "SAMPLE.CPY_CUSTOMER-RECORD",
  "vectorType": "object",
  "isArray": true,
  "vectorLength": 1536,
  "expectedDimension": 1536,
  "firstFewValues": [
    0.0494468176434148,
    0,
    0,
    0,
    0
  ]
}
2025-11-23 02:34:50 [INFO]: 📦 Vector stored {
  "id": "SAMPLE.CPY_CUSTOMER-RECORD",
  "dimension": 1536,
  "metadata": [
    "entityType",
    "code",
    "language",
    "parentProgram",
    "fields",
    "usage"
  ]
}
2025-11-23 02:34:50 [INFO]: 🔗 Node added to graph {
  "id": "SAMPLE.CPY_CUSTOMER-RECORD",
  "type": "data_structure",
  "propertiesCount": 4
}
2025-11-23 02:34:50 [INFO]: 💾 COBOL entity stored {
  "entityId": "SAMPLE.CPY_CUSTOMER-RECORD",
  "entityType": "data_structure",
  "codeLength": 305
}
2025-11-23 02:34:50 [INFO]: ➡️ Edge added to graph {
  "from": "SAMPLE.CPY",
  "to": "SAMPLE.CPY_CUSTOMER-RECORD",
  "type": "defines_data"
}
2025-11-23 02:34:50 [INFO]: 🔗 Relationship stored {
  "from": "SAMPLE.CPY",
  "to": "SAMPLE.CPY_CUSTOMER-RECORD",
  "type": "defines_data"
}
2025-11-23 02:34:50 [INFO]: ✅ Embedding generated {
  "textLength": 1464,
  "vectorLength": 1536,
  "nonZeroValues": 643
}
2025-11-23 02:34:50 [INFO]: 🔍 Vector store attempting to store {
  "id": "f384c6b4-a5a2-4f6f-a65b-825e9738901d:ParserAgent-1763845490642",
  "vectorType": "object",
  "isArray": true,
  "vectorLength": 1536,
  "expectedDimension": 1536,
  "firstFewValues": [
    0.03708157183956475,
    0,
    0,
    0.018540785919782376,
    0
  ]
}
2025-11-23 02:34:50 [INFO]: 📦 Vector stored {
  "id": "f384c6b4-a5a2-4f6f-a65b-825e9738901d:ParserAgent-1763845490642",
  "dimension": 1536,
  "metadata": [
    "conversationId",
    "messageId",
    "content",
    "role",
    "type"
  ]
}
2025-11-23 02:34:50 [INFO]: 💬 Conversation context stored {
  "conversationId": "f384c6b4-a5a2-4f6f-a65b-825e9738901d",
  "messageId": "ParserAgent-1763845490642",
  "role": "assistant",
  "contentLength": 1464
}
2025-11-23 02:34:50 [INFO]: ✅ ParserAgent completed successfully {
  "agent": "ParserAgent",
  "confidence": 0.95,
  "outputSize": 1464
}
2025-11-23 02:34:50 [INFO]: 🔧 Workflow step: modernize_step {
  "workflowId": "workflow_1763845466638_aamn7a3mv"
}
2025-11-23 02:34:51 [INFO]: 🚀 Starting ModernizerAgent {
  "agent": "ModernizerAgent",
  "inputSize": 2955
}
2025-11-23 02:34:51 [INFO]: ✅ Embedding generated {
  "textLength": 1464,
  "vectorLength": 1536,
  "nonZeroValues": 643
}
2025-11-23 02:34:51 [INFO]: 🔍 Vector store search query {
  "vectorType": "object",
  "isArray": true,
  "vectorLength": 1536,
  "expectedDimension": 1536,
  "firstFewValues": [
    0.03708157183956475,
    0,
    0,
    0.018540785919782376,
    0
  ]
}
2025-11-23 02:34:51 [INFO]: 🔍 Vector search completed {
  "queryDimension": 1536,
  "totalVectors": 11,
  "resultsFound": 1,
  "threshold": 0.7
}
2025-11-23 02:34:51 [INFO]: 🔍 Vector store search query {
  "vectorType": "object",
  "isArray": true,
  "vectorLength": 1536,
  "expectedDimension": 1536,
  "firstFewValues": [
    0.03708157183956475,
    0,
    0,
    0.018540785919782376,
    0
  ]
}
2025-11-23 02:34:51 [INFO]: 🔍 Vector search completed {
  "queryDimension": 1536,
  "totalVectors": 11,
  "resultsFound": 0,
  "threshold": 0.7
}
2025-11-23 02:34:51 [INFO]: 🔍 Vector store search query {
  "vectorType": "object",
  "isArray": true,
  "vectorLength": 1536,
  "expectedDimension": 1536,
  "firstFewValues": [
    0.03708157183956475,
    0,
    0,
    0.018540785919782376,
    0
  ]
}
2025-11-23 02:34:51 [INFO]: 🔍 Vector search completed {
  "queryDimension": 1536,
  "totalVectors": 11,
  "resultsFound": 1,
  "threshold": 0.7
}
2025-11-23 02:34:51 [INFO]: 🎯 Retrieved relevant context {
  "conversationId": "f384c6b4-a5a2-4f6f-a65b-825e9738901d",
  "conversationItems": 1,
  "codePatterns": 0,
  "entities": 1
}
2025-11-23 02:34:51 [INFO]: 🤖 Generating AI content {
  "provider": "gemini",
  "mockMode": false,
  "promptLength": 3874,
  "temperature": 0.4,
  "maxTokens": 6000
}
2025-11-23 02:35:25 [INFO]: ✅ AI content generated successfully {
  "responseLength": 5363
}
2025-11-23 02:35:25 [INFO]: ✅ Embedding generated {
  "textLength": 2364,
  "vectorLength": 1536,
  "nonZeroValues": 670
}
2025-11-23 02:35:25 [INFO]: 🔍 Vector store attempting to store {
  "id": "SAMPLE.CPY_modern_Java",
  "vectorType": "object",
  "isArray": true,
  "vectorLength": 1536,
  "expectedDimension": 1536,
  "firstFewValues": [
    0,
    0.009657441777330201,
    0,
    0,
    0
  ]
}
2025-11-23 02:35:25 [INFO]: 📦 Vector stored {
  "id": "SAMPLE.CPY_modern_Java",
  "dimension": 1536,
  "metadata": [
    "entityType",
    "code",
    "language",
    "originalProgram",
    "targetLanguage",
    "targetFramework",
    "modernizationMetrics",
    "migrationPlan",
    "lastModernized"
  ]
}
2025-11-23 02:35:25 [INFO]: 🔗 Node added to graph {
  "id": "SAMPLE.CPY_modern_Java",
  "type": "modernized_program",
  "propertiesCount": 7
}
2025-11-23 02:35:25 [INFO]: 💾 COBOL entity stored {
  "entityId": "SAMPLE.CPY_modern_Java",
  "entityType": "modernized_program",
  "codeLength": 80
}
2025-11-23 02:35:25 [INFO]: ➡️ Edge added to graph {
  "from": "SAMPLE.CPY",
  "to": "SAMPLE.CPY_modern_Java",
  "type": "modernized_to"
}
2025-11-23 02:35:25 [INFO]: 🔗 Relationship stored {
  "from": "SAMPLE.CPY",
  "to": "SAMPLE.CPY_modern_Java",
  "type": "modernized_to"
}
2025-11-23 02:35:25 [INFO]: ✅ Embedding generated {
  "textLength": 2364,
  "vectorLength": 1536,
  "nonZeroValues": 670
}
2025-11-23 02:35:25 [INFO]: 🔍 Vector store attempting to store {
  "id": "f384c6b4-a5a2-4f6f-a65b-825e9738901d:ModernizerAgent-1763845525392",
  "vectorType": "object",
  "isArray": true,
  "vectorLength": 1536,
  "expectedDimension": 1536,
  "firstFewValues": [
    0,
    0.009657441777330201,
    0,
    0,
    0
  ]
}
2025-11-23 02:35:25 [INFO]: 📦 Vector stored {
  "id": "f384c6b4-a5a2-4f6f-a65b-825e9738901d:ModernizerAgent-1763845525392",
  "dimension": 1536,
  "metadata": [
    "conversationId",
    "messageId",
    "content",
    "role",
    "type"
  ]
}
2025-11-23 02:35:25 [INFO]: 💬 Conversation context stored {
  "conversationId": "f384c6b4-a5a2-4f6f-a65b-825e9738901d",
  "messageId": "ModernizerAgent-1763845525392",
  "role": "assistant",
  "contentLength": 2364
}
2025-11-23 02:35:25 [INFO]: ✅ ModernizerAgent completed successfully {
  "agent": "ModernizerAgent",
  "confidence": 0.95,
  "outputSize": 2364
}
2025-11-23 02:35:25 [INFO]: 🔧 Workflow step: validate_step {
  "workflowId": "workflow_1763845466638_aamn7a3mv"
}
2025-11-23 02:35:25 [INFO]: 🚀 Starting ValidatorAgent {
  "agent": "ValidatorAgent",
  "inputSize": 3918
}
2025-11-23 02:35:25 [INFO]: ✅ Embedding generated {
  "textLength": 2364,
  "vectorLength": 1536,
  "nonZeroValues": 670
}
2025-11-23 02:35:25 [INFO]: 🔍 Vector store search query {
  "vectorType": "object",
  "isArray": true,
  "vectorLength": 1536,
  "expectedDimension": 1536,
  "firstFewValues": [
    0,
    0.009657441777330201,
    0,
    0,
    0
  ]
}
2025-11-23 02:35:25 [INFO]: 🔍 Vector search completed {
  "queryDimension": 1536,
  "totalVectors": 13,
  "resultsFound": 1,
  "threshold": 0.7
}
2025-11-23 02:35:25 [INFO]: 🔍 Vector store search query {
  "vectorType": "object",
  "isArray": true,
  "vectorLength": 1536,
  "expectedDimension": 1536,
  "firstFewValues": [
    0,
    0.009657441777330201,
    0,
    0,
    0
  ]
}
2025-11-23 02:35:25 [INFO]: 🔍 Vector search completed {
  "queryDimension": 1536,
  "totalVectors": 13,
  "resultsFound": 0,
  "threshold": 0.7
}
2025-11-23 02:35:25 [INFO]: 🔍 Vector store search query {
  "vectorType": "object",
  "isArray": true,
  "vectorLength": 1536,
  "expectedDimension": 1536,
  "firstFewValues": [
    0,
    0.009657441777330201,
    0,
    0,
    0
  ]
}
2025-11-23 02:35:25 [INFO]: 🔍 Vector search completed {
  "queryDimension": 1536,
  "totalVectors": 13,
  "resultsFound": 1,
  "threshold": 0.7
}
2025-11-23 02:35:25 [INFO]: 🎯 Retrieved relevant context {
  "conversationId": "f384c6b4-a5a2-4f6f-a65b-825e9738901d",
  "conversationItems": 1,
  "codePatterns": 0,
  "entities": 1
}
2025-11-23 02:35:25 [INFO]: 🤖 Generating AI content {
  "provider": "gemini",
  "mockMode": false,
  "promptLength": 6681,
  "temperature": 0.2,
  "maxTokens": 5000
}
2025-11-23 02:35:54 [INFO]: ✅ AI content generated successfully {
  "responseLength": 5978
}
2025-11-23 02:35:54 [INFO]: ✅ Embedding generated {
  "textLength": 5928,
  "vectorLength": 1536,
  "nonZeroValues": 1224
}
2025-11-23 02:35:54 [INFO]: 🔍 Vector store attempting to store {
  "id": "SAMPLE.CPY_validation_1763845554167",
  "vectorType": "object",
  "isArray": true,
  "vectorLength": 1536,
  "expectedDimension": 1536,
  "firstFewValues": [
    0.010332502891785398,
    0.010332502891785398,
    0.015498754337678094,
    0.010332502891785398,
    0.010332502891785398
  ]
}
2025-11-23 02:35:54 [INFO]: 📦 Vector stored {
  "id": "SAMPLE.CPY_validation_1763845554167",
  "dimension": 1536,
  "metadata": [
    "entityType",
    "code",
    "language",
    "originalProgram",
    "overallScore",
    "status",
    "issueCount",
    "validatedAt"
  ]
}
2025-11-23 02:35:54 [INFO]: 🔗 Node added to graph {
  "id": "SAMPLE.CPY_validation_1763845554167",
  "type": "validation_result",
  "propertiesCount": 6
}
2025-11-23 02:35:54 [INFO]: 💾 COBOL entity stored {
  "entityId": "SAMPLE.CPY_validation_1763845554167",
  "entityType": "validation_result",
  "codeLength": 5928
}
2025-11-23 02:35:54 [INFO]: ➡️ Edge added to graph {
  "from": "SAMPLE.CPY_modern_Java",
  "to": "SAMPLE.CPY_validation_1763845554167",
  "type": "validated_by"
}
2025-11-23 02:35:54 [INFO]: 🔗 Relationship stored {
  "from": "SAMPLE.CPY_modern_Java",
  "to": "SAMPLE.CPY_validation_1763845554167",
  "type": "validated_by"
}
2025-11-23 02:35:54 [INFO]: ✅ Embedding generated {
  "textLength": 5928,
  "vectorLength": 1536,
  "nonZeroValues": 1224
}
2025-11-23 02:35:54 [INFO]: 🔍 Vector store attempting to store {
  "id": "f384c6b4-a5a2-4f6f-a65b-825e9738901d:ValidatorAgent-1763845554320",
  "vectorType": "object",
  "isArray": true,
  "vectorLength": 1536,
  "expectedDimension": 1536,
  "firstFewValues": [
    0.010332502891785398,
    0.010332502891785398,
    0.015498754337678094,
    0.010332502891785398,
    0.010332502891785398
  ]
}
2025-11-23 02:35:54 [INFO]: 📦 Vector stored {
  "id": "f384c6b4-a5a2-4f6f-a65b-825e9738901d:ValidatorAgent-1763845554320",
  "dimension": 1536,
  "metadata": [
    "conversationId",
    "messageId",
    "content",
    "role",
    "type"
  ]
}
2025-11-23 02:35:54 [INFO]: 💬 Conversation context stored {
  "conversationId": "f384c6b4-a5a2-4f6f-a65b-825e9738901d",
  "messageId": "ValidatorAgent-1763845554320",
  "role": "assistant",
  "contentLength": 5928
}
2025-11-23 02:35:54 [INFO]: ✅ ValidatorAgent completed successfully {
  "agent": "ValidatorAgent",
  "confidence": 0.95,
  "outputSize": 5928
}
2025-11-23 02:35:54 [INFO]: 🔧 Workflow step: validation_concerns {
  "workflowId": "workflow_1763845466638_aamn7a3mv",
  "score": 40
}
2025-11-23 02:35:54 [INFO]: 🔧 Workflow step: explain_step {
  "workflowId": "workflow_1763845466638_aamn7a3mv"
}
2025-11-23 02:35:54 [INFO]: 🚀 Starting ExplainerAgent {
  "agent": "ExplainerAgent",
  "inputSize": 9909
}
2025-11-23 02:35:54 [INFO]: ✅ Embedding generated {
  "textLength": 9799,
  "vectorLength": 1536,
  "nonZeroValues": 1378
}
2025-11-23 02:35:54 [INFO]: 🔍 Vector store search query {
  "vectorType": "object",
  "isArray": true,
  "vectorLength": 1536,
  "expectedDimension": 1536,
  "firstFewValues": [
    0.0034405932204220487,
    0.010321779661266146,
    0.024084152542954342,
    0.0034405932204220487,
    0.030965338983798437
  ]
}
2025-11-23 02:35:54 [INFO]: 🔍 Vector search completed {
  "queryDimension": 1536,
  "totalVectors": 15,
  "resultsFound": 0,
  "threshold": 0.7
}
2025-11-23 02:35:54 [INFO]: 🔍 Vector store search query {
  "vectorType": "object",
  "isArray": true,
  "vectorLength": 1536,
  "expectedDimension": 1536,
  "firstFewValues": [
    0.0034405932204220487,
    0.010321779661266146,
    0.024084152542954342,
    0.0034405932204220487,
    0.030965338983798437
  ]
}
2025-11-23 02:35:54 [INFO]: 🔍 Vector search completed {
  "queryDimension": 1536,
  "totalVectors": 15,
  "resultsFound": 0,
  "threshold": 0.7
}
2025-11-23 02:35:54 [INFO]: 🔍 Vector store search query {
  "vectorType": "object",
  "isArray": true,
  "vectorLength": 1536,
  "expectedDimension": 1536,
  "firstFewValues": [
    0.0034405932204220487,
    0.010321779661266146,
    0.024084152542954342,
    0.0034405932204220487,
    0.030965338983798437
  ]
}
2025-11-23 02:35:54 [INFO]: 🔍 Vector search completed {
  "queryDimension": 1536,
  "totalVectors": 15,
  "resultsFound": 0,
  "threshold": 0.7
}
2025-11-23 02:35:54 [INFO]: 🎯 Retrieved relevant context {
  "conversationId": "f384c6b4-a5a2-4f6f-a65b-825e9738901d",
  "conversationItems": 0,
  "codePatterns": 0,
  "entities": 0
}
2025-11-23 02:35:55 [INFO]: 🤖 Generating AI content {
  "provider": "gemini",
  "mockMode": false,
  "promptLength": 13486,
  "temperature": 0.5,
  "maxTokens": 6000
}
2025-11-23 02:36:30 [INFO]: ✅ AI content generated successfully {
  "responseLength": 9411
}
2025-11-23 02:36:30 [INFO]: ✅ Embedding generated {
  "textLength": 21292,
  "vectorLength": 1536,
  "nonZeroValues": 1356
}
2025-11-23 02:36:30 [INFO]: 🔍 Vector store attempting to store {
  "id": "explanation_1763845590075",
  "vectorType": "object",
  "isArray": true,
  "vectorLength": 1536,
  "expectedDimension": 1536,
  "firstFewValues": [
    0.0031280447578109867,
    0.014076201410149439,
    0.010948156652338453,
    0.007820111894527465,
    0.015640223789054934
  ]
}
2025-11-23 02:36:30 [INFO]: 📦 Vector stored {
  "id": "explanation_1763845590075",
  "dimension": 1536,
  "metadata": [
    "entityType",
    "code",
    "language",
    "explanationType",
    "targetAudience",
    "sectionCount",
    "insightCount",
    "createdAt"
  ]
}
2025-11-23 02:36:30 [INFO]: 🔗 Node added to graph {
  "id": "explanation_1763845590075",
  "type": "explanation",
  "propertiesCount": 6
}
2025-11-23 02:36:30 [INFO]: 💾 COBOL entity stored {
  "entityId": "explanation_1763845590075",
  "entityType": "explanation",
  "codeLength": 21292
}
2025-11-23 02:36:30 [INFO]: ✅ Embedding generated {
  "textLength": 21292,
  "vectorLength": 1536,
  "nonZeroValues": 1356
}
2025-11-23 02:36:30 [INFO]: 🔍 Vector store attempting to store {
  "id": "f384c6b4-a5a2-4f6f-a65b-825e9738901d:ExplainerAgent-1763845590126",
  "vectorType": "object",
  "isArray": true,
  "vectorLength": 1536,
  "expectedDimension": 1536,
  "firstFewValues": [
    0.0031280447578109867,
    0.014076201410149439,
    0.010948156652338453,
    0.007820111894527465,
    0.015640223789054934
  ]
}
2025-11-23 02:36:30 [INFO]: 📦 Vector stored {
  "id": "f384c6b4-a5a2-4f6f-a65b-825e9738901d:ExplainerAgent-1763845590126",
  "dimension": 1536,
  "metadata": [
    "conversationId",
    "messageId",
    "content",
    "role",
    "type"
  ]
}
2025-11-23 02:36:30 [INFO]: 💬 Conversation context stored {
  "conversationId": "f384c6b4-a5a2-4f6f-a65b-825e9738901d",
  "messageId": "ExplainerAgent-1763845590126",
  "role": "assistant",
  "contentLength": 21292
}
2025-11-23 02:36:30 [INFO]: ✅ ExplainerAgent completed successfully {
  "agent": "ExplainerAgent",
  "confidence": 0.8999999999999999,
  "outputSize": 21292
}
2025-11-23 02:36:30 [INFO]: 🔧 Workflow step: workflow_completed {
  "workflowId": "workflow_1763845466638_aamn7a3mv",
  "workflowType": "full_modernization",
  "duration": 123525,
  "success": true
}
2025-11-23 02:36:30 [INFO]: Job f384c6b4-a5a2-4f6f-a65b-825e9738901d: Pipeline completed 
2025-11-23 02:36:30 [INFO]: Job f384c6b4-a5a2-4f6f-a65b-825e9738901d: Processing completed successfully 
2025-11-23 02:36:30 [INFO]: ✅ Job f384c6b4-a5a2-4f6f-a65b-825e9738901d completed successfully - processed 2 files 
2025-11-23 02:43:35 [INFO]: 🚀 Initializing AI Modernization Assistant... 
2025-11-23 02:43:35 [INFO]: 🤖 AI Client initialized {
  "provider": "gemini",
  "mockMode": false,
  "hasApiKey": true
}
2025-11-23 02:43:35 [INFO]: ✅ AI system initialized successfully 
2025-11-23 02:43:35 [INFO]: 🌟 AI Modernization Assistant server running on port 3000 
2025-11-23 02:43:35 [INFO]: 📁 Upload directory: D:\mumbaiHack\404-KILLERS\engine\uploads 
2025-11-23 02:43:35 [INFO]: 🔧 Environment: development 
2025-11-23 02:43:35 [INFO]: 🤖 AI Provider: gemini 
2025-11-23 02:43:35 [INFO]: 🔑 API Key configured: true 
2025-11-23 02:50:46 [INFO]: 🚀 Initializing AI Modernization Assistant... 
2025-11-23 02:50:46 [INFO]: 🤖 AI Client initialized {
  "provider": "gemini",
  "mockMode": false,
  "hasApiKey": true
}
2025-11-23 02:50:46 [INFO]: ✅ AI system initialized successfully 
2025-11-23 02:50:46 [INFO]: 🌟 AI Modernization Assistant server running on port 3001 
2025-11-23 02:50:46 [INFO]: 📁 Upload directory: D:\mumbaiHack\404-KILLERS\engine\uploads 
2025-11-23 02:50:46 [INFO]: 🔧 Environment: development 
2025-11-23 02:50:46 [INFO]: 🤖 AI Provider: gemini 
2025-11-23 02:50:46 [INFO]: 🔑 API Key configured: true 
2025-11-23 02:51:15 [INFO]: 📁 File upload received: 2 file(s) 
2025-11-23 02:51:15 [INFO]:   - sample.dat (741 bytes) 
2025-11-23 02:51:15 [INFO]:   - sample.cpy (524 bytes) 
2025-11-23 02:51:15 [INFO]: Job 1ddea2e9-2446-41e9-b5c0-6d53477867cf: Starting analysis of 2 files... 
2025-11-23 02:51:15 [INFO]: 📊 File breakdown: 1 .cpy, 1 .dat, 0 other 
2025-11-23 02:51:16 [INFO]: Job 1ddea2e9-2446-41e9-b5c0-6d53477867cf: Processing sample.dat... 
2025-11-23 02:51:16 [INFO]: 📄 Starting file chunking {
  "filePath": "files-1763846475797-151918147.dat",
  "maxChunkSize": 4000,
  "overlap": 200,
  "strategy": "auto"
}
2025-11-23 02:51:16 [INFO]: Job 1ddea2e9-2446-41e9-b5c0-6d53477867cf: Processing sample.cpy... 
2025-11-23 02:51:16 [INFO]: 📄 Starting file chunking {
  "filePath": "files-1763846475804-399189349.cpy",
  "maxChunkSize": 4000,
  "overlap": 200,
  "strategy": "auto"
}
2025-11-23 02:51:16 [INFO]: Job 1ddea2e9-2446-41e9-b5c0-6d53477867cf: Combined 2 chunks from 2 files 
2025-11-23 02:51:16 [INFO]: Job 1ddea2e9-2446-41e9-b5c0-6d53477867cf: Starting modernization pipeline... 
2025-11-23 02:51:16 [INFO]: 🔧 Workflow step: workflow_started {
  "workflowId": "workflow_1763846476382_smjq38klv",
  "workflowType": "full_modernization",
  "input": "object"
}
2025-11-23 02:51:16 [INFO]: 🔧 Workflow step: parse_step {
  "workflowId": "workflow_1763846476382_smjq38klv"
}
2025-11-23 02:51:17 [INFO]: 🚀 Starting ParserAgent {
  "agent": "ParserAgent",
  "inputSize": 3245
}
2025-11-23 02:51:17 [INFO]: 🤖 Generating AI content {
  "provider": "gemini",
  "mockMode": false,
  "promptLength": 1551,
  "temperature": 0.3,
  "maxTokens": 4000
}
2025-11-23 02:51:50 [INFO]: ✅ AI content generated successfully {
  "responseLength": 1126
}
2025-11-23 02:51:50 [INFO]: ✅ Embedding generated {
  "textLength": 2271,
  "vectorLength": 1536,
  "nonZeroValues": 650
}
2025-11-23 02:51:50 [INFO]: 🔍 Vector store attempting to store {
  "id": "LEGACY_SYSTEM",
  "vectorType": "object",
  "isArray": true,
  "vectorLength": 1536,
  "expectedDimension": 1536,
  "firstFewValues": [
    0,
    0.012528416922183266,
    0,
    0,
    0
  ]
}
2025-11-23 02:51:50 [INFO]: 📦 Vector stored {
  "id": "LEGACY_SYSTEM",
  "dimension": 1536,
  "metadata": [
    "entityType",
    "code",
    "language",
    "analysisResult",
    "qualityMetrics",
    "lastAnalyzed"
  ]
}
2025-11-23 02:51:50 [INFO]: 🔗 Node added to graph {
  "id": "LEGACY_SYSTEM",
  "type": "cobol_program",
  "propertiesCount": 5
}
2025-11-23 02:51:50 [INFO]: 💾 COBOL entity stored {
  "entityId": "LEGACY_SYSTEM",
  "entityType": "program",
  "codeLength": 1331
}
2025-11-23 02:51:50 [ERROR]: ❌ Failed to add edge {
  "fromId": "LEGACY_SYSTEM",
  "toId": "SYSTEM_UTILS",
  "relationType": "call",
  "error": "Source or target node not found: LEGACY_SYSTEM -> SYSTEM_UTILS"
}
2025-11-23 02:51:50 [ERROR]: ❌ Failed to store relationship {
  "fromEntity": "LEGACY_SYSTEM",
  "toEntity": "SYSTEM_UTILS",
  "relationType": "call",
  "error": "Source or target node not found: LEGACY_SYSTEM -> SYSTEM_UTILS"
}
2025-11-23 02:51:50 [INFO]: ✅ Embedding generated {
  "textLength": 2271,
  "vectorLength": 1536,
  "nonZeroValues": 650
}
2025-11-23 02:51:50 [INFO]: 🔍 Vector store attempting to store {
  "id": "1ddea2e9-2446-41e9-b5c0-6d53477867cf:ParserAgent-1763846510618",
  "vectorType": "object",
  "isArray": true,
  "vectorLength": 1536,
  "expectedDimension": 1536,
  "firstFewValues": [
    0,
    0.012528416922183266,
    0,
    0,
    0
  ]
}
2025-11-23 02:51:50 [INFO]: 📦 Vector stored {
  "id": "1ddea2e9-2446-41e9-b5c0-6d53477867cf:ParserAgent-1763846510618",
  "dimension": 1536,
  "metadata": [
    "conversationId",
    "messageId",
    "content",
    "role",
    "type"
  ]
}
2025-11-23 02:51:50 [INFO]: 💬 Conversation context stored {
  "conversationId": "1ddea2e9-2446-41e9-b5c0-6d53477867cf",
  "messageId": "ParserAgent-1763846510618",
  "role": "assistant",
  "contentLength": 2271
}
2025-11-23 02:51:50 [INFO]: ✅ ParserAgent completed successfully {
  "agent": "ParserAgent",
  "confidence": 0.7999999999999998,
  "outputSize": 2271
}
2025-11-23 02:51:50 [INFO]: 🔧 Workflow step: modernize_step {
  "workflowId": "workflow_1763846476382_smjq38klv"
}
2025-11-23 02:51:50 [INFO]: 🚀 Starting ModernizerAgent {
  "agent": "ModernizerAgent",
  "inputSize": 3762
}
2025-11-23 02:51:50 [INFO]: ✅ Embedding generated {
  "textLength": 2271,
  "vectorLength": 1536,
  "nonZeroValues": 650
}
2025-11-23 02:51:50 [INFO]: 🔍 Vector store search query {
  "vectorType": "object",
  "isArray": true,
  "vectorLength": 1536,
  "expectedDimension": 1536,
  "firstFewValues": [
    0,
    0.012528416922183266,
    0,
    0,
    0
  ]
}
2025-11-23 02:51:50 [INFO]: 🔍 Vector search completed {
  "queryDimension": 1536,
  "totalVectors": 2,
  "resultsFound": 1,
  "threshold": 0.7
}
2025-11-23 02:51:50 [INFO]: 🔍 Vector store search query {
  "vectorType": "object",
  "isArray": true,
  "vectorLength": 1536,
  "expectedDimension": 1536,
  "firstFewValues": [
    0,
    0.012528416922183266,
    0,
    0,
    0
  ]
}
2025-11-23 02:51:50 [INFO]: 🔍 Vector search completed {
  "queryDimension": 1536,
  "totalVectors": 2,
  "resultsFound": 0,
  "threshold": 0.7
}
2025-11-23 02:51:50 [INFO]: 🔍 Vector store search query {
  "vectorType": "object",
  "isArray": true,
  "vectorLength": 1536,
  "expectedDimension": 1536,
  "firstFewValues": [
    0,
    0.012528416922183266,
    0,
    0,
    0
  ]
}
2025-11-23 02:51:50 [INFO]: 🔍 Vector search completed {
  "queryDimension": 1536,
  "totalVectors": 2,
  "resultsFound": 1,
  "threshold": 0.7
}
2025-11-23 02:51:50 [INFO]: 🎯 Retrieved relevant context {
  "conversationId": "1ddea2e9-2446-41e9-b5c0-6d53477867cf",
  "conversationItems": 1,
  "codePatterns": 0,
  "entities": 1
}
2025-11-23 02:51:50 [INFO]: 🤖 Generating AI content {
  "provider": "gemini",
  "mockMode": false,
  "promptLength": 4820,
  "temperature": 0.4,
  "maxTokens": 6000
}
2025-11-23 02:52:21 [INFO]: ✅ AI content generated successfully {
  "responseLength": 7754
}
2025-11-23 02:52:21 [INFO]: ✅ Embedding generated {
  "textLength": 2364,
  "vectorLength": 1536,
  "nonZeroValues": 669
}
2025-11-23 02:52:21 [INFO]: 🔍 Vector store attempting to store {
  "id": "LEGACY_SYSTEM_modern_Java",
  "vectorType": "object",
  "isArray": true,
  "vectorLength": 1536,
  "expectedDimension": 1536,
  "firstFewValues": [
    0,
    0.019302285912054646,
    0.1351160013843825,
    0.019302285912054646,
    0
  ]
}
2025-11-23 02:52:21 [INFO]: 📦 Vector stored {
  "id": "LEGACY_SYSTEM_modern_Java",
  "dimension": 1536,
  "metadata": [
    "entityType",
    "code",
    "language",
    "originalProgram",
    "targetLanguage",
    "targetFramework",
    "modernizationMetrics",
    "migrationPlan",
    "lastModernized"
  ]
}
2025-11-23 02:52:21 [INFO]: 🔗 Node added to graph {
  "id": "LEGACY_SYSTEM_modern_Java",
  "type": "modernized_program",
  "propertiesCount": 7
}
2025-11-23 02:52:21 [INFO]: 💾 COBOL entity stored {
  "entityId": "LEGACY_SYSTEM_modern_Java",
  "entityType": "modernized_program",
  "codeLength": 80
}
2025-11-23 02:52:21 [INFO]: ➡️ Edge added to graph {
  "from": "LEGACY_SYSTEM",
  "to": "LEGACY_SYSTEM_modern_Java",
  "type": "modernized_to"
}
2025-11-23 02:52:21 [INFO]: 🔗 Relationship stored {
  "from": "LEGACY_SYSTEM",
  "to": "LEGACY_SYSTEM_modern_Java",
  "type": "modernized_to"
}
2025-11-23 02:52:21 [INFO]: ✅ Embedding generated {
  "textLength": 2364,
  "vectorLength": 1536,
  "nonZeroValues": 669
}
2025-11-23 02:52:21 [INFO]: 🔍 Vector store attempting to store {
  "id": "1ddea2e9-2446-41e9-b5c0-6d53477867cf:ModernizerAgent-1763846541167",
  "vectorType": "object",
  "isArray": true,
  "vectorLength": 1536,
  "expectedDimension": 1536,
  "firstFewValues": [
    0,
    0.019302285912054646,
    0.1351160013843825,
    0.019302285912054646,
    0
  ]
}
2025-11-23 02:52:21 [INFO]: 📦 Vector stored {
  "id": "1ddea2e9-2446-41e9-b5c0-6d53477867cf:ModernizerAgent-1763846541167",
  "dimension": 1536,
  "metadata": [
    "conversationId",
    "messageId",
    "content",
    "role",
    "type"
  ]
}
2025-11-23 02:52:21 [INFO]: 💬 Conversation context stored {
  "conversationId": "1ddea2e9-2446-41e9-b5c0-6d53477867cf",
  "messageId": "ModernizerAgent-1763846541167",
  "role": "assistant",
  "contentLength": 2364
}
2025-11-23 02:52:21 [INFO]: ✅ ModernizerAgent completed successfully {
  "agent": "ModernizerAgent",
  "confidence": 0.95,
  "outputSize": 2364
}
2025-11-23 02:52:21 [INFO]: 🔧 Workflow step: validate_step {
  "workflowId": "workflow_1763846476382_smjq38klv"
}
2025-11-23 02:52:21 [INFO]: 🚀 Starting ValidatorAgent {
  "agent": "ValidatorAgent",
  "inputSize": 4725
}
2025-11-23 02:52:21 [INFO]: ✅ Embedding generated {
  "textLength": 2364,
  "vectorLength": 1536,
  "nonZeroValues": 669
}
2025-11-23 02:52:21 [INFO]: 🔍 Vector store search query {
  "vectorType": "object",
  "isArray": true,
  "vectorLength": 1536,
  "expectedDimension": 1536,
  "firstFewValues": [
    0,
    0.019302285912054646,
    0.1351160013843825,
    0.019302285912054646,
    0
  ]
}
2025-11-23 02:52:21 [INFO]: 🔍 Vector search completed {
  "queryDimension": 1536,
  "totalVectors": 4,
  "resultsFound": 1,
  "threshold": 0.7
}
2025-11-23 02:52:21 [INFO]: 🔍 Vector store search query {
  "vectorType": "object",
  "isArray": true,
  "vectorLength": 1536,
  "expectedDimension": 1536,
  "firstFewValues": [
    0,
    0.019302285912054646,
    0.1351160013843825,
    0.019302285912054646,
    0
  ]
}
2025-11-23 02:52:21 [INFO]: 🔍 Vector search completed {
  "queryDimension": 1536,
  "totalVectors": 4,
  "resultsFound": 0,
  "threshold": 0.7
}
2025-11-23 02:52:21 [INFO]: 🔍 Vector store search query {
  "vectorType": "object",
  "isArray": true,
  "vectorLength": 1536,
  "expectedDimension": 1536,
  "firstFewValues": [
    0,
    0.019302285912054646,
    0.1351160013843825,
    0.019302285912054646,
    0
  ]
}
2025-11-23 02:52:21 [INFO]: 🔍 Vector search completed {
  "queryDimension": 1536,
  "totalVectors": 4,
  "resultsFound": 1,
  "threshold": 0.7
}
2025-11-23 02:52:21 [INFO]: 🎯 Retrieved relevant context {
  "conversationId": "1ddea2e9-2446-41e9-b5c0-6d53477867cf",
  "conversationItems": 1,
  "codePatterns": 0,
  "entities": 1
}
2025-11-23 02:52:21 [INFO]: 🤖 Generating AI content {
  "provider": "gemini",
  "mockMode": false,
  "promptLength": 7627,
  "temperature": 0.2,
  "maxTokens": 5000
}
2025-11-23 02:52:55 [INFO]: ✅ AI content generated successfully {
  "responseLength": 6218
}
2025-11-23 02:52:55 [INFO]: ✅ Embedding generated {
  "textLength": 8270,
  "vectorLength": 1536,
  "nonZeroValues": 1300
}
2025-11-23 02:52:55 [INFO]: 🔍 Vector store attempting to store {
  "id": "LEGACY_SYSTEM_validation_1763846575311",
  "vectorType": "object",
  "isArray": true,
  "vectorLength": 1536,
  "expectedDimension": 1536,
  "firstFewValues": [
    0.00823987722015224,
    0.00823987722015224,
    0.00823987722015224,
    0.032959508880608966,
    0.00823987722015224
  ]
}
2025-11-23 02:52:55 [INFO]: 📦 Vector stored {
  "id": "LEGACY_SYSTEM_validation_1763846575311",
  "dimension": 1536,
  "metadata": [
    "entityType",
    "code",
    "language",
    "originalProgram",
    "overallScore",
    "status",
    "issueCount",
    "validatedAt"
  ]
}
2025-11-23 02:52:55 [INFO]: 🔗 Node added to graph {
  "id": "LEGACY_SYSTEM_validation_1763846575311",
  "type": "validation_result",
  "propertiesCount": 6
}
2025-11-23 02:52:55 [INFO]: 💾 COBOL entity stored {
  "entityId": "LEGACY_SYSTEM_validation_1763846575311",
  "entityType": "validation_result",
  "codeLength": 8270
}
2025-11-23 02:52:55 [INFO]: ➡️ Edge added to graph {
  "from": "LEGACY_SYSTEM_modern_Java",
  "to": "LEGACY_SYSTEM_validation_1763846575311",
  "type": "validated_by"
}
2025-11-23 02:52:55 [INFO]: 🔗 Relationship stored {
  "from": "LEGACY_SYSTEM_modern_Java",
  "to": "LEGACY_SYSTEM_validation_1763846575311",
  "type": "validated_by"
}
2025-11-23 02:52:55 [INFO]: ✅ Embedding generated {
  "textLength": 8270,
  "vectorLength": 1536,
  "nonZeroValues": 1300
}
2025-11-23 02:52:55 [INFO]: 🔍 Vector store attempting to store {
  "id": "1ddea2e9-2446-41e9-b5c0-6d53477867cf:ValidatorAgent-1763846575319",
  "vectorType": "object",
  "isArray": true,
  "vectorLength": 1536,
  "expectedDimension": 1536,
  "firstFewValues": [
    0.00823987722015224,
    0.00823987722015224,
    0.00823987722015224,
    0.032959508880608966,
    0.00823987722015224
  ]
}
2025-11-23 02:52:55 [INFO]: 📦 Vector stored {
  "id": "1ddea2e9-2446-41e9-b5c0-6d53477867cf:ValidatorAgent-1763846575319",
  "dimension": 1536,
  "metadata": [
    "conversationId",
    "messageId",
    "content",
    "role",
    "type"
  ]
}
2025-11-23 02:52:55 [INFO]: 💬 Conversation context stored {
  "conversationId": "1ddea2e9-2446-41e9-b5c0-6d53477867cf",
  "messageId": "ValidatorAgent-1763846575319",
  "role": "assistant",
  "contentLength": 8270
}
2025-11-23 02:52:55 [INFO]: ✅ ValidatorAgent completed successfully {
  "agent": "ValidatorAgent",
  "confidence": 0.7999999999999998,
  "outputSize": 8270
}
2025-11-23 02:52:55 [INFO]: 🔧 Workflow step: explain_step {
  "workflowId": "workflow_1763846476382_smjq38klv"
}
2025-11-23 02:52:55 [INFO]: 🚀 Starting ExplainerAgent {
  "agent": "ExplainerAgent",
  "inputSize": 13058
}
2025-11-23 02:52:55 [INFO]: ✅ Embedding generated {
  "textLength": 12948,
  "vectorLength": 1536,
  "nonZeroValues": 1425
}
2025-11-23 02:52:55 [INFO]: 🔍 Vector store search query {
  "vectorType": "object",
  "isArray": true,
  "vectorLength": 1536,
  "expectedDimension": 1536,
  "firstFewValues": [
    0.008551590947007158,
    0.06556219726038823,
    0.0028505303156690525,
    0.008551590947007158,
    0.05986113662905011
  ]
}
2025-11-23 02:52:55 [INFO]: 🔍 Vector search completed {
  "queryDimension": 1536,
  "totalVectors": 6,
  "resultsFound": 0,
  "threshold": 0.7
}
2025-11-23 02:52:55 [INFO]: 🔍 Vector store search query {
  "vectorType": "object",
  "isArray": true,
  "vectorLength": 1536,
  "expectedDimension": 1536,
  "firstFewValues": [
    0.008551590947007158,
    0.06556219726038823,
    0.0028505303156690525,
    0.008551590947007158,
    0.05986113662905011
  ]
}
2025-11-23 02:52:55 [INFO]: 🔍 Vector search completed {
  "queryDimension": 1536,
  "totalVectors": 6,
  "resultsFound": 0,
  "threshold": 0.7
}
2025-11-23 02:52:55 [INFO]: 🔍 Vector store search query {
  "vectorType": "object",
  "isArray": true,
  "vectorLength": 1536,
  "expectedDimension": 1536,
  "firstFewValues": [
    0.008551590947007158,
    0.06556219726038823,
    0.0028505303156690525,
    0.008551590947007158,
    0.05986113662905011
  ]
}
2025-11-23 02:52:55 [INFO]: 🔍 Vector search completed {
  "queryDimension": 1536,
  "totalVectors": 6,
  "resultsFound": 0,
  "threshold": 0.7
}
2025-11-23 02:52:55 [INFO]: 🎯 Retrieved relevant context {
  "conversationId": "1ddea2e9-2446-41e9-b5c0-6d53477867cf",
  "conversationItems": 0,
  "codePatterns": 0,
  "entities": 0
}
2025-11-23 02:52:55 [INFO]: 🤖 Generating AI content {
  "provider": "gemini",
  "mockMode": false,
  "promptLength": 16560,
  "temperature": 0.5,
  "maxTokens": 6000
}
2025-11-23 02:53:28 [INFO]: ✅ AI content generated successfully {
  "responseLength": 9354
}
2025-11-23 02:53:28 [INFO]: ✅ Embedding generated {
  "textLength": 11884,
  "vectorLength": 1536,
  "nonZeroValues": 1430
}
2025-11-23 02:53:28 [INFO]: 🔍 Vector store attempting to store {
  "id": "explanation_1763846608230",
  "vectorType": "object",
  "isArray": true,
  "vectorLength": 1536,
  "expectedDimension": 1536,
  "firstFewValues": [
    0.0029053077322566084,
    0,
    0.008715923196769825,
    0.008715923196769825,
    0.02905307732256608
  ]
}
2025-11-23 02:53:28 [INFO]: 📦 Vector stored {
  "id": "explanation_1763846608230",
  "dimension": 1536,
  "metadata": [
    "entityType",
    "code",
    "language",
    "explanationType",
    "targetAudience",
    "sectionCount",
    "insightCount",
    "createdAt"
  ]
}
2025-11-23 02:53:28 [INFO]: 🔗 Node added to graph {
  "id": "explanation_1763846608230",
  "type": "explanation",
  "propertiesCount": 6
}
2025-11-23 02:53:28 [INFO]: 💾 COBOL entity stored {
  "entityId": "explanation_1763846608230",
  "entityType": "explanation",
  "codeLength": 11884
}
2025-11-23 02:53:28 [INFO]: ✅ Embedding generated {
  "textLength": 11884,
  "vectorLength": 1536,
  "nonZeroValues": 1430
}
2025-11-23 02:53:28 [INFO]: 🔍 Vector store attempting to store {
  "id": "1ddea2e9-2446-41e9-b5c0-6d53477867cf:ExplainerAgent-1763846608239",
  "vectorType": "object",
  "isArray": true,
  "vectorLength": 1536,
  "expectedDimension": 1536,
  "firstFewValues": [
    0.0029053077322566084,
    0,
    0.008715923196769825,
    0.008715923196769825,
    0.02905307732256608
  ]
}
2025-11-23 02:53:28 [INFO]: 📦 Vector stored {
  "id": "1ddea2e9-2446-41e9-b5c0-6d53477867cf:ExplainerAgent-1763846608239",
  "dimension": 1536,
  "metadata": [
    "conversationId",
    "messageId",
    "content",
    "role",
    "type"
  ]
}
2025-11-23 02:53:28 [INFO]: 💬 Conversation context stored {
  "conversationId": "1ddea2e9-2446-41e9-b5c0-6d53477867cf",
  "messageId": "ExplainerAgent-1763846608239",
  "role": "assistant",
  "contentLength": 11884
}
2025-11-23 02:53:28 [INFO]: ✅ ExplainerAgent completed successfully {
  "agent": "ExplainerAgent",
  "confidence": 0.8999999999999999,
  "outputSize": 11884
}
2025-11-23 02:53:28 [INFO]: 🔧 Workflow step: workflow_completed {
  "workflowId": "workflow_1763846476382_smjq38klv",
  "workflowType": "full_modernization",
  "duration": 131867,
  "success": true
}
2025-11-23 02:53:28 [INFO]: Job 1ddea2e9-2446-41e9-b5c0-6d53477867cf: Pipeline completed 
2025-11-23 02:53:28 [INFO]: Job 1ddea2e9-2446-41e9-b5c0-6d53477867cf: Processing completed successfully 
2025-11-23 02:53:28 [INFO]: ✅ Job 1ddea2e9-2446-41e9-b5c0-6d53477867cf completed successfully - processed 2 files 
2025-11-23 03:03:21 [INFO]: 🚀 Initializing AI Modernization Assistant... 
2025-11-23 03:03:21 [INFO]: 🤖 AI Client initialized {
  "provider": "gemini",
  "mockMode": false,
  "hasApiKey": true
}
2025-11-23 03:03:21 [INFO]: ✅ AI system initialized successfully 
2025-11-23 03:03:21 [INFO]: 🌟 AI Modernization Assistant server running on port 3001 
2025-11-23 03:03:21 [INFO]: 📁 Upload directory: D:\mumbaiHack\404-KILLERS\engine\uploads 
2025-11-23 03:03:21 [INFO]: 🔧 Environment: development 
2025-11-23 03:03:21 [INFO]: 🤖 AI Provider: gemini 
2025-11-23 03:03:21 [INFO]: 🔑 API Key configured: true 
2025-11-23 03:05:41 [INFO]: 🚀 Initializing AI Modernization Assistant... 
2025-11-23 03:05:41 [INFO]: 🤖 AI Client initialized {
  "provider": "gemini",
  "mockMode": false,
  "hasApiKey": true
}
2025-11-23 03:05:41 [INFO]: ✅ AI system initialized successfully 
2025-11-23 03:05:41 [INFO]: 🌟 AI Modernization Assistant server running on port 3002 
2025-11-23 03:05:41 [INFO]: 📁 Upload directory: D:\mumbaiHack\404-KILLERS\engine\uploads 
2025-11-23 03:05:41 [INFO]: 🔧 Environment: development 
2025-11-23 03:05:41 [INFO]: 🤖 AI Provider: gemini 
2025-11-23 03:05:41 [INFO]: 🔑 API Key configured: true 
2025-11-23 03:06:07 [INFO]: 📁 File upload received: 2 file(s) 
2025-11-23 03:06:07 [INFO]:   - sample.dat (741 bytes) 
2025-11-23 03:06:07 [INFO]:   - sample.cpy (524 bytes) 
2025-11-23 03:06:07 [INFO]: Job b5a4ff22-53d5-40e3-a8aa-304ec915856b: Starting analysis of 2 files... 
2025-11-23 03:06:07 [INFO]: 📊 File breakdown: 1 .cpy, 1 .dat, 0 other 
2025-11-23 03:06:08 [INFO]: Job b5a4ff22-53d5-40e3-a8aa-304ec915856b: Processing sample.dat... 
2025-11-23 03:06:08 [INFO]: 📄 Starting file chunking {
  "filePath": "files-1763847367666-652651103.dat",
  "maxChunkSize": 4000,
  "overlap": 200,
  "strategy": "auto"
}
2025-11-23 03:06:08 [INFO]: Job b5a4ff22-53d5-40e3-a8aa-304ec915856b: Processing sample.cpy... 
2025-11-23 03:06:08 [INFO]: 📄 Starting file chunking {
  "filePath": "files-1763847367686-643828149.cpy",
  "maxChunkSize": 4000,
  "overlap": 200,
  "strategy": "auto"
}
2025-11-23 03:06:08 [INFO]: Job b5a4ff22-53d5-40e3-a8aa-304ec915856b: Combined 2 chunks from 2 files 
2025-11-23 03:06:08 [INFO]: Job b5a4ff22-53d5-40e3-a8aa-304ec915856b: Starting modernization pipeline... 
2025-11-23 03:06:08 [INFO]: 🔧 Workflow step: workflow_started {
  "workflowId": "workflow_1763847368508_g215tcgbc",
  "workflowType": "full_modernization",
  "input": "object"
}
2025-11-23 03:06:08 [INFO]: 🔧 Workflow step: parse_step {
  "workflowId": "workflow_1763847368508_g215tcgbc"
}
2025-11-23 03:06:08 [INFO]: 🚀 Starting ParserAgent {
  "agent": "ParserAgent",
  "inputSize": 3245
}
2025-11-23 03:06:08 [INFO]: 🤖 Generating AI content {
  "provider": "gemini",
  "mockMode": false,
  "promptLength": 1647,
  "temperature": 0.3,
  "maxTokens": 4000
}
2025-11-23 03:06:31 [INFO]: ✅ AI content generated successfully {
  "responseLength": 2877
}
2025-11-23 03:06:31 [INFO]: ✅ Embedding generated {
  "textLength": 2203,
  "vectorLength": 1536,
  "nonZeroValues": 772
}
2025-11-23 03:06:31 [INFO]: 🔍 Vector store attempting to store {
  "id": "CUSTPROC (Inferred)",
  "vectorType": "object",
  "isArray": true,
  "vectorLength": 1536,
  "expectedDimension": 1536,
  "firstFewValues": [
    0,
    0,
    0.012866060289238916,
    0.012866060289238916,
    0.012866060289238916
  ]
}
2025-11-23 03:06:31 [INFO]: 📦 Vector stored {
  "id": "CUSTPROC (Inferred)",
  "dimension": 1536,
  "metadata": [
    "entityType",
    "code",
    "language",
    "analysisResult",
    "qualityMetrics",
    "lastAnalyzed"
  ]
}
2025-11-23 03:06:31 [INFO]: 🔗 Node added to graph {
  "id": "CUSTPROC (Inferred)",
  "type": "cobol_program",
  "propertiesCount": 5
}
2025-11-23 03:06:31 [INFO]: 💾 COBOL entity stored {
  "entityId": "CUSTPROC (Inferred)",
  "entityType": "program",
  "codeLength": 1331
}
2025-11-23 03:06:31 [ERROR]: ❌ Failed to add edge {
  "fromId": "CUSTPROC (Inferred)",
  "toId": "sample.cpy",
  "relationType": "copy",
  "error": "Source or target node not found: CUSTPROC (Inferred) -> sample.cpy"
}
2025-11-23 03:06:31 [ERROR]: ❌ Failed to store relationship {
  "fromEntity": "CUSTPROC (Inferred)",
  "toEntity": "sample.cpy",
  "relationType": "copy",
  "error": "Source or target node not found: CUSTPROC (Inferred) -> sample.cpy"
}
2025-11-23 03:06:31 [INFO]: ✅ Embedding generated {
  "textLength": 2203,
  "vectorLength": 1536,
  "nonZeroValues": 772
}
2025-11-23 03:06:31 [INFO]: 🔍 Vector store attempting to store {
  "id": "b5a4ff22-53d5-40e3-a8aa-304ec915856b:ParserAgent-1763847391283",
  "vectorType": "object",
  "isArray": true,
  "vectorLength": 1536,
  "expectedDimension": 1536,
  "firstFewValues": [
    0,
    0,
    0.012866060289238916,
    0.012866060289238916,
    0.012866060289238916
  ]
}
2025-11-23 03:06:31 [INFO]: 📦 Vector stored {
  "id": "b5a4ff22-53d5-40e3-a8aa-304ec915856b:ParserAgent-1763847391283",
  "dimension": 1536,
  "metadata": [
    "conversationId",
    "messageId",
    "content",
    "role",
    "type"
  ]
}
2025-11-23 03:06:31 [INFO]: 💬 Conversation context stored {
  "conversationId": "b5a4ff22-53d5-40e3-a8aa-304ec915856b",
  "messageId": "ParserAgent-1763847391283",
  "role": "assistant",
  "contentLength": 2203
}
2025-11-23 03:06:31 [INFO]: ✅ ParserAgent completed successfully {
  "agent": "ParserAgent",
  "confidence": 0.95,
  "outputSize": 2203
}
2025-11-23 03:06:31 [INFO]: 🔧 Workflow step: modernize_step {
  "workflowId": "workflow_1763847368508_g215tcgbc"
}
2025-11-23 03:06:31 [INFO]: 🚀 Starting ModernizerAgent {
  "agent": "ModernizerAgent",
  "inputSize": 3694
}
2025-11-23 03:06:31 [INFO]: ✅ Embedding generated {
  "textLength": 2203,
  "vectorLength": 1536,
  "nonZeroValues": 772
}
2025-11-23 03:06:31 [INFO]: 🔍 Vector store search query {
  "vectorType": "object",
  "isArray": true,
  "vectorLength": 1536,
  "expectedDimension": 1536,
  "firstFewValues": [
    0,
    0,
    0.012866060289238916,
    0.012866060289238916,
    0.012866060289238916
  ]
}
2025-11-23 03:06:31 [INFO]: 🔍 Vector search completed {
  "queryDimension": 1536,
  "totalVectors": 2,
  "resultsFound": 1,
  "threshold": 0.7
}
2025-11-23 03:06:31 [INFO]: 🔍 Vector store search query {
  "vectorType": "object",
  "isArray": true,
  "vectorLength": 1536,
  "expectedDimension": 1536,
  "firstFewValues": [
    0,
    0,
    0.012866060289238916,
    0.012866060289238916,
    0.012866060289238916
  ]
}
2025-11-23 03:06:31 [INFO]: 🔍 Vector search completed {
  "queryDimension": 1536,
  "totalVectors": 2,
  "resultsFound": 0,
  "threshold": 0.7
}
2025-11-23 03:06:31 [INFO]: 🔍 Vector store search query {
  "vectorType": "object",
  "isArray": true,
  "vectorLength": 1536,
  "expectedDimension": 1536,
  "firstFewValues": [
    0,
    0,
    0.012866060289238916,
    0.012866060289238916,
    0.012866060289238916
  ]
}
2025-11-23 03:06:31 [INFO]: 🔍 Vector search completed {
  "queryDimension": 1536,
  "totalVectors": 2,
  "resultsFound": 1,
  "threshold": 0.7
}
2025-11-23 03:06:31 [INFO]: 🎯 Retrieved relevant context {
  "conversationId": "b5a4ff22-53d5-40e3-a8aa-304ec915856b",
  "conversationItems": 1,
  "codePatterns": 0,
  "entities": 1
}
2025-11-23 03:06:31 [INFO]: 🤖 Generating AI content {
  "provider": "gemini",
  "mockMode": false,
  "promptLength": 4779,
  "temperature": 0.4,
  "maxTokens": 6000
}
2025-11-23 03:07:02 [INFO]: ✅ AI content generated successfully {
  "responseLength": 6606
}
2025-11-23 03:07:02 [INFO]: ✅ Embedding generated {
  "textLength": 2572,
  "vectorLength": 1536,
  "nonZeroValues": 738
}
2025-11-23 03:07:02 [INFO]: 🔍 Vector store attempting to store {
  "id": "CUSTPROC (Inferred)_modern_Java",
  "vectorType": "object",
  "isArray": true,
  "vectorLength": 1536,
  "expectedDimension": 1536,
  "firstFewValues": [
    0,
    0,
    0.01885869549202872,
    0.01885869549202872,
    0.00942934774601436
  ]
}
2025-11-23 03:07:02 [INFO]: 📦 Vector stored {
  "id": "CUSTPROC (Inferred)_modern_Java",
  "dimension": 1536,
  "metadata": [
    "entityType",
    "code",
    "language",
    "originalProgram",
    "targetLanguage",
    "targetFramework",
    "modernizationMetrics",
    "migrationPlan",
    "lastModernized"
  ]
}
2025-11-23 03:07:02 [INFO]: 🔗 Node added to graph {
  "id": "CUSTPROC (Inferred)_modern_Java",
  "type": "modernized_program",
  "propertiesCount": 7
}
2025-11-23 03:07:02 [INFO]: 💾 COBOL entity stored {
  "entityId": "CUSTPROC (Inferred)_modern_Java",
  "entityType": "modernized_program",
  "codeLength": 80
}
2025-11-23 03:07:02 [INFO]: ➡️ Edge added to graph {
  "from": "CUSTPROC (Inferred)",
  "to": "CUSTPROC (Inferred)_modern_Java",
  "type": "modernized_to"
}
2025-11-23 03:07:02 [INFO]: 🔗 Relationship stored {
  "from": "CUSTPROC (Inferred)",
  "to": "CUSTPROC (Inferred)_modern_Java",
  "type": "modernized_to"
}
2025-11-23 03:07:02 [INFO]: ✅ Embedding generated {
  "textLength": 2572,
  "vectorLength": 1536,
  "nonZeroValues": 738
}
2025-11-23 03:07:02 [INFO]: 🔍 Vector store attempting to store {
  "id": "b5a4ff22-53d5-40e3-a8aa-304ec915856b:ModernizerAgent-1763847422351",
  "vectorType": "object",
  "isArray": true,
  "vectorLength": 1536,
  "expectedDimension": 1536,
  "firstFewValues": [
    0,
    0,
    0.01885869549202872,
    0.01885869549202872,
    0.00942934774601436
  ]
}
2025-11-23 03:07:02 [INFO]: 📦 Vector stored {
  "id": "b5a4ff22-53d5-40e3-a8aa-304ec915856b:ModernizerAgent-1763847422351",
  "dimension": 1536,
  "metadata": [
    "conversationId",
    "messageId",
    "content",
    "role",
    "type"
  ]
}
2025-11-23 03:07:02 [INFO]: 💬 Conversation context stored {
  "conversationId": "b5a4ff22-53d5-40e3-a8aa-304ec915856b",
  "messageId": "ModernizerAgent-1763847422351",
  "role": "assistant",
  "contentLength": 2572
}
2025-11-23 03:07:02 [INFO]: ✅ ModernizerAgent completed successfully {
  "agent": "ModernizerAgent",
  "confidence": 0.95,
  "outputSize": 2572
}
2025-11-23 03:07:02 [INFO]: 🔧 Workflow step: validate_step {
  "workflowId": "workflow_1763847368508_g215tcgbc"
}
2025-11-23 03:07:02 [INFO]: 🚀 Starting ValidatorAgent {
  "agent": "ValidatorAgent",
  "inputSize": 4865
}
2025-11-23 03:07:02 [INFO]: ✅ Embedding generated {
  "textLength": 2572,
  "vectorLength": 1536,
  "nonZeroValues": 738
}
2025-11-23 03:07:02 [INFO]: 🔍 Vector store search query {
  "vectorType": "object",
  "isArray": true,
  "vectorLength": 1536,
  "expectedDimension": 1536,
  "firstFewValues": [
    0,
    0,
    0.01885869549202872,
    0.01885869549202872,
    0.00942934774601436
  ]
}
2025-11-23 03:07:02 [INFO]: 🔍 Vector search completed {
  "queryDimension": 1536,
  "totalVectors": 4,
  "resultsFound": 1,
  "threshold": 0.7
}
2025-11-23 03:07:02 [INFO]: 🔍 Vector store search query {
  "vectorType": "object",
  "isArray": true,
  "vectorLength": 1536,
  "expectedDimension": 1536,
  "firstFewValues": [
    0,
    0,
    0.01885869549202872,
    0.01885869549202872,
    0.00942934774601436
  ]
}
2025-11-23 03:07:02 [INFO]: 🔍 Vector search completed {
  "queryDimension": 1536,
  "totalVectors": 4,
  "resultsFound": 0,
  "threshold": 0.7
}
2025-11-23 03:07:02 [INFO]: 🔍 Vector store search query {
  "vectorType": "object",
  "isArray": true,
  "vectorLength": 1536,
  "expectedDimension": 1536,
  "firstFewValues": [
    0,
    0,
    0.01885869549202872,
    0.01885869549202872,
    0.00942934774601436
  ]
}
2025-11-23 03:07:02 [INFO]: 🔍 Vector search completed {
  "queryDimension": 1536,
  "totalVectors": 4,
  "resultsFound": 1,
  "threshold": 0.7
}
2025-11-23 03:07:02 [INFO]: 🎯 Retrieved relevant context {
  "conversationId": "b5a4ff22-53d5-40e3-a8aa-304ec915856b",
  "conversationItems": 1,
  "codePatterns": 0,
  "entities": 1
}
2025-11-23 03:07:02 [INFO]: 🤖 Generating AI content {
  "provider": "gemini",
  "mockMode": false,
  "promptLength": 7798,
  "temperature": 0.2,
  "maxTokens": 5000
}
2025-11-23 03:07:33 [INFO]: ✅ AI content generated successfully {
  "responseLength": 7715
}
2025-11-23 03:07:33 [INFO]: ✅ Embedding generated {
  "textLength": 7656,
  "vectorLength": 1536,
  "nonZeroValues": 1340
}
2025-11-23 03:07:33 [INFO]: 🔍 Vector store attempting to store {
  "id": "CUSTPROC (Inferred)_validation_1763847453931",
  "vectorType": "object",
  "isArray": true,
  "vectorLength": 1536,
  "expectedDimension": 1536,
  "firstFewValues": [
    0,
    0.008177787728435177,
    0.004088893864217589,
    0.004088893864217589,
    0.05315562023482865
  ]
}
2025-11-23 03:07:33 [INFO]: 📦 Vector stored {
  "id": "CUSTPROC (Inferred)_validation_1763847453931",
  "dimension": 1536,
  "metadata": [
    "entityType",
    "code",
    "language",
    "originalProgram",
    "overallScore",
    "status",
    "issueCount",
    "validatedAt"
  ]
}
2025-11-23 03:07:33 [INFO]: 🔗 Node added to graph {
  "id": "CUSTPROC (Inferred)_validation_1763847453931",
  "type": "validation_result",
  "propertiesCount": 6
}
2025-11-23 03:07:33 [INFO]: 💾 COBOL entity stored {
  "entityId": "CUSTPROC (Inferred)_validation_1763847453931",
  "entityType": "validation_result",
  "codeLength": 7656
}
2025-11-23 03:07:33 [INFO]: ➡️ Edge added to graph {
  "from": "CUSTPROC (Inferred)_modern_Java",
  "to": "CUSTPROC (Inferred)_validation_1763847453931",
  "type": "validated_by"
}
2025-11-23 03:07:33 [INFO]: 🔗 Relationship stored {
  "from": "CUSTPROC (Inferred)_modern_Java",
  "to": "CUSTPROC (Inferred)_validation_1763847453931",
  "type": "validated_by"
}
2025-11-23 03:07:33 [INFO]: ✅ Embedding generated {
  "textLength": 7656,
  "vectorLength": 1536,
  "nonZeroValues": 1340
}
2025-11-23 03:07:33 [INFO]: 🔍 Vector store attempting to store {
  "id": "b5a4ff22-53d5-40e3-a8aa-304ec915856b:ValidatorAgent-1763847453939",
  "vectorType": "object",
  "isArray": true,
  "vectorLength": 1536,
  "expectedDimension": 1536,
  "firstFewValues": [
    0,
    0.008177787728435177,
    0.004088893864217589,
    0.004088893864217589,
    0.05315562023482865
  ]
}
2025-11-23 03:07:33 [INFO]: 📦 Vector stored {
  "id": "b5a4ff22-53d5-40e3-a8aa-304ec915856b:ValidatorAgent-1763847453939",
  "dimension": 1536,
  "metadata": [
    "conversationId",
    "messageId",
    "content",
    "role",
    "type"
  ]
}
2025-11-23 03:07:33 [INFO]: 💬 Conversation context stored {
  "conversationId": "b5a4ff22-53d5-40e3-a8aa-304ec915856b",
  "messageId": "ValidatorAgent-1763847453939",
  "role": "assistant",
  "contentLength": 7656
}
2025-11-23 03:07:33 [INFO]: ✅ ValidatorAgent completed successfully {
  "agent": "ValidatorAgent",
  "confidence": 0.95,
  "outputSize": 7656
}
2025-11-23 03:07:33 [INFO]: 🔧 Workflow step: validation_concerns {
  "workflowId": "workflow_1763847368508_g215tcgbc",
  "score": 45
}
2025-11-23 03:07:33 [INFO]: 🔧 Workflow step: explain_step {
  "workflowId": "workflow_1763847368508_g215tcgbc"
}
2025-11-23 03:07:33 [INFO]: 🚀 Starting ExplainerAgent {
  "agent": "ExplainerAgent",
  "inputSize": 12584
}
2025-11-23 03:07:33 [INFO]: ✅ Embedding generated {
  "textLength": 12474,
  "vectorLength": 1536,
  "nonZeroValues": 1421
}
2025-11-23 03:07:33 [INFO]: 🔍 Vector store search query {
  "vectorType": "object",
  "isArray": true,
  "vectorLength": 1536,
  "expectedDimension": 1536,
  "firstFewValues": [
    0.030267562172839994,
    0,
    0.011006386244669085,
    0.03577075529517454,
    0.016509579367003632
  ]
}
2025-11-23 03:07:33 [INFO]: 🔍 Vector search completed {
  "queryDimension": 1536,
  "totalVectors": 6,
  "resultsFound": 0,
  "threshold": 0.7
}
2025-11-23 03:07:33 [INFO]: 🔍 Vector store search query {
  "vectorType": "object",
  "isArray": true,
  "vectorLength": 1536,
  "expectedDimension": 1536,
  "firstFewValues": [
    0.030267562172839994,
    0,
    0.011006386244669085,
    0.03577075529517454,
    0.016509579367003632
  ]
}
2025-11-23 03:07:33 [INFO]: 🔍 Vector search completed {
  "queryDimension": 1536,
  "totalVectors": 6,
  "resultsFound": 0,
  "threshold": 0.7
}
2025-11-23 03:07:33 [INFO]: 🔍 Vector store search query {
  "vectorType": "object",
  "isArray": true,
  "vectorLength": 1536,
  "expectedDimension": 1536,
  "firstFewValues": [
    0.030267562172839994,
    0,
    0.011006386244669085,
    0.03577075529517454,
    0.016509579367003632
  ]
}
2025-11-23 03:07:33 [INFO]: 🔍 Vector search completed {
  "queryDimension": 1536,
  "totalVectors": 6,
  "resultsFound": 0,
  "threshold": 0.7
}
2025-11-23 03:07:33 [INFO]: 🎯 Retrieved relevant context {
  "conversationId": "b5a4ff22-53d5-40e3-a8aa-304ec915856b",
  "conversationItems": 0,
  "codePatterns": 0,
  "entities": 0
}
2025-11-23 03:07:33 [INFO]: 🤖 Generating AI content {
  "provider": "gemini",
  "mockMode": false,
  "promptLength": 16672,
  "temperature": 0.5,
  "maxTokens": 6000
}
2025-11-23 03:08:09 [INFO]: ✅ AI content generated successfully {
  "responseLength": 8332
}
2025-11-23 03:08:09 [INFO]: ✅ Embedding generated {
  "textLength": 10772,
  "vectorLength": 1536,
  "nonZeroValues": 1377
}
2025-11-23 03:08:09 [INFO]: 🔍 Vector store attempting to store {
  "id": "explanation_1763847489464",
  "vectorType": "object",
  "isArray": true,
  "vectorLength": 1536,
  "expectedDimension": 1536,
  "firstFewValues": [
    0.0031270466866645985,
    0.012508186746658394,
    0,
    0.015635233433322994,
    0
  ]
}
2025-11-23 03:08:09 [INFO]: 📦 Vector stored {
  "id": "explanation_1763847489464",
  "dimension": 1536,
  "metadata": [
    "entityType",
    "code",
    "language",
    "explanationType",
    "targetAudience",
    "sectionCount",
    "insightCount",
    "createdAt"
  ]
}
2025-11-23 03:08:09 [INFO]: 🔗 Node added to graph {
  "id": "explanation_1763847489464",
  "type": "explanation",
  "propertiesCount": 6
}
2025-11-23 03:08:09 [INFO]: 💾 COBOL entity stored {
  "entityId": "explanation_1763847489464",
  "entityType": "explanation",
  "codeLength": 10772
}
2025-11-23 03:08:09 [INFO]: ✅ Embedding generated {
  "textLength": 10772,
  "vectorLength": 1536,
  "nonZeroValues": 1377
}
2025-11-23 03:08:09 [INFO]: 🔍 Vector store attempting to store {
  "id": "b5a4ff22-53d5-40e3-a8aa-304ec915856b:ExplainerAgent-1763847489479",
  "vectorType": "object",
  "isArray": true,
  "vectorLength": 1536,
  "expectedDimension": 1536,
  "firstFewValues": [
    0.0031270466866645985,
    0.012508186746658394,
    0,
    0.015635233433322994,
    0
  ]
}
2025-11-23 03:08:09 [INFO]: 📦 Vector stored {
  "id": "b5a4ff22-53d5-40e3-a8aa-304ec915856b:ExplainerAgent-1763847489479",
  "dimension": 1536,
  "metadata": [
    "conversationId",
    "messageId",
    "content",
    "role",
    "type"
  ]
}
2025-11-23 03:08:09 [INFO]: 💬 Conversation context stored {
  "conversationId": "b5a4ff22-53d5-40e3-a8aa-304ec915856b",
  "messageId": "ExplainerAgent-1763847489479",
  "role": "assistant",
  "contentLength": 10772
}
2025-11-23 03:08:09 [INFO]: ✅ ExplainerAgent completed successfully {
  "agent": "ExplainerAgent",
  "confidence": 0.8999999999999999,
  "outputSize": 10772
}
2025-11-23 03:08:09 [INFO]: 🔧 Workflow step: workflow_completed {
  "workflowId": "workflow_1763847368508_g215tcgbc",
  "workflowType": "full_modernization",
  "duration": 120977,
  "success": true
}
2025-11-23 03:08:09 [INFO]: Job b5a4ff22-53d5-40e3-a8aa-304ec915856b: Pipeline completed 
2025-11-23 03:08:09 [INFO]: Job b5a4ff22-53d5-40e3-a8aa-304ec915856b: Processing completed successfully 
2025-11-23 03:08:09 [INFO]: ✅ Job b5a4ff22-53d5-40e3-a8aa-304ec915856b completed successfully - processed 2 files 
2025-11-23 03:16:39 [INFO]: 🔄 Received SIGINT, shutting down gracefully... 
2025-11-23 03:16:42 [INFO]: 🚀 Initializing AI Modernization Assistant... 
2025-11-23 03:16:42 [INFO]: 🤖 AI Client initialized {
  "provider": "gemini",
  "mockMode": false,
  "hasApiKey": true
}
2025-11-23 03:16:42 [INFO]: ✅ AI system initialized successfully 
2025-11-23 03:16:42 [INFO]: 🌟 AI Modernization Assistant server running on port 3002 
2025-11-23 03:16:42 [INFO]: 📁 Upload directory: D:\mumbaiHack\404-KILLERS\engine\uploads 
2025-11-23 03:16:42 [INFO]: 🔧 Environment: development 
2025-11-23 03:16:42 [INFO]: 🤖 AI Provider: gemini 
2025-11-23 03:16:42 [INFO]: 🔑 API Key configured: true 
2025-11-23 03:17:09 [INFO]: 📁 File upload received: 2 file(s) 
2025-11-23 03:17:09 [INFO]:   - Acc.dat (556 bytes) 
2025-11-23 03:17:09 [INFO]:   - Acc.cpy (852 bytes) 
2025-11-23 03:17:09 [INFO]: Job 05fc4fae-2074-4ee3-95db-c07a5d93d92d: Starting analysis of 2 files... 
2025-11-23 03:17:09 [INFO]: 📊 File breakdown: 1 .cpy, 1 .dat, 0 other 
2025-11-23 03:17:09 [INFO]: Job 05fc4fae-2074-4ee3-95db-c07a5d93d92d: Processing Acc.dat... 
2025-11-23 03:17:09 [INFO]: 📄 Starting file chunking {
  "filePath": "files-1763848029247-465183453.dat",
  "maxChunkSize": 4000,
  "overlap": 200,
  "strategy": "auto"
}
2025-11-23 03:17:09 [INFO]: Job 05fc4fae-2074-4ee3-95db-c07a5d93d92d: Processing Acc.cpy... 
2025-11-23 03:17:09 [INFO]: 📄 Starting file chunking {
  "filePath": "files-1763848029248-71902048.cpy",
  "maxChunkSize": 4000,
  "overlap": 200,
  "strategy": "auto"
}
2025-11-23 03:17:09 [INFO]: Job 05fc4fae-2074-4ee3-95db-c07a5d93d92d: Combined 2 chunks from 2 files 
2025-11-23 03:17:09 [INFO]: Job 05fc4fae-2074-4ee3-95db-c07a5d93d92d: Starting modernization pipeline... 
2025-11-23 03:17:09 [INFO]: 🔧 Workflow step: workflow_started {
  "workflowId": "workflow_1763848029351_j0517bnzr",
  "workflowType": "full_modernization",
  "input": "object"
}
2025-11-23 03:17:09 [INFO]: 🔧 Workflow step: parse_step {
  "workflowId": "workflow_1763848029351_j0517bnzr"
}
2025-11-23 03:17:09 [INFO]: 🚀 Starting ParserAgent {
  "agent": "ParserAgent",
  "inputSize": 3614
}
2025-11-23 03:17:09 [INFO]: 🤖 Generating AI content {
  "provider": "gemini",
  "mockMode": false,
  "promptLength": 1778,
  "temperature": 0.3,
  "maxTokens": 4000
}
2025-11-23 03:17:30 [INFO]: ✅ AI content generated successfully {
  "responseLength": 2097
}
2025-11-23 03:17:30 [INFO]: ✅ Embedding generated {
  "textLength": 1678,
  "vectorLength": 1536,
  "nonZeroValues": 662
}
2025-11-23 03:17:30 [INFO]: 🔍 Vector store attempting to store {
  "id": "ACCTREC.cpy",
  "vectorType": "object",
  "isArray": true,
  "vectorLength": 1536,
  "expectedDimension": 1536,
  "firstFewValues": [
    0,
    0,
    0,
    0.016095569499491248,
    0.032191138998982495
  ]
}
2025-11-23 03:17:30 [INFO]: 📦 Vector stored {
  "id": "ACCTREC.cpy",
  "dimension": 1536,
  "metadata": [
    "entityType",
    "code",
    "language",
    "analysisResult",
    "qualityMetrics",
    "lastAnalyzed"
  ]
}
2025-11-23 03:17:30 [INFO]: 🔗 Node added to graph {
  "id": "ACCTREC.cpy",
  "type": "cobol_program",
  "propertiesCount": 5
}
2025-11-23 03:17:30 [INFO]: 💾 COBOL entity stored {
  "entityId": "ACCTREC.cpy",
  "entityType": "program",
  "codeLength": 1468
}
2025-11-23 03:17:30 [ERROR]: ❌ Failed to add edge {
  "fromId": "ACCTREC.cpy",
  "toId": "DB2_CONN",
  "relationType": "call",
  "error": "Source or target node not found: ACCTREC.cpy -> DB2_CONN"
}
2025-11-23 03:17:30 [ERROR]: ❌ Failed to store relationship {
  "fromEntity": "ACCTREC.cpy",
  "toEntity": "DB2_CONN",
  "relationType": "call",
  "error": "Source or target node not found: ACCTREC.cpy -> DB2_CONN"
}
2025-11-23 03:17:30 [INFO]: ✅ Embedding generated {
  "textLength": 1678,
  "vectorLength": 1536,
  "nonZeroValues": 662
}
2025-11-23 03:17:30 [INFO]: 🔍 Vector store attempting to store {
  "id": "05fc4fae-2074-4ee3-95db-c07a5d93d92d:ParserAgent-1763848050537",
  "vectorType": "object",
  "isArray": true,
  "vectorLength": 1536,
  "expectedDimension": 1536,
  "firstFewValues": [
    0,
    0,
    0,
    0.016095569499491248,
    0.032191138998982495
  ]
}
2025-11-23 03:17:30 [INFO]: 📦 Vector stored {
  "id": "05fc4fae-2074-4ee3-95db-c07a5d93d92d:ParserAgent-1763848050537",
  "dimension": 1536,
  "metadata": [
    "conversationId",
    "messageId",
    "content",
    "role",
    "type"
  ]
}
2025-11-23 03:17:30 [INFO]: 💬 Conversation context stored {
  "conversationId": "05fc4fae-2074-4ee3-95db-c07a5d93d92d",
  "messageId": "ParserAgent-1763848050537",
  "role": "assistant",
  "contentLength": 1678
}
2025-11-23 03:17:30 [INFO]: ✅ ParserAgent completed successfully {
  "agent": "ParserAgent",
  "confidence": 0.95,
  "outputSize": 1678
}
2025-11-23 03:17:30 [INFO]: 🔧 Workflow step: modernize_step {
  "workflowId": "workflow_1763848029351_j0517bnzr"
}
2025-11-23 03:17:30 [INFO]: 🚀 Starting ModernizerAgent {
  "agent": "ModernizerAgent",
  "inputSize": 3360
}
2025-11-23 03:17:30 [INFO]: ✅ Embedding generated {
  "textLength": 1678,
  "vectorLength": 1536,
  "nonZeroValues": 662
}
2025-11-23 03:17:30 [INFO]: 🔍 Vector store search query {
  "vectorType": "object",
  "isArray": true,
  "vectorLength": 1536,
  "expectedDimension": 1536,
  "firstFewValues": [
    0,
    0,
    0,
    0.016095569499491248,
    0.032191138998982495
  ]
}
2025-11-23 03:17:30 [INFO]: 🔍 Vector search completed {
  "queryDimension": 1536,
  "totalVectors": 10,
  "resultsFound": 1,
  "threshold": 0.7
}
2025-11-23 03:17:30 [INFO]: 🔍 Vector store search query {
  "vectorType": "object",
  "isArray": true,
  "vectorLength": 1536,
  "expectedDimension": 1536,
  "firstFewValues": [
    0,
    0,
    0,
    0.016095569499491248,
    0.032191138998982495
  ]
}
2025-11-23 03:17:30 [INFO]: 🔍 Vector search completed {
  "queryDimension": 1536,
  "totalVectors": 10,
  "resultsFound": 0,
  "threshold": 0.7
}
2025-11-23 03:17:30 [INFO]: 🔍 Vector store search query {
  "vectorType": "object",
  "isArray": true,
  "vectorLength": 1536,
  "expectedDimension": 1536,
  "firstFewValues": [
    0,
    0,
    0,
    0.016095569499491248,
    0.032191138998982495
  ]
}
2025-11-23 03:17:30 [INFO]: 🔍 Vector search completed {
  "queryDimension": 1536,
  "totalVectors": 10,
  "resultsFound": 1,
  "threshold": 0.7
}
2025-11-23 03:17:30 [INFO]: 🎯 Retrieved relevant context {
  "conversationId": "05fc4fae-2074-4ee3-95db-c07a5d93d92d",
  "conversationItems": 1,
  "codePatterns": 0,
  "entities": 1
}
2025-11-23 03:17:30 [INFO]: 🤖 Generating AI content {
  "provider": "gemini",
  "mockMode": false,
  "promptLength": 4330,
  "temperature": 0.4,
  "maxTokens": 6000
}
2025-11-23 03:18:00 [INFO]: ✅ AI content generated successfully {
  "responseLength": 7923
}
2025-11-23 03:18:00 [INFO]: ✅ Embedding generated {
  "textLength": 2572,
  "vectorLength": 1536,
  "nonZeroValues": 737
}
2025-11-23 03:18:00 [INFO]: 🔍 Vector store attempting to store {
  "id": "ACCTREC.cpy_modern_Java",
  "vectorType": "object",
  "isArray": true,
  "vectorLength": 1536,
  "expectedDimension": 1536,
  "firstFewValues": [
    0,
    0,
    0.0188536671769168,
    0.0188536671769168,
    0.0094268335884584
  ]
}
2025-11-23 03:18:00 [INFO]: 📦 Vector stored {
  "id": "ACCTREC.cpy_modern_Java",
  "dimension": 1536,
  "metadata": [
    "entityType",
    "code",
    "language",
    "originalProgram",
    "targetLanguage",
    "targetFramework",
    "modernizationMetrics",
    "migrationPlan",
    "lastModernized"
  ]
}
2025-11-23 03:18:00 [INFO]: 🔗 Node added to graph {
  "id": "ACCTREC.cpy_modern_Java",
  "type": "modernized_program",
  "propertiesCount": 7
}
2025-11-23 03:18:00 [INFO]: 💾 COBOL entity stored {
  "entityId": "ACCTREC.cpy_modern_Java",
  "entityType": "modernized_program",
  "codeLength": 80
}
2025-11-23 03:18:00 [INFO]: ➡️ Edge added to graph {
  "from": "ACCTREC.cpy",
  "to": "ACCTREC.cpy_modern_Java",
  "type": "modernized_to"
}
2025-11-23 03:18:00 [INFO]: 🔗 Relationship stored {
  "from": "ACCTREC.cpy",
  "to": "ACCTREC.cpy_modern_Java",
  "type": "modernized_to"
}
2025-11-23 03:18:00 [INFO]: ✅ Embedding generated {
  "textLength": 2572,
  "vectorLength": 1536,
  "nonZeroValues": 737
}
2025-11-23 03:18:00 [INFO]: 🔍 Vector store attempting to store {
  "id": "05fc4fae-2074-4ee3-95db-c07a5d93d92d:ModernizerAgent-1763848080715",
  "vectorType": "object",
  "isArray": true,
  "vectorLength": 1536,
  "expectedDimension": 1536,
  "firstFewValues": [
    0,
    0,
    0.0188536671769168,
    0.0188536671769168,
    0.0094268335884584
  ]
}
2025-11-23 03:18:00 [INFO]: 📦 Vector stored {
  "id": "05fc4fae-2074-4ee3-95db-c07a5d93d92d:ModernizerAgent-1763848080715",
  "dimension": 1536,
  "metadata": [
    "conversationId",
    "messageId",
    "content",
    "role",
    "type"
  ]
}
2025-11-23 03:18:00 [INFO]: 💬 Conversation context stored {
  "conversationId": "05fc4fae-2074-4ee3-95db-c07a5d93d92d",
  "messageId": "ModernizerAgent-1763848080715",
  "role": "assistant",
  "contentLength": 2572
}
2025-11-23 03:18:00 [INFO]: ✅ ModernizerAgent completed successfully {
  "agent": "ModernizerAgent",
  "confidence": 0.95,
  "outputSize": 2572
}
2025-11-23 03:18:00 [INFO]: 🔧 Workflow step: validate_step {
  "workflowId": "workflow_1763848029351_j0517bnzr"
}
2025-11-23 03:18:00 [INFO]: 🚀 Starting ValidatorAgent {
  "agent": "ValidatorAgent",
  "inputSize": 4340
}
2025-11-23 03:18:00 [INFO]: ✅ Embedding generated {
  "textLength": 2572,
  "vectorLength": 1536,
  "nonZeroValues": 737
}
2025-11-23 03:18:00 [INFO]: 🔍 Vector store search query {
  "vectorType": "object",
  "isArray": true,
  "vectorLength": 1536,
  "expectedDimension": 1536,
  "firstFewValues": [
    0,
    0,
    0.0188536671769168,
    0.0188536671769168,
    0.0094268335884584
  ]
}
2025-11-23 03:18:00 [INFO]: 🔍 Vector search completed {
  "queryDimension": 1536,
  "totalVectors": 12,
  "resultsFound": 1,
  "threshold": 0.7
}
2025-11-23 03:18:00 [INFO]: 🔍 Vector store search query {
  "vectorType": "object",
  "isArray": true,
  "vectorLength": 1536,
  "expectedDimension": 1536,
  "firstFewValues": [
    0,
    0,
    0.0188536671769168,
    0.0188536671769168,
    0.0094268335884584
  ]
}
2025-11-23 03:18:00 [INFO]: 🔍 Vector search completed {
  "queryDimension": 1536,
  "totalVectors": 12,
  "resultsFound": 0,
  "threshold": 0.7
}
2025-11-23 03:18:00 [INFO]: 🔍 Vector store search query {
  "vectorType": "object",
  "isArray": true,
  "vectorLength": 1536,
  "expectedDimension": 1536,
  "firstFewValues": [
    0,
    0,
    0.0188536671769168,
    0.0188536671769168,
    0.0094268335884584
  ]
}
2025-11-23 03:18:00 [INFO]: 🔍 Vector search completed {
  "queryDimension": 1536,
  "totalVectors": 12,
  "resultsFound": 1,
  "threshold": 0.7
}
2025-11-23 03:18:00 [INFO]: 🎯 Retrieved relevant context {
  "conversationId": "05fc4fae-2074-4ee3-95db-c07a5d93d92d",
  "conversationItems": 1,
  "codePatterns": 0,
  "entities": 1
}
2025-11-23 03:18:00 [INFO]: 🤖 Generating AI content {
  "provider": "gemini",
  "mockMode": false,
  "promptLength": 7212,
  "temperature": 0.2,
  "maxTokens": 5000
}
2025-11-23 03:21:11 [INFO]: 🚀 Initializing AI Modernization Assistant... 
2025-11-23 03:21:11 [INFO]: 🤖 AI Client initialized {
  "provider": "gemini",
  "mockMode": false,
  "hasApiKey": true
}
2025-11-23 03:21:11 [INFO]: ✅ AI system initialized successfully 
2025-11-23 03:21:12 [INFO]: 🌟 AI Modernization Assistant server running on port 3002 
2025-11-23 03:21:12 [INFO]: 📁 Upload directory: D:\mumbaiHack\404-KILLERS\engine\uploads 
2025-11-23 03:21:12 [INFO]: 🔧 Environment: development 
2025-11-23 03:21:12 [INFO]: 🤖 AI Provider: gemini 
2025-11-23 03:21:12 [INFO]: 🔑 API Key configured: true 
2025-11-23 03:30:09 [INFO]: 🔄 Received SIGINT, shutting down gracefully... 
2025-11-23 03:32:53 [INFO]: 🚀 Initializing AI Modernization Assistant... 
2025-11-23 03:32:53 [INFO]: 🤖 AI Client initialized {
  "provider": "gemini",
  "mockMode": false,
  "hasApiKey": true
}
2025-11-23 03:32:53 [INFO]: ✅ AI system initialized successfully 
2025-11-23 03:32:53 [INFO]: 🌟 AI Modernization Assistant server running on port 3002 
2025-11-23 03:32:53 [INFO]: 📁 Upload directory: D:\mumbaiHack\404-KILLERS\engine\uploads 
2025-11-23 03:32:53 [INFO]: 🔧 Environment: development 
2025-11-23 03:32:53 [INFO]: 🤖 AI Provider: gemini 
2025-11-23 03:32:53 [INFO]: 🔑 API Key configured: true 
2025-11-25 23:04:51 [INFO]: 🚀 Initializing AI Modernization Assistant... 
2025-11-25 23:04:51 [INFO]: 🤖 AI Client initialized {
  "provider": "gemini",
  "mockMode": false,
  "hasApiKey": true
}
2025-11-25 23:04:51 [INFO]: ✅ AI system initialized successfully 
2025-11-25 23:04:51 [INFO]: 🌟 AI Modernization Assistant server running on port 3001 
2025-11-25 23:04:51 [INFO]: 📁 Upload directory: D:\mumbaiHack\404-KILLERS\engine\uploads 
2025-11-25 23:04:51 [INFO]: 🔧 Environment: development 
2025-11-25 23:04:51 [INFO]: 🤖 AI Provider: gemini 
2025-11-25 23:04:51 [INFO]: 🔑 API Key configured: true 
2025-11-25 23:14:05 [INFO]: 🚀 Initializing AI Modernization Assistant... 
2025-11-25 23:14:05 [INFO]: 🤖 AI Client initialized {
  "provider": "gemini",
  "mockMode": false,
  "hasApiKey": true
}
2025-11-25 23:14:06 [INFO]: ✅ AI system initialized successfully 
2025-11-25 23:14:06 [INFO]: 🌟 AI Modernization Assistant server running on port 3001 
2025-11-25 23:14:06 [INFO]: 📁 Upload directory: D:\mumbaiHack\404-KILLERS\engine\uploads 
2025-11-25 23:14:06 [INFO]: 🔧 Environment: development 
2025-11-25 23:14:06 [INFO]: 🤖 AI Provider: gemini 
2025-11-25 23:14:06 [INFO]: 🔑 API Key configured: true 
2025-11-26 00:56:36 [INFO]: 🤖 AI Client initialized {
  "provider": "gemini",
  "mockMode": false,
  "hasApiKey": true
}
2025-11-26 01:02:54 [INFO]: 🤖 AI Client initialized {
  "provider": "gemini",
  "mockMode": false,
  "hasApiKey": true
}
2025-11-26 01:04:19 [INFO]: 🤖 Generating AI content {
  "provider": "gemini",
  "mockMode": false,
  "promptLength": 2491,
  "temperature": 0.2,
  "maxTokens": 4000
}
2025-11-26 01:04:52 [ERROR]: ❌ AI generation failed {
  "error": "API call failed: Invalid response from Gemini API"
}
2025-11-26 01:04:52 [WARN]: 🔄 Falling back to mock response due to API failure 
2025-11-26 01:04:53 [INFO]: 🎭 Generating mock response {
  "promptType": "parser",
  "promptLength": 2491
}
2025-11-26 01:04:53 [INFO]: 🤖 Generating AI content {
  "provider": "gemini",
  "mockMode": false,
  "promptLength": 1481,
  "temperature": 0.2,
  "maxTokens": 4000
}
2025-11-26 01:05:12 [INFO]: ✅ AI content generated successfully {
  "responseLength": 605
}
2025-11-26 01:13:52 [INFO]: 🤖 Generating AI content {
  "provider": "gemini",
  "mockMode": false,
  "promptLength": 3176,
  "temperature": 0.2,
  "maxTokens": 4000
}
2025-11-26 01:13:54 [ERROR]: ❌ AI generation failed {
  "error": "Service Unavailable (503): Gemini API temporarily unavailable - Service Unavailable"
}
2025-11-26 01:13:54 [WARN]: 🔄 Falling back to mock response due to API failure 
2025-11-26 01:13:56 [INFO]: 🎭 Generating mock response {
  "promptType": "parser",
  "promptLength": 3176
}
2025-11-26 01:13:57 [INFO]: 🤖 Generating AI content {
  "provider": "gemini",
  "mockMode": false,
  "promptLength": 2006,
  "temperature": 0.2,
  "maxTokens": 4000
}
2025-11-26 01:14:20 [INFO]: ✅ AI content generated successfully {
  "responseLength": 755
}
2025-11-26 01:18:02 [INFO]: 🤖 AI Client initialized {
  "provider": "gemini",
  "mockMode": false,
  "hasApiKey": true
}
2025-11-26 01:18:11 [INFO]: 🚀 Initializing AI Modernization Assistant... 
2025-11-26 01:18:11 [INFO]: 🤖 AI Client initialized {
  "provider": "gemini",
  "mockMode": false,
  "hasApiKey": true
}
2025-11-26 01:18:11 [INFO]: ✅ AI system initialized successfully 
2025-11-26 01:18:11 [INFO]: 🌟 AI Modernization Assistant server running on port 3001 
2025-11-26 01:18:11 [INFO]: 📁 Upload directory: D:\mumbaiHack\404-KILLERS\engine\uploads 
2025-11-26 01:18:11 [INFO]: 🔧 Environment: development 
2025-11-26 01:18:11 [INFO]: 🤖 AI Provider: gemini 
2025-11-26 01:18:11 [INFO]: 🔑 API Key configured: true 
2025-11-26 01:18:49 [INFO]: 🤖 Generating AI content {
  "provider": "gemini",
  "mockMode": false,
  "promptLength": 3176,
  "temperature": 0.2,
  "maxTokens": 4000
}
2025-11-26 01:18:52 [ERROR]: ❌ AI generation failed {
  "error": "Service Unavailable (503): Gemini API temporarily unavailable - Service Unavailable"
}
2025-11-26 01:18:52 [WARN]: 🔄 Falling back to mock response due to API failure 
2025-11-26 01:18:52 [INFO]: 🎭 Generating mock response {
  "promptType": "parser",
  "promptLength": 3176
}
2025-11-26 01:18:53 [INFO]: 🤖 Generating AI content {
  "provider": "gemini",
  "mockMode": false,
  "promptLength": 2006,
  "temperature": 0.2,
  "maxTokens": 4000
}
2025-11-26 01:19:21 [INFO]: ✅ AI content generated successfully {
  "responseLength": 591
}
2025-11-26 01:21:33 [INFO]: 🤖 AI Client initialized {
  "provider": "gemini",
  "mockMode": false,
  "hasApiKey": true
}
2025-11-26 01:22:19 [INFO]: 🤖 Generating AI content {
  "provider": "gemini",
  "mockMode": false,
  "promptLength": 2491,
  "temperature": 0.2,
  "maxTokens": 4000
}
2025-11-26 01:22:53 [INFO]: ✅ AI content generated successfully {
  "responseLength": 1304
}
2025-11-26 01:26:25 [INFO]: 🤖 AI Client initialized {
  "provider": "gemini",
  "mockMode": false,
  "hasApiKey": true
}
2025-11-26 01:28:08 [INFO]: 🤖 Generating AI content {
  "provider": "gemini",
  "mockMode": false,
  "promptLength": 3339,
  "temperature": 0.2,
  "maxTokens": 8192
}
2025-11-26 01:29:10 [INFO]: ✅ AI content generated successfully {
  "responseLength": 4239
}
2025-11-26 01:29:10 [INFO]: 🤖 Generating AI content {
  "provider": "gemini",
  "mockMode": false,
  "promptLength": 2006,
  "temperature": 0.2,
  "maxTokens": 4000
}
2025-11-26 01:29:31 [INFO]: ✅ AI content generated successfully {
  "responseLength": 617
}
2025-11-26 01:37:37 [INFO]: 🤖 Generating AI content {
  "provider": "gemini",
  "mockMode": false,
  "promptLength": 3339,
  "temperature": 0.2,
  "maxTokens": 8192
}
2025-11-26 01:38:38 [INFO]: ✅ AI content generated successfully {
  "responseLength": 4085
}
2025-11-26 01:38:40 [INFO]: 🤖 Generating AI content {
  "provider": "gemini",
  "mockMode": false,
  "promptLength": 2006,
  "temperature": 0.2,
  "maxTokens": 4000
}
2025-11-26 01:39:01 [INFO]: ✅ AI content generated successfully {
  "responseLength": 623
}
2025-11-26 01:40:28 [INFO]: 🔄 Received SIGINT, shutting down gracefully... 
